post_id,creator_id,creator_name,platform,published_at,format,is_sponsored,campaign_id,custo_total,views,likes,shares,comments,source_system,extracted_at
P000000,CR0039,creator_ficticio_039,TikTok,2026-06-10T13:31:00-03:00,imagem,False,,,1697,87,7,21,api_da_plataforma_ficticia,2026-09-01T08:00:00-03:00
P000001,CR0063,creator_ficticio_063,Instagram,2026-06-29T17:43:00-03:00,carrossel,True,CRM-00019,1200.0,154,1,0,0,api_da_plataforma_ficticia,2026-09-01T08:00:00-03:00
P000002,CR0019,creator_ficticio_019,YouTube,2026-07-17T07:57:00-03:00,video,True,CRM-00008,500.0,143,8,1,2,api_da_plataforma_ficticia,2026-09-01T08:00:00-03:00
P000003,CR0027,creator_ficticio_027,YouTube,2026-07-23T23:31:00-03:00,carrossel,False,,,24789,1457,186,192,api_da_plataforma_ficticia,2026-09-01T08:00:00-03:00
P000004,CR0099,creator_ficticio_099,YouTube,2026-08-24T11:59:00-03:00,video,True,CRM-00056,15000.0,599,46,6,8,api_da_plataforma_ficticia,2026-09-01T08:00:00-03:00
P000005,CR0113,creator_ficticio_113,YouTube,2026-08-20T09:34:00-03:00,imagem,True,CRM-00005,1200.0,207,12,1,1,api_da_plataforma_ficticia,2026-09-01T08:00:00-03:00
P000006,CR0129,creator_ficticio_129,TikTok,2026-08-03T01:58:00-03:00,video,False,,,2999,143,14,26,api_da_plataforma_ficticia,2026-09-01T08:00:00-03:00
P000007,CR0083,creator_ficticio_083,TikTok,2026-07-09T22:31:00-03:00,carrossel,False,,,853,16,0,3,api_da_plataforma_ficticia,2026-09-01T08:00:00-03:00
P000008,CR0041,creator_ficticio_041,YouTube,2026-07-11T06:27:00-03:00,video,False,,,697,19,5,5,api_da_plataforma_ficticia,2026-09-01T08:00:00-03:00
P000009,CR0065,creator_ficticio_065,YouTube,2026-07-30T06:17:00-03:00,imagem,False,,,31771,3292,431,426,api_da_plataforma_ficticia,2026-09-01T08:00:00-03:00
P000010,CR0023,creator_ficticio_023,TikTok,2026-07-02T05:31:00-03:00,imagem,True,CRM-00033,500.0,2529,66,12,7,api_da_plataforma_ficticia,2026-09-01T08:00:00-03:00
P000011,CR0036,creator_ficticio_036,TikTok,2026-08-25T17:50:00-03:00,video,True,CRM-00003,500.0,19924,985,134,120,api_da_plataforma_ficticia,2026-09-01T08:00:00-03:00
P000012,CR0072,creator_ficticio_072,TikTok,2026-08-18T03:24:00-03:00,video,False,,,174488,7673,905,927,api_da_plataforma_ficticia,2026-09-01T08:00:00-03:00
P000013,CR0117,creator_ficticio_117,TikTok,2026-08-29T18:48:00-03:00,imagem,False,,,11970,174,25,13,api_da_plataforma_ficticia,2026-09-01T08:00:00-03:00
P000014,CR0038,creator_ficticio_038,TikTok,2026-07-25T06:01:00-03:00,video,False,,,1031,31,3,2,api_da_plataforma_ficticia,2026-09-01T08:00:00-03:00
P000015,CR0054,creator_ficticio_054,Instagram,2026-07-14T10:27:00-03:00,video,False,,,8645,505,73,79,api_da_plataforma_ficticia,2026-09-01T08:00:00-03:00
P000016,CR0005,creator_ficticio_005,TikTok,2026-08-29T07:51:00-03:00,carrossel,True,CRM-00011,500.0,1599,68,5,8,api_da_plataforma_ficticia,2026-09-01T08:00:00-03:00
P000017,CR0006,creator_ficticio_006,YouTube,2026-08-17T09:29:00-03:00,video,False,,,12656,461,61,65,api_da_plataforma_ficticia,2026-09-01T08:00:00-03:00
P000018,CR0081,creator_ficticio_081,TikTok,2026-08-05T22:07:00-03:00,video,False,,,1937,80,9,4,api_da_plataforma_ficticia,2026-09-01T08:00:00-03:00
P000019,CR0144,creator_ficticio_144,TikTok,2026-08-27T19:00:00-03:00,carrossel,True,CRM-00047,1200.0,256,8,0,0,api_da_plataforma_ficticia,2026-09-01T08:00:00-03:00
P000020,CR0086,creator_ficticio_086,Instagram,2026-06-08T09:38:00-03:00,imagem,True,CRM-00040,500.0,2155,424,41,40,api_da_plataforma_ficticia,2026-09-01T08:00:00-03:00
P000021,CR0004,creator_ficticio_004,YouTube,2026-06-04T03:44:00-03:00,video,False,,,1395,92,11,14,api_da_plataforma_ficticia,2026-09-01T08:00:00-03:00
P000022,CR0086,creator_ficticio_086,YouTube,2026-06-29T13:35:00-03:00,imagem,True,CRM-00040,1200.0,436,15,3,1,api_da_plataforma_ficticia,2026-09-01T08:00:00-03:00
P000023,CR0018,creator_ficticio_018,Instagram,2026-08-06T02:41:00-03:00,imagem,False,,,2126,69,10,10,api_da_plataforma_ficticia,2026-09-01T08:00:00-03:00
P000024,CR0103,creator_ficticio_103,Instagram,2026-08-13T05:16:00-03:00,video,False,,,2249,109,10,19,api_da_plataforma_ficticia,2026-09-01T08:00:00-03:00
P000025,CR0069,creator_ficticio_069,TikTok,2026-06-07T05:25:00-03:00,imagem,False,,,19453,333,39,45,api_da_plataforma_ficticia,2026-09-01T08:00:00-03:00
P000026,CR0054,creator_ficticio_054,TikTok,2026-07-23T10:47:00-03:00,carrossel,False,,,373,1,1,3,api_da_plataforma_ficticia,2026-09-01T08:00:00-03:00
P000027,CR0031,creator_ficticio_031,Instagram,2026-06-29T09:26:00-03:00,imagem,True,CRM-00025,15000.0,28023,729,100,91,api_da_plataforma_ficticia,2026-09-01T08:00:00-03:00
P000028,CR0026,creator_ficticio_026,YouTube,2026-06-30T16:07:00-03:00,video,False,,,2189,44,3,8,api_da_plataforma_ficticia,2026-09-01T08:00:00-03:00
P000029,CR0050,creator_ficticio_050,YouTube,2026-06-10T13:53:00-03:00,carrossel,False,,,36188,1635,207,209,api_da_plataforma_ficticia,2026-09-01T08:00:00-03:00
P000030,CR0067,creator_ficticio_067,YouTube,2026-06-03T01:31:00-03:00,carrossel,True,CRM-00052,500.0,506,30,4,5,api_da_plataforma_ficticia,2026-09-01T08:00:00-03:00
P000031,CR0085,creator_ficticio_085,YouTube,2026-07-28T17:54:00-03:00,video,True,CRM-00005,3000.0,19844,1182,167,124,api_da_plataforma_ficticia,2026-09-01T08:00:00-03:00
P000032,CR0103,creator_ficticio_103,Instagram,2026-08-01T20:51:00-03:00,video,True,CRM-00039,500.0,419,14,3,4,api_da_plataforma_ficticia,2026-09-01T08:00:00-03:00
P000033,CR0143,creator_ficticio_143,YouTube,2026-08-13T10:34:00-03:00,carrossel,True,CRM-00056,500.0,36154,3045,363,369,api_da_plataforma_ficticia,2026-09-01T08:00:00-03:00
P000034,CR0004,creator_ficticio_004,TikTok,2026-06-17T14:47:00-03:00,carrossel,False,,,11933,45,6,6,api_da_plataforma_ficticia,2026-09-01T08:00:00-03:00
P000035,CR0140,creator_ficticio_140,YouTube,2026-07-23T04:35:00-03:00,imagem,False,,,195826,18106,2312,2197,api_da_plataforma_ficticia,2026-09-01T08:00:00-03:00
P000036,CR0084,creator_ficticio_084,TikTok,2026-07-16T16:23:00-03:00,video,True,CRM-00029,1200.0,570,7,1,0,api_da_plataforma_ficticia,2026-09-01T08:00:00-03:00
P000037,CR0011,creator_ficticio_011,Instagram,2026-06-24T18:48:00-03:00,imagem,False,,,18583,727,83,121,api_da_plataforma_ficticia,2026-09-01T08:00:00-03:00
P000038,CR0130,creator_ficticio_130,YouTube,2026-07-24T20:29:00-03:00,video,False,,,23,1,0,0,api_da_plataforma_ficticia,2026-09-01T08:00:00-03:00
P000039,CR0127,creator_ficticio_127,Instagram,2026-06-03T04:38:00-03:00,video,False,,,37573,773,89,117,api_da_plataforma_ficticia,2026-09-01T08:00:00-03:00
P000040,CR0043,creator_ficticio_043,YouTube,2026-07-25T00:58:00-03:00,video,False,,,3427,28,2,5,api_da_plataforma_ficticia,2026-09-01T08:00:00-03:00
P000041,CR0025,creator_ficticio_025,Instagram,2026-06-30T19:47:00-03:00,carrossel,False,,,36119,1556,214,211,api_da_plataforma_ficticia,2026-09-01T08:00:00-03:00
P000042,CR0045,creator_ficticio_045,TikTok,2026-07-12T05:22:00-03:00,carrossel,False,,,13100,829,100,118,api_da_plataforma_ficticia,2026-09-01T08:00:00-03:00
P000043,CR0121,creator_ficticio_121,YouTube,2026-06-08T21:52:00-03:00,carrossel,False,,,1770,66,12,9,api_da_plataforma_ficticia,2026-09-01T08:00:00-03:00
P000044,CR0137,creator_ficticio_137,YouTube,2026-06-28T19:05:00-03:00,video,True,CRM-00035,500.0,7607,482,67,50,api_da_plataforma_ficticia,2026-09-01T08:00:00-03:00
P000045,CR0044,creator_ficticio_044,Instagram,2026-07-31T05:42:00-03:00,video,True,CRM-00023,3000.0,13295,678,83,88,api_da_plataforma_ficticia,2026-09-01T08:00:00-03:00
P000046,CR0071,creator_ficticio_071,YouTube,2026-07-13T04:00:00-03:00,imagem,False,,,370,12,1,0,api_da_plataforma_ficticia,2026-09-01T08:00:00-03:00
P000047,CR0107,creator_ficticio_107,Instagram,2026-06-06T04:56:00-03:00,video,True,CRM-00004,500.0,531,17,3,2,api_da_plataforma_ficticia,2026-09-01T08:00:00-03:00
P000048,CR0027,creator_ficticio_027,YouTube,2026-06-26T18:29:00-03:00,carrossel,False,,,12691,293,47,41,api_da_plataforma_ficticia,2026-09-01T08:00:00-03:00
P000049,CR0107,creator_ficticio_107,YouTube,2026-08-03T19:27:00-03:00,carrossel,False,,,2029,36,5,1,api_da_plataforma_ficticia,2026-09-01T08:00:00-03:00
P000050,CR0033,creator_ficticio_033,TikTok,2026-08-23T03:16:00-03:00,video,False,,,33086,1024,113,132,api_da_plataforma_ficticia,2026-09-01T08:00:00-03:00
P000051,CR0127,creator_ficticio_127,Instagram,2026-08-09T17:19:00-03:00,video,False,,,22745,1304,162,162,api_da_plataforma_ficticia,2026-09-01T08:00:00-03:00
P000052,CR0020,creator_ficticio_020,YouTube,2026-08-24T19:28:00-03:00,imagem,False,,,5293,440,47,55,api_da_plataforma_ficticia,2026-09-01T08:00:00-03:00
P000053,CR0146,creator_ficticio_146,Instagram,2026-07-11T00:55:00-03:00,video,False,,,7020,214,33,37,api_da_plataforma_ficticia,2026-09-01T08:00:00-03:00
P000054,CR0108,creator_ficticio_108,YouTube,2026-08-05T20:28:00-03:00,video,True,CRM-00024,1200.0,2356,39,4,1,api_da_plataforma_ficticia,2026-09-01T08:00:00-03:00
P000055,CR0041,creator_ficticio_041,YouTube,2026-06-10T04:49:00-03:00,imagem,True,CRM-00025,3000.0,898,23,1,2,api_da_plataforma_ficticia,2026-09-01T08:00:00-03:00
P000056,CR0121,creator_ficticio_121,TikTok,2026-08-24T08:07:00-03:00,video,False,,,10500,259,24,37,api_da_plataforma_ficticia,2026-09-01T08:00:00-03:00
P000057,CR0094,creator_ficticio_094,TikTok,2026-07-04T05:53:00-03:00,video,False,,,180,21,2,6,api_da_plataforma_ficticia,2026-09-01T08:00:00-03:00
P000058,CR0071,creator_ficticio_071,TikTok,2026-08-22T01:06:00-03:00,video,True,CRM-00006,15000.0,373,22,7,4,api_da_plataforma_ficticia,2026-09-01T08:00:00-03:00
P000059,CR0110,creator_ficticio_110,Instagram,2026-06-30T00:38:00-03:00,video,True,CRM-00041,1200.0,1015,26,3,4,api_da_plataforma_ficticia,2026-09-01T08:00:00-03:00
P000060,CR0103,creator_ficticio_103,TikTok,2026-06-19T00:23:00-03:00,carrossel,True,CRM-00051,3000.0,26410,1328,166,169,api_da_plataforma_ficticia,2026-09-01T08:00:00-03:00
P000061,CR0011,creator_ficticio_011,YouTube,2026-08-20T15:39:00-03:00,video,True,CRM-00032,500.0,1937,243,38,32,api_da_plataforma_ficticia,2026-09-01T08:00:00-03:00
P000062,CR0034,creator_ficticio_034,YouTube,2026-06-15T05:13:00-03:00,carrossel,False,,,1681,61,10,7,api_da_plataforma_ficticia,2026-09-01T08:00:00-03:00
P000063,CR0099,creator_ficticio_099,TikTok,2026-06-15T04:34:00-03:00,video,True,CRM-00032,3000.0,3662,269,20,23,api_da_plataforma_ficticia,2026-09-01T08:00:00-03:00
P000064,CR0060,creator_ficticio_060,TikTok,2026-06-12T01:00:00-03:00,imagem,False,,,96,3,2,1,api_da_plataforma_ficticia,2026-09-01T08:00:00-03:00
P000065,CR0048,creator_ficticio_048,Instagram,2026-06-01T22:17:00-03:00,imagem,True,CRM-00017,1200.0,28650,3101,413,399,api_da_plataforma_ficticia,2026-09-01T08:00:00-03:00
P000066,CR0081,creator_ficticio_081,Instagram,2026-08-12T06:48:00-03:00,video,False,,,95,9,1,3,api_da_plataforma_ficticia,2026-09-01T08:00:00-03:00
P000067,CR0024,creator_ficticio_024,YouTube,2026-06-15T09:58:00-03:00,carrossel,False,,,17668,733,111,91,api_da_plataforma_ficticia,2026-09-01T08:00:00-03:00
P000068,CR0147,creator_ficticio_147,TikTok,2026-08-20T22:40:00-03:00,video,False,,,4790,183,26,28,api_da_plataforma_ficticia,2026-09-01T08:00:00-03:00
P000069,CR0082,creator_ficticio_082,YouTube,2026-06-29T21:03:00-03:00,imagem,True,CRM-00014,1200.0,1765,75,16,4,api_da_plataforma_ficticia,2026-09-01T08:00:00-03:00
P000070,CR0001,creator_ficticio_001,Instagram,2026-06-21T05:51:00-03:00,video,True,CRM-00046,15000.0,3464,201,16,25,api_da_plataforma_ficticia,2026-09-01T08:00:00-03:00
P000071,CR0069,creator_ficticio_069,YouTube,2026-07-24T05:15:00-03:00,video,True,CRM-00002,15000.0,4664,68,11,9,api_da_plataforma_ficticia,2026-09-01T08:00:00-03:00
P000072,CR0111,creator_ficticio_111,TikTok,2026-08-19T06:07:00-03:00,video,True,CRM-00024,1200.0,229,10,2,2,api_da_plataforma_ficticia,2026-09-01T08:00:00-03:00
P000073,CR0086,creator_ficticio_086,Instagram,2026-08-24T20:47:00-03:00,video,True,CRM-00016,500.0,468,39,9,4,api_da_plataforma_ficticia,2026-09-01T08:00:00-03:00
P000074,CR0076,creator_ficticio_076,YouTube,2026-06-24T11:03:00-03:00,video,False,,,3695,44,6,9,api_da_plataforma_ficticia,2026-09-01T08:00:00-03:00
P000075,CR0096,creator_ficticio_096,TikTok,2026-07-07T03:15:00-03:00,imagem,False,,,17901,1249,169,155,api_da_plataforma_ficticia,2026-09-01T08:00:00-03:00
P000076,CR0003,creator_ficticio_003,Instagram,2026-08-21T22:18:00-03:00,video,False,,,41675,1578,184,210,api_da_plataforma_ficticia,2026-09-01T08:00:00-03:00
P000077,CR0074,creator_ficticio_074,TikTok,2026-06-29T02:30:00-03:00,video,True,CRM-00048,3000.0,19376,1633,206,217,api_da_plataforma_ficticia,2026-09-01T08:00:00-03:00
P000078,CR0060,creator_ficticio_060,YouTube,2026-07-25T18:41:00-03:00,video,False,,,508,52,7,6,api_da_plataforma_ficticia,2026-09-01T08:00:00-03:00
P000079,CR0135,creator_ficticio_135,Instagram,2026-07-04T09:27:00-03:00,carrossel,False,,,26916,2107,269,243,api_da_plataforma_ficticia,2026-09-01T08:00:00-03:00
P000080,CR0087,creator_ficticio_087,YouTube,2026-06-04T22:13:00-03:00,imagem,False,,,557,22,3,2,api_da_plataforma_ficticia,2026-09-01T08:00:00-03:00
P000081,CR0026,creator_ficticio_026,TikTok,2026-08-10T04:10:00-03:00,carrossel,False,,,3913,183,18,16,api_da_plataforma_ficticia,2026-09-01T08:00:00-03:00
P000082,CR0128,creator_ficticio_128,Instagram,2026-06-08T11:48:00-03:00,video,False,,,17650,169,26,22,api_da_plataforma_ficticia,2026-09-01T08:00:00-03:00
P000083,CR0043,creator_ficticio_043,Instagram,2026-07-17T11:11:00-03:00,video,False,,,6223,226,35,31,api_da_plataforma_ficticia,2026-09-01T08:00:00-03:00
P000084,CR0149,creator_ficticio_149,Instagram,2026-07-18T16:42:00-03:00,video,True,CRM-00027,500.0,10601,1075,161,126,api_da_plataforma_ficticia,2026-09-01T08:00:00-03:00
P000085,CR0053,creator_ficticio_053,YouTube,2026-06-25T05:10:00-03:00,imagem,False,,,32340,638,70,76,api_da_plataforma_ficticia,2026-09-01T08:00:00-03:00
P000086,CR0127,creator_ficticio_127,YouTube,2026-06-22T08:01:00-03:00,carrossel,False,,,25830,1098,138,130,api_da_plataforma_ficticia,2026-09-01T08:00:00-03:00
P000087,CR0116,creator_ficticio_116,Instagram,2026-08-21T03:18:00-03:00,video,True,CRM-00041,3000.0,61,1,0,1,api_da_plataforma_ficticia,2026-09-01T08:00:00-03:00
P000088,CR0108,creator_ficticio_108,TikTok,2026-08-26T21:11:00-03:00,carrossel,True,CRM-00051,500.0,17614,388,43,40,api_da_plataforma_ficticia,2026-09-01T08:00:00-03:00
P000089,CR0097,creator_ficticio_097,YouTube,2026-07-08T08:08:00-03:00,video,False,,,21482,492,53,52,api_da_plataforma_ficticia,2026-09-01T08:00:00-03:00
P000090,CR0003,creator_ficticio_003,TikTok,2026-06-07T16:57:00-03:00,video,False,,,11834,1760,214,195,api_da_plataforma_ficticia,2026-09-01T08:00:00-03:00
P000091,CR0030,creator_ficticio_030,YouTube,2026-07-11T11:19:00-03:00,video,True,CRM-00055,500.0,2272,29,0,6,api_da_plataforma_ficticia,2026-09-01T08:00:00-03:00
P000092,CR0130,creator_ficticio_130,YouTube,2026-06-22T16:33:00-03:00,carrossel,False,,,12,0,0,0,api_da_plataforma_ficticia,2026-09-01T08:00:00-03:00
P000093,CR0111,creator_ficticio_111,YouTube,2026-07-06T10:24:00-03:00,imagem,False,,,110,3,0,1,api_da_plataforma_ficticia,2026-09-01T08:00:00-03:00
P000094,CR0069,creator_ficticio_069,YouTube,2026-08-26T08:39:00-03:00,imagem,False,,,10253,372,52,56,api_da_plataforma_ficticia,2026-09-01T08:00:00-03:00
P000095,CR0115,creator_ficticio_115,Instagram,2026-08-26T19:30:00-03:00,video,False,,,4249,332,34,26,api_da_plataforma_ficticia,2026-09-01T08:00:00-03:00
P000096,CR0098,creator_ficticio_098,YouTube,2026-06-19T21:29:00-03:00,imagem,False,,,10004,72,7,12,api_da_plataforma_ficticia,2026-09-01T08:00:00-03:00
P000097,CR0115,creator_ficticio_115,Instagram,2026-08-24T12:15:00-03:00,video,False,,,17493,1352,210,169,api_da_plataforma_ficticia,2026-09-01T08:00:00-03:00
P000098,CR0079,creator_ficticio_079,TikTok,2026-07-29T19:20:00-03:00,video,True,CRM-00047,500.0,1712,251,23,24,api_da_plataforma_ficticia,2026-09-01T08:00:00-03:00
P000099,CR0011,creator_ficticio_011,TikTok,2026-07-20T02:07:00-03:00,imagem,False,,,2426,74,6,12,api_da_plataforma_ficticia,2026-09-01T08:00:00-03:00
P000100,CR0061,creator_ficticio_061,YouTube,2026-06-24T00:39:00-03:00,carrossel,False,,,367,9,1,2,api_da_plataforma_ficticia,2026-09-01T08:00:00-03:00
P000101,CR0031,creator_ficticio_031,YouTube,2026-07-08T05:26:00-03:00,video,False,,,214983,11514,1483,1516,api_da_plataforma_ficticia,2026-09-01T08:00:00-03:00
P000102,CR0129,creator_ficticio_129,Instagram,2026-06-14T06:08:00-03:00,video,True,CRM-00000,15000.0,583,14,0,3,api_da_plataforma_ficticia,2026-09-01T08:00:00-03:00
P000103,CR0134,creator_ficticio_134,TikTok,2026-06-21T12:11:00-03:00,video,False,,,3185,70,12,5,api_da_plataforma_ficticia,2026-09-01T08:00:00-03:00
P000104,CR0030,creator_ficticio_030,TikTok,2026-08-04T01:50:00-03:00,video,True,CRM-00023,15000.0,7556,116,13,14,api_da_plataforma_ficticia,2026-09-01T08:00:00-03:00
P000105,CR0131,creator_ficticio_131,YouTube,2026-06-13T16:06:00-03:00,video,True,CRM-00019,15000.0,598,21,4,0,api_da_plataforma_ficticia,2026-09-01T08:00:00-03:00
P000106,CR0049,creator_ficticio_049,TikTok,2026-06-17T06:01:00-03:00,carrossel,False,,,2763601,148522,18449,18404,api_da_plataforma_ficticia,2026-09-01T08:00:00-03:00
P000107,CR0030,creator_ficticio_030,YouTube,2026-06-25T08:36:00-03:00,video,False,,,94,9,0,1,api_da_plataforma_ficticia,2026-09-01T08:00:00-03:00
P000108,CR0040,creator_ficticio_040,Instagram,2026-06-16T22:25:00-03:00,imagem,False,,,4831,298,31,34,api_da_plataforma_ficticia,2026-09-01T08:00:00-03:00
P000109,CR0082,creator_ficticio_082,YouTube,2026-08-18T21:37:00-03:00,carrossel,False,,,563,25,1,1,api_da_plataforma_ficticia,2026-09-01T08:00:00-03:00
P000110,CR0035,creator_ficticio_035,YouTube,2026-06-13T14:49:00-03:00,carrossel,True,CRM-00049,500.0,6630,651,85,75,api_da_plataforma_ficticia,2026-09-01T08:00:00-03:00
P000111,CR0039,creator_ficticio_039,TikTok,2026-08-09T09:50:00-03:00,video,True,CRM-00014,15000.0,3989,82,9,10,api_da_plataforma_ficticia,2026-09-01T08:00:00-03:00
P000112,CR0104,creator_ficticio_104,YouTube,2026-08-05T09:43:00-03:00,carrossel,True,CRM-00036,1200.0,1765,50,4,2,api_da_plataforma_ficticia,2026-09-01T08:00:00-03:00
P000113,CR0062,creator_ficticio_062,Instagram,2026-08-27T11:38:00-03:00,video,True,CRM-00027,15000.0,81,12,3,1,api_da_plataforma_ficticia,2026-09-01T08:00:00-03:00
P000114,CR0104,creator_ficticio_104,Instagram,2026-07-13T17:11:00-03:00,video,False,,,43067,1319,155,169,api_da_plataforma_ficticia,2026-09-01T08:00:00-03:00
P000115,CR0003,creator_ficticio_003,YouTube,2026-08-18T23:15:00-03:00,video,True,CRM-00058,15000.0,1428,46,4,5,api_da_plataforma_ficticia,2026-09-01T08:00:00-03:00
P000116,CR0014,creator_ficticio_014,Instagram,2026-08-27T18:43:00-03:00,video,True,CRM-00026,15000.0,3477,125,15,14,api_da_plataforma_ficticia,2026-09-01T08:00:00-03:00
P000117,CR0042,creator_ficticio_042,TikTok,2026-07-10T13:42:00-03:00,imagem,False,,,7606,217,26,22,api_da_plataforma_ficticia,2026-09-01T08:00:00-03:00
P000118,CR0054,creator_ficticio_054,YouTube,2026-08-23T23:25:00-03:00,video,True,CRM-00035,1200.0,1424,94,18,16,api_da_plataforma_ficticia,2026-09-01T08:00:00-03:00
P000119,CR0040,creator_ficticio_040,YouTube,2026-07-31T18:24:00-03:00,carrossel,False,,,219,13,1,0,api_da_plataforma_ficticia,2026-09-01T08:00:00-03:00
P000120,CR0059,creator_ficticio_059,Instagram,2026-06-27T16:12:00-03:00,imagem,False,,,5695,99,11,16,api_da_plataforma_ficticia,2026-09-01T08:00:00-03:00
P000121,CR0137,creator_ficticio_137,TikTok,2026-08-27T15:56:00-03:00,imagem,False,,,818,36,5,6,api_da_plataforma_ficticia,2026-09-01T08:00:00-03:00
P000122,CR0069,creator_ficticio_069,TikTok,2026-06-28T15:49:00-03:00,imagem,True,CRM-00056,1200.0,8403,355,47,42,api_da_plataforma_ficticia,2026-09-01T08:00:00-03:00
P000123,CR0088,creator_ficticio_088,YouTube,2026-07-17T18:17:00-03:00,video,True,CRM-00015,3000.0,63,0,0,0,api_da_plataforma_ficticia,2026-09-01T08:00:00-03:00
P000124,CR0118,creator_ficticio_118,YouTube,2026-06-13T04:33:00-03:00,carrossel,False,,,957,89,13,9,api_da_plataforma_ficticia,2026-09-01T08:00:00-03:00
P000125,CR0026,creator_ficticio_026,TikTok,2026-08-27T23:57:00-03:00,carrossel,False,,,2665,103,8,10,api_da_plataforma_ficticia,2026-09-01T08:00:00-03:00
P000126,CR0021,creator_ficticio_021,TikTok,2026-06-13T11:34:00-03:00,imagem,False,,,9158,311,32,32,api_da_plataforma_ficticia,2026-09-01T08:00:00-03:00
P000127,CR0064,creator_ficticio_064,TikTok,2026-06-08T16:59:00-03:00,video,False,,,375,20,5,3,api_da_plataforma_ficticia,2026-09-01T08:00:00-03:00
P000128,CR0093,creator_ficticio_093,YouTube,2026-06-25T13:42:00-03:00,imagem,False,,,49,1,0,0,api_da_plataforma_ficticia,2026-09-01T08:00:00-03:00
P000129,CR0073,creator_ficticio_073,TikTok,2026-07-12T15:44:00-03:00,imagem,False,,,3007,206,23,33,api_da_plataforma_ficticia,2026-09-01T08:00:00-03:00
P000130,CR0017,creator_ficticio_017,Instagram,2026-08-27T20:28:00-03:00,video,False,,,124457,4572,562,547,api_da_plataforma_ficticia,2026-09-01T08:00:00-03:00
P000131,CR0095,creator_ficticio_095,TikTok,2026-06-18T13:07:00-03:00,video,True,CRM-00027,500.0,10849,380,54,51,api_da_plataforma_ficticia,2026-09-01T08:00:00-03:00
P000132,CR0138,creator_ficticio_138,YouTube,2026-06-20T03:07:00-03:00,carrossel,False,,,2983,214,30,23,api_da_plataforma_ficticia,2026-09-01T08:00:00-03:00
P000133,CR0079,creator_ficticio_079,YouTube,2026-07-09T04:52:00-03:00,video,True,CRM-00042,500.0,2672,197,19,24,api_da_plataforma_ficticia,2026-09-01T08:00:00-03:00
P000134,CR0134,creator_ficticio_134,TikTok,2026-06-15T00:00:00-03:00,imagem,False,,,1868,88,8,12,api_da_plataforma_ficticia,2026-09-01T08:00:00-03:00
P000135,CR0063,creator_ficticio_063,TikTok,2026-08-26T08:14:00-03:00,video,False,,,3083,33,5,10,api_da_plataforma_ficticia,2026-09-01T08:00:00-03:00
P000136,CR0060,creator_ficticio_060,YouTube,2026-06-27T20:47:00-03:00,carrossel,False,,,1499,87,8,8,api_da_plataforma_ficticia,2026-09-01T08:00:00-03:00
P000137,CR0046,creator_ficticio_046,Instagram,2026-07-14T21:58:00-03:00,imagem,False,,,148840,35554,4585,4457,api_da_plataforma_ficticia,2026-09-01T08:00:00-03:00
P000138,CR0078,creator_ficticio_078,YouTube,2026-06-02T14:53:00-03:00,video,True,CRM-00035,1200.0,62627,963,132,131,api_da_plataforma_ficticia,2026-09-01T08:00:00-03:00
P000139,CR0086,creator_ficticio_086,TikTok,2026-08-16T00:50:00-03:00,video,True,CRM-00055,1200.0,7955,38,5,3,api_da_plataforma_ficticia,2026-09-01T08:00:00-03:00
P000140,CR0015,creator_ficticio_015,Instagram,2026-06-04T00:10:00-03:00,imagem,True,CRM-00016,15000.0,14184,62,8,10,api_da_plataforma_ficticia,2026-09-01T08:00:00-03:00
P000141,CR0146,creator_ficticio_146,TikTok,2026-07-13T12:38:00-03:00,video,False,,,280110,8690,1086,1100,api_da_plataforma_ficticia,2026-09-01T08:00:00-03:00
P000142,CR0022,creator_ficticio_022,YouTube,2026-06-04T08:12:00-03:00,video,False,,,3697,256,28,28,api_da_plataforma_ficticia,2026-09-01T08:00:00-03:00
P000143,CR0082,creator_ficticio_082,YouTube,2026-07-04T18:18:00-03:00,carrossel,False,,,12152,599,75,62,api_da_plataforma_ficticia,2026-09-01T08:00:00-03:00
P000144,CR0046,creator_ficticio_046,YouTube,2026-07-16T07:50:00-03:00,video,False,,,32937,2086,278,270,api_da_plataforma_ficticia,2026-09-01T08:00:00-03:00
P000145,CR0133,creator_ficticio_133,YouTube,2026-08-24T21:47:00-03:00,video,False,,,2030,185,16,17,api_da_plataforma_ficticia,2026-09-01T08:00:00-03:00
P000146,CR0096,creator_ficticio_096,YouTube,2026-07-09T12:43:00-03:00,video,False,,,1191,15,1,1,api_da_plataforma_ficticia,2026-09-01T08:00:00-03:00
P000147,CR0002,creator_ficticio_002,Instagram,2026-08-22T23:51:00-03:00,carrossel,False,,,27,3,0,0,api_da_plataforma_ficticia,2026-09-01T08:00:00-03:00
P000148,CR0004,creator_ficticio_004,Instagram,2026-06-05T13:02:00-03:00,imagem,False,,,7186,602,71,63,api_da_plataforma_ficticia,2026-09-01T08:00:00-03:00
P000149,CR0030,creator_ficticio_030,YouTube,2026-07-05T01:56:00-03:00,imagem,False,,,113,3,1,0,api_da_plataforma_ficticia,2026-09-01T08:00:00-03:00
P000150,CR0123,creator_ficticio_123,Instagram,2026-06-11T21:17:00-03:00,carrossel,False,,,16955,697,87,86,api_da_plataforma_ficticia,2026-09-01T08:00:00-03:00
P000151,CR0129,creator_ficticio_129,YouTube,2026-07-11T14:41:00-03:00,video,False,,,12207,1178,139,134,api_da_plataforma_ficticia,2026-09-01T08:00:00-03:00
P000152,CR0082,creator_ficticio_082,TikTok,2026-08-04T23:54:00-03:00,imagem,False,,,1960,51,8,4,api_da_plataforma_ficticia,2026-09-01T08:00:00-03:00
P000153,CR0085,creator_ficticio_085,Instagram,2026-07-12T05:34:00-03:00,video,True,CRM-00054,3000.0,24,1,0,0,api_da_plataforma_ficticia,2026-09-01T08:00:00-03:00
P000154,CR0097,creator_ficticio_097,YouTube,2026-08-18T07:03:00-03:00,video,False,,,59579,2609,332,305,api_da_plataforma_ficticia,2026-09-01T08:00:00-03:00
P000155,CR0073,creator_ficticio_073,TikTok,2026-07-11T02:29:00-03:00,video,True,CRM-00012,1200.0,19476,671,85,83,api_da_plataforma_ficticia,2026-09-01T08:00:00-03:00
P000156,CR0076,creator_ficticio_076,YouTube,2026-06-25T01:39:00-03:00,imagem,True,CRM-00055,500.0,2313,171,17,26,api_da_plataforma_ficticia,2026-09-01T08:00:00-03:00
P000157,CR0055,creator_ficticio_055,Instagram,2026-07-23T10:54:00-03:00,carrossel,False,,,43441,2082,234,260,api_da_plataforma_ficticia,2026-09-01T08:00:00-03:00
P000158,CR0073,creator_ficticio_073,YouTube,2026-06-23T08:55:00-03:00,carrossel,False,,,3690,172,18,17,api_da_plataforma_ficticia,2026-09-01T08:00:00-03:00
P000159,CR0044,creator_ficticio_044,TikTok,2026-07-27T06:07:00-03:00,carrossel,False,,,9293,620,71,68,api_da_plataforma_ficticia,2026-09-01T08:00:00-03:00
P000160,CR0112,creator_ficticio_112,Instagram,2026-08-01T09:21:00-03:00,video,False,,,622,9,0,0,api_da_plataforma_ficticia,2026-09-01T08:00:00-03:00
P000161,CR0101,creator_ficticio_101,Instagram,2026-06-14T08:42:00-03:00,imagem,False,,,25458,852,98,102,api_da_plataforma_ficticia,2026-09-01T08:00:00-03:00
P000162,CR0107,creator_ficticio_107,TikTok,2026-08-07T22:27:00-03:00,video,False,,,14996,416,68,50,api_da_plataforma_ficticia,2026-09-01T08:00:00-03:00
P000163,CR0054,creator_ficticio_054,YouTube,2026-06-14T06:39:00-03:00,video,False,,,1113,4,0,0,api_da_plataforma_ficticia,2026-09-01T08:00:00-03:00
P000164,CR0059,creator_ficticio_059,TikTok,2026-07-12T11:26:00-03:00,video,True,CRM-00059,3000.0,81,5,1,0,api_da_plataforma_ficticia,2026-09-01T08:00:00-03:00
P000165,CR0065,creator_ficticio_065,Instagram,2026-08-19T08:34:00-03:00,imagem,True,CRM-00026,3000.0,11198,126,11,14,api_da_plataforma_ficticia,2026-09-01T08:00:00-03:00
P000166,CR0090,creator_ficticio_090,YouTube,2026-08-24T10:45:00-03:00,video,True,CRM-00027,500.0,6158,228,36,31,api_da_plataforma_ficticia,2026-09-01T08:00:00-03:00
P000167,CR0116,creator_ficticio_116,YouTube,2026-08-14T05:21:00-03:00,video,True,CRM-00012,3000.0,4940,229,34,28,api_da_plataforma_ficticia,2026-09-01T08:00:00-03:00
P000168,CR0001,creator_ficticio_001,Instagram,2026-07-25T17:48:00-03:00,carrossel,False,,,2937,97,17,17,api_da_plataforma_ficticia,2026-09-01T08:00:00-03:00
P000169,CR0141,creator_ficticio_141,Instagram,2026-06-27T23:55:00-03:00,imagem,False,,,99,13,2,1,api_da_plataforma_ficticia,2026-09-01T08:00:00-03:00
P000170,CR0129,creator_ficticio_129,TikTok,2026-07-03T05:13:00-03:00,video,True,CRM-00009,15000.0,475,15,2,3,api_da_plataforma_ficticia,2026-09-01T08:00:00-03:00
P000171,CR0149,creator_ficticio_149,Instagram,2026-08-03T04:36:00-03:00,video,False,,,354,4,2,0,api_da_plataforma_ficticia,2026-09-01T08:00:00-03:00
P000172,CR0041,creator_ficticio_041,TikTok,2026-08-01T22:49:00-03:00,carrossel,True,CRM-00047,500.0,312,8,0,1,api_da_plataforma_ficticia,2026-09-01T08:00:00-03:00
P000173,CR0072,creator_ficticio_072,TikTok,2026-06-09T17:58:00-03:00,carrossel,False,,,12708,518,76,56,api_da_plataforma_ficticia,2026-09-01T08:00:00-03:00
P000174,CR0081,creator_ficticio_081,YouTube,2026-07-23T11:37:00-03:00,carrossel,False,,,640,55,7,7,api_da_plataforma_ficticia,2026-09-01T08:00:00-03:00
P000175,CR0020,creator_ficticio_020,YouTube,2026-06-16T14:31:00-03:00,video,False,,,5921,242,42,28,api_da_plataforma_ficticia,2026-09-01T08:00:00-03:00
P000176,CR0053,creator_ficticio_053,Instagram,2026-08-22T13:15:00-03:00,imagem,False,,,37921,1854,237,255,api_da_plataforma_ficticia,2026-09-01T08:00:00-03:00
P000177,CR0003,creator_ficticio_003,TikTok,2026-06-20T19:47:00-03:00,video,True,CRM-00038,15000.0,7280,128,15,16,api_da_plataforma_ficticia,2026-09-01T08:00:00-03:00
P000178,CR0017,creator_ficticio_017,Instagram,2026-06-09T09:17:00-03:00,carrossel,False,,,1671,82,10,6,api_da_plataforma_ficticia,2026-09-01T08:00:00-03:00
P000179,CR0074,creator_ficticio_074,YouTube,2026-06-22T18:55:00-03:00,video,False,,,23092,972,126,141,api_da_plataforma_ficticia,2026-09-01T08:00:00-03:00
P000180,CR0047,creator_ficticio_047,Instagram,2026-08-11T09:50:00-03:00,imagem,True,CRM-00028,500.0,60711,2471,314,314,api_da_plataforma_ficticia,2026-09-01T08:00:00-03:00
P000181,CR0011,creator_ficticio_011,Instagram,2026-08-11T07:27:00-03:00,video,False,,,5660,200,26,24,api_da_plataforma_ficticia,2026-09-01T08:00:00-03:00
P000182,CR0125,creator_ficticio_125,Instagram,2026-07-23T13:00:00-03:00,video,False,,,61058,6960,849,913,api_da_plataforma_ficticia,2026-09-01T08:00:00-03:00
P000183,CR0017,creator_ficticio_017,TikTok,2026-06-26T21:43:00-03:00,carrossel,False,,,2221,37,4,9,api_da_plataforma_ficticia,2026-09-01T08:00:00-03:00
P000184,CR0034,creator_ficticio_034,YouTube,2026-08-01T20:41:00-03:00,carrossel,False,,,1119,50,6,5,api_da_plataforma_ficticia,2026-09-01T08:00:00-03:00
P000185,CR0035,creator_ficticio_035,Instagram,2026-08-21T13:56:00-03:00,carrossel,True,CRM-00032,1200.0,40851,2061,252,243,api_da_plataforma_ficticia,2026-09-01T08:00:00-03:00
P000186,CR0077,creator_ficticio_077,TikTok,2026-06-21T19:52:00-03:00,imagem,True,CRM-00052,15000.0,254,4,0,1,api_da_plataforma_ficticia,2026-09-01T08:00:00-03:00
P000187,CR0148,creator_ficticio_148,TikTok,2026-07-20T21:18:00-03:00,carrossel,False,,,5174,346,32,46,api_da_plataforma_ficticia,2026-09-01T08:00:00-03:00
P000188,CR0004,creator_ficticio_004,Instagram,2026-08-07T23:51:00-03:00,video,True,CRM-00014,3000.0,1625,55,4,6,api_da_plataforma_ficticia,2026-09-01T08:00:00-03:00
P000189,CR0024,creator_ficticio_024,YouTube,2026-08-25T19:38:00-03:00,video,False,,,12559,1443,186,177,api_da_plataforma_ficticia,2026-09-01T08:00:00-03:00
P000190,CR0049,creator_ficticio_049,Instagram,2026-07-07T19:26:00-03:00,video,False,,,61752,1346,158,194,api_da_plataforma_ficticia,2026-09-01T08:00:00-03:00
P000191,CR0016,creator_ficticio_016,Instagram,2026-07-06T13:51:00-03:00,video,False,,,22628,290,21,36,api_da_plataforma_ficticia,2026-09-01T08:00:00-03:00
P000192,CR0001,creator_ficticio_001,Instagram,2026-08-18T17:18:00-03:00,imagem,False,,,6317,107,18,13,api_da_plataforma_ficticia,2026-09-01T08:00:00-03:00
P000193,CR0137,creator_ficticio_137,TikTok,2026-06-02T12:17:00-03:00,video,True,CRM-00002,1200.0,128657,13697,1762,1749,api_da_plataforma_ficticia,2026-09-01T08:00:00-03:00
P000194,CR0033,creator_ficticio_033,Instagram,2026-07-30T02:29:00-03:00,carrossel,False,,,12399,1300,172,140,api_da_plataforma_ficticia,2026-09-01T08:00:00-03:00
P000195,CR0093,creator_ficticio_093,Instagram,2026-06-29T22:20:00-03:00,video,False,,,597,12,1,2,api_da_plataforma_ficticia,2026-09-01T08:00:00-03:00
P000196,CR0132,creator_ficticio_132,TikTok,2026-08-03T00:53:00-03:00,imagem,False,,,397,21,1,6,api_da_plataforma_ficticia,2026-09-01T08:00:00-03:00
P000197,CR0110,creator_ficticio_110,TikTok,2026-07-30T04:17:00-03:00,carrossel,False,,,385,44,3,4,api_da_plataforma_ficticia,2026-09-01T08:00:00-03:00
P000198,CR0006,creator_ficticio_006,TikTok,2026-07-13T19:51:00-03:00,video,False,,,394,31,2,5,api_da_plataforma_ficticia,2026-09-01T08:00:00-03:00
P000199,CR0053,creator_ficticio_053,TikTok,2026-07-27T08:48:00-03:00,carrossel,False,,,12246,80,13,15,api_da_plataforma_ficticia,2026-09-01T08:00:00-03:00
P000200,CR0007,creator_ficticio_007,YouTube,2026-06-12T14:31:00-03:00,carrossel,True,CRM-00038,1200.0,622,22,6,3,api_da_plataforma_ficticia,2026-09-01T08:00:00-03:00
P000201,CR0140,creator_ficticio_140,TikTok,2026-06-21T04:40:00-03:00,imagem,False,,,20713,501,67,69,api_da_plataforma_ficticia,2026-09-01T08:00:00-03:00
P000202,CR0069,creator_ficticio_069,YouTube,2026-08-16T15:54:00-03:00,carrossel,True,CRM-00008,500.0,1240,102,14,17,api_da_plataforma_ficticia,2026-09-01T08:00:00-03:00
P000203,CR0146,creator_ficticio_146,TikTok,2026-06-22T09:43:00-03:00,carrossel,False,,,6661,255,25,32,api_da_plataforma_ficticia,2026-09-01T08:00:00-03:00
P000204,CR0060,creator_ficticio_060,TikTok,2026-08-21T17:05:00-03:00,video,False,,,67,7,0,0,api_da_plataforma_ficticia,2026-09-01T08:00:00-03:00
P000205,CR0083,creator_ficticio_083,YouTube,2026-08-08T18:58:00-03:00,carrossel,False,,,38238,2733,358,334,api_da_plataforma_ficticia,2026-09-01T08:00:00-03:00
P000206,CR0009,creator_ficticio_009,TikTok,2026-06-22T17:12:00-03:00,video,False,,,2329,282,37,31,api_da_plataforma_ficticia,2026-09-01T08:00:00-03:00
P000207,CR0148,creator_ficticio_148,Instagram,2026-08-23T23:15:00-03:00,carrossel,False,,,1115,42,6,11,api_da_plataforma_ficticia,2026-09-01T08:00:00-03:00
P000208,CR0128,creator_ficticio_128,YouTube,2026-07-23T12:21:00-03:00,imagem,False,,,492,15,1,1,api_da_plataforma_ficticia,2026-09-01T08:00:00-03:00
P000209,CR0075,creator_ficticio_075,YouTube,2026-08-18T19:20:00-03:00,video,True,CRM-00021,500.0,4350,126,17,20,api_da_plataforma_ficticia,2026-09-01T08:00:00-03:00
P000210,CR0034,creator_ficticio_034,YouTube,2026-08-06T01:30:00-03:00,imagem,False,,,902,11,2,2,api_da_plataforma_ficticia,2026-09-01T08:00:00-03:00
P000211,CR0065,creator_ficticio_065,Instagram,2026-07-17T22:08:00-03:00,carrossel,False,,,39664,477,70,61,api_da_plataforma_ficticia,2026-09-01T08:00:00-03:00
P000212,CR0065,creator_ficticio_065,YouTube,2026-08-01T01:50:00-03:00,imagem,False,,,2918,200,24,28,api_da_plataforma_ficticia,2026-09-01T08:00:00-03:00
P000213,CR0117,creator_ficticio_117,Instagram,2026-06-18T18:43:00-03:00,video,False,,,642,2,0,0,api_da_plataforma_ficticia,2026-09-01T08:00:00-03:00
P000214,CR0044,creator_ficticio_044,YouTube,2026-07-28T11:24:00-03:00,carrossel,False,,,12215,310,38,35,api_da_plataforma_ficticia,2026-09-01T08:00:00-03:00
P000215,CR0096,creator_ficticio_096,Instagram,2026-07-18T18:00:00-03:00,imagem,False,,,1726,97,13,13,api_da_plataforma_ficticia,2026-09-01T08:00:00-03:00
P000216,CR0121,creator_ficticio_121,YouTube,2026-08-03T20:52:00-03:00,video,False,,,2874,138,15,8,api_da_plataforma_ficticia,2026-09-01T08:00:00-03:00
P000217,CR0030,creator_ficticio_030,YouTube,2026-08-19T21:24:00-03:00,imagem,False,,,10693,192,24,31,api_da_plataforma_ficticia,2026-09-01T08:00:00-03:00
P000218,CR0116,creator_ficticio_116,YouTube,2026-07-13T09:24:00-03:00,video,False,,,20,0,0,0,api_da_plataforma_ficticia,2026-09-01T08:00:00-03:00
P000219,CR0077,creator_ficticio_077,Instagram,2026-06-06T02:44:00-03:00,video,False,,,537,55,10,1,api_da_plataforma_ficticia,2026-09-01T08:00:00-03:00
P000220,CR0030,creator_ficticio_030,Instagram,2026-06-04T21:06:00-03:00,video,False,,,349,9,1,1,api_da_plataforma_ficticia,2026-09-01T08:00:00-03:00
P000221,CR0002,creator_ficticio_002,YouTube,2026-07-04T08:23:00-03:00,carrossel,False,,,126,0,0,0,api_da_plataforma_ficticia,2026-09-01T08:00:00-03:00
P000222,CR0132,creator_ficticio_132,Instagram,2026-07-16T20:37:00-03:00,video,True,CRM-00004,15000.0,6530,155,17,20,api_da_plataforma_ficticia,2026-09-01T08:00:00-03:00
P000223,CR0131,creator_ficticio_131,Instagram,2026-08-18T03:15:00-03:00,carrossel,False,,,954,103,16,15,api_da_plataforma_ficticia,2026-09-01T08:00:00-03:00
P000224,CR0009,creator_ficticio_009,Instagram,2026-06-19T19:54:00-03:00,imagem,False,,,99,11,1,1,api_da_plataforma_ficticia,2026-09-01T08:00:00-03:00
P000225,CR0081,creator_ficticio_081,YouTube,2026-06-07T00:41:00-03:00,video,False,,,15158,725,122,100,api_da_plataforma_ficticia,2026-09-01T08:00:00-03:00
P000226,CR0014,creator_ficticio_014,TikTok,2026-08-29T16:03:00-03:00,carrossel,False,,,659,39,5,2,api_da_plataforma_ficticia,2026-09-01T08:00:00-03:00
P000227,CR0006,creator_ficticio_006,YouTube,2026-08-25T11:23:00-03:00,video,False,,,7992,663,73,90,api_da_plataforma_ficticia,2026-09-01T08:00:00-03:00
P000228,CR0008,creator_ficticio_008,YouTube,2026-07-23T15:26:00-03:00,video,False,,,4179,197,25,28,api_da_plataforma_ficticia,2026-09-01T08:00:00-03:00
P000229,CR0140,creator_ficticio_140,YouTube,2026-08-12T23:07:00-03:00,video,False,,,4373,237,29,31,api_da_plataforma_ficticia,2026-09-01T08:00:00-03:00
P000230,CR0076,creator_ficticio_076,TikTok,2026-07-25T23:26:00-03:00,video,False,,,3052,101,12,17,api_da_plataforma_ficticia,2026-09-01T08:00:00-03:00
P000231,CR0149,creator_ficticio_149,Instagram,2026-07-27T21:44:00-03:00,video,False,,,6225,162,20,26,api_da_plataforma_ficticia,2026-09-01T08:00:00-03:00
P000232,CR0115,creator_ficticio_115,YouTube,2026-08-05T16:41:00-03:00,carrossel,True,CRM-00036,1200.0,25581,1222,146,152,api_da_plataforma_ficticia,2026-09-01T08:00:00-03:00
P000233,CR0110,creator_ficticio_110,YouTube,2026-06-09T06:48:00-03:00,imagem,False,,,2746,126,13,13,api_da_plataforma_ficticia,2026-09-01T08:00:00-03:00
P000234,CR0016,creator_ficticio_016,Instagram,2026-06-14T15:33:00-03:00,carrossel,True,CRM-00022,500.0,4892,60,6,11,api_da_plataforma_ficticia,2026-09-01T08:00:00-03:00
P000235,CR0064,creator_ficticio_064,TikTok,2026-08-24T05:25:00-03:00,imagem,True,CRM-00009,3000.0,1058,132,21,12,api_da_plataforma_ficticia,2026-09-01T08:00:00-03:00
P000236,CR0084,creator_ficticio_084,Instagram,2026-07-30T16:51:00-03:00,video,False,,,43853,1544,201,193,api_da_plataforma_ficticia,2026-09-01T08:00:00-03:00
P000237,CR0088,creator_ficticio_088,Instagram,2026-06-27T12:27:00-03:00,video,True,CRM-00003,500.0,1400,48,9,5,api_da_plataforma_ficticia,2026-09-01T08:00:00-03:00
P000238,CR0020,creator_ficticio_020,Instagram,2026-07-03T13:21:00-03:00,video,False,,,4229,184,18,19,api_da_plataforma_ficticia,2026-09-01T08:00:00-03:00
P000239,CR0001,creator_ficticio_001,TikTok,2026-07-08T12:47:00-03:00,carrossel,False,,,1703,17,3,2,api_da_plataforma_ficticia,2026-09-01T08:00:00-03:00
P000240,CR0091,creator_ficticio_091,Instagram,2026-06-13T18:34:00-03:00,video,False,,,123,5,0,2,api_da_plataforma_ficticia,2026-09-01T08:00:00-03:00
P000241,CR0016,creator_ficticio_016,Instagram,2026-08-28T03:09:00-03:00,video,False,,,2640,23,0,3,api_da_plataforma_ficticia,2026-09-01T08:00:00-03:00
P000242,CR0140,creator_ficticio_140,Instagram,2026-07-08T17:42:00-03:00,video,False,,,8980,354,43,36,api_da_plataforma_ficticia,2026-09-01T08:00:00-03:00
P000243,CR0049,creator_ficticio_049,TikTok,2026-07-19T00:54:00-03:00,video,False,,,9630,580,78,76,api_da_plataforma_ficticia,2026-09-01T08:00:00-03:00
P000244,CR0139,creator_ficticio_139,TikTok,2026-08-05T10:44:00-03:00,imagem,False,,,39,1,0,0,api_da_plataforma_ficticia,2026-09-01T08:00:00-03:00
P000245,CR0061,creator_ficticio_061,YouTube,2026-06-12T08:11:00-03:00,video,False,,,4438,255,32,26,api_da_plataforma_ficticia,2026-09-01T08:00:00-03:00
P000246,CR0063,creator_ficticio_063,Instagram,2026-06-27T07:08:00-03:00,video,False,,,2620,111,15,18,api_da_plataforma_ficticia,2026-09-01T08:00:00-03:00
P000247,CR0113,creator_ficticio_113,Instagram,2026-07-11T11:59:00-03:00,video,True,CRM-00008,1200.0,2861,206,19,22,api_da_plataforma_ficticia,2026-09-01T08:00:00-03:00
P000248,CR0134,creator_ficticio_134,Instagram,2026-08-21T05:11:00-03:00,video,False,,,486,73,14,12,api_da_plataforma_ficticia,2026-09-01T08:00:00-03:00
P000249,CR0025,creator_ficticio_025,Instagram,2026-06-17T15:08:00-03:00,video,False,,,45945,1954,232,274,api_da_plataforma_ficticia,2026-09-01T08:00:00-03:00
P000250,CR0066,creator_ficticio_066,TikTok,2026-08-12T08:12:00-03:00,video,False,,,404,13,2,4,api_da_plataforma_ficticia,2026-09-01T08:00:00-03:00
P000251,CR0017,creator_ficticio_017,TikTok,2026-08-10T02:11:00-03:00,video,False,,,3006,66,4,5,api_da_plataforma_ficticia,2026-09-01T08:00:00-03:00
P000252,CR0105,creator_ficticio_105,Instagram,2026-08-06T04:53:00-03:00,imagem,False,,,1524,116,17,8,api_da_plataforma_ficticia,2026-09-01T08:00:00-03:00
P000253,CR0104,creator_ficticio_104,Instagram,2026-08-13T10:38:00-03:00,video,False,,,18004,914,96,108,api_da_plataforma_ficticia,2026-09-01T08:00:00-03:00
P000254,CR0021,creator_ficticio_021,TikTok,2026-06-24T18:04:00-03:00,video,True,CRM-00043,500.0,12077,831,87,95,api_da_plataforma_ficticia,2026-09-01T08:00:00-03:00
P000255,CR0133,creator_ficticio_133,YouTube,2026-08-01T11:17:00-03:00,carrossel,False,,,16,0,0,0,api_da_plataforma_ficticia,2026-09-01T08:00:00-03:00
P000256,CR0147,creator_ficticio_147,Instagram,2026-08-17T03:36:00-03:00,video,False,,,28764,140,23,18,api_da_plataforma_ficticia,2026-09-01T08:00:00-03:00
P000257,CR0131,creator_ficticio_131,YouTube,2026-06-05T00:26:00-03:00,imagem,False,,,836,68,13,14,api_da_plataforma_ficticia,2026-09-01T08:00:00-03:00
P000258,CR0120,creator_ficticio_120,YouTube,2026-08-15T13:54:00-03:00,video,False,,,8712,146,25,14,api_da_plataforma_ficticia,2026-09-01T08:00:00-03:00
P000259,CR0111,creator_ficticio_111,Instagram,2026-07-13T20:43:00-03:00,imagem,False,,,1742,84,17,11,api_da_plataforma_ficticia,2026-09-01T08:00:00-03:00
P000260,CR0041,creator_ficticio_041,Instagram,2026-06-05T23:46:00-03:00,video,True,CRM-00037,500.0,2960,212,19,22,api_da_plataforma_ficticia,2026-09-01T08:00:00-03:00
P000261,CR0147,creator_ficticio_147,TikTok,2026-08-20T14:37:00-03:00,video,False,,,5586,94,8,17,api_da_plataforma_ficticia,2026-09-01T08:00:00-03:00
P000262,CR0046,creator_ficticio_046,YouTube,2026-06-25T18:06:00-03:00,carrossel,False,,,105383,8569,1064,1118,api_da_plataforma_ficticia,2026-09-01T08:00:00-03:00
P000263,CR0078,creator_ficticio_078,Instagram,2026-07-10T01:58:00-03:00,carrossel,False,,,2704,122,18,15,api_da_plataforma_ficticia,2026-09-01T08:00:00-03:00
P000264,CR0105,creator_ficticio_105,Instagram,2026-06-17T17:35:00-03:00,video,False,,,1342,10,0,0,api_da_plataforma_ficticia,2026-09-01T08:00:00-03:00
P000265,CR0116,creator_ficticio_116,TikTok,2026-08-10T10:21:00-03:00,video,True,CRM-00031,500.0,615,42,3,2,api_da_plataforma_ficticia,2026-09-01T08:00:00-03:00
P000266,CR0048,creator_ficticio_048,Instagram,2026-08-27T08:28:00-03:00,video,True,CRM-00026,3000.0,22674,853,110,93,api_da_plataforma_ficticia,2026-09-01T08:00:00-03:00
P000267,CR0062,creator_ficticio_062,YouTube,2026-08-25T15:20:00-03:00,imagem,False,,,303,11,4,2,api_da_plataforma_ficticia,2026-09-01T08:00:00-03:00
P000268,CR0071,creator_ficticio_071,YouTube,2026-08-22T13:13:00-03:00,video,False,,,120,3,0,0,api_da_plataforma_ficticia,2026-09-01T08:00:00-03:00
P000269,CR0052,creator_ficticio_052,YouTube,2026-06-29T00:52:00-03:00,imagem,True,CRM-00037,1200.0,209,4,0,0,api_da_plataforma_ficticia,2026-09-01T08:00:00-03:00
P000270,CR0049,creator_ficticio_049,TikTok,2026-07-26T10:30:00-03:00,imagem,False,,,2613259,87143,11076,11013,api_da_plataforma_ficticia,2026-09-01T08:00:00-03:00
P000271,CR0136,creator_ficticio_136,Instagram,2026-07-26T11:14:00-03:00,imagem,False,,,8243,803,128,107,api_da_plataforma_ficticia,2026-09-01T08:00:00-03:00
P000272,CR0036,creator_ficticio_036,Instagram,2026-06-25T15:08:00-03:00,carrossel,True,CRM-00004,500.0,4649,50,8,3,api_da_plataforma_ficticia,2026-09-01T08:00:00-03:00
P000273,CR0064,creator_ficticio_064,Instagram,2026-07-30T03:45:00-03:00,imagem,False,,,7110,218,24,22,api_da_plataforma_ficticia,2026-09-01T08:00:00-03:00
P000274,CR0022,creator_ficticio_022,TikTok,2026-06-23T08:30:00-03:00,imagem,False,,,3698,432,57,41,api_da_plataforma_ficticia,2026-09-01T08:00:00-03:00
P000275,CR0111,creator_ficticio_111,TikTok,2026-07-02T05:03:00-03:00,carrossel,False,,,94,15,1,2,api_da_plataforma_ficticia,2026-09-01T08:00:00-03:00
P000276,CR0120,creator_ficticio_120,YouTube,2026-08-13T11:09:00-03:00,carrossel,False,,,2022,63,6,14,api_da_plataforma_ficticia,2026-09-01T08:00:00-03:00
P000277,CR0074,creator_ficticio_074,Instagram,2026-06-13T03:11:00-03:00,carrossel,False,,,4027,120,12,23,api_da_plataforma_ficticia,2026-09-01T08:00:00-03:00
P000278,CR0009,creator_ficticio_009,TikTok,2026-08-18T21:56:00-03:00,carrossel,False,,,2978,93,11,10,api_da_plataforma_ficticia,2026-09-01T08:00:00-03:00
P000279,CR0016,creator_ficticio_016,YouTube,2026-08-08T23:29:00-03:00,carrossel,False,,,5006,362,60,42,api_da_plataforma_ficticia,2026-09-01T08:00:00-03:00
P000280,CR0038,creator_ficticio_038,YouTube,2026-06-17T09:38:00-03:00,video,False,,,15275,301,45,37,api_da_plataforma_ficticia,2026-09-01T08:00:00-03:00
P000281,CR0019,creator_ficticio_019,YouTube,2026-06-26T23:00:00-03:00,imagem,False,,,1897,6,0,0,api_da_plataforma_ficticia,2026-09-01T08:00:00-03:00
P000282,CR0033,creator_ficticio_033,TikTok,2026-07-09T20:06:00-03:00,carrossel,False,,,19151,591,91,74,api_da_plataforma_ficticia,2026-09-01T08:00:00-03:00
P000283,CR0076,creator_ficticio_076,TikTok,2026-08-17T17:01:00-03:00,imagem,False,,,84,7,3,2,api_da_plataforma_ficticia,2026-09-01T08:00:00-03:00
P000284,CR0087,creator_ficticio_087,TikTok,2026-07-05T20:10:00-03:00,carrossel,True,CRM-00028,3000.0,937,21,0,2,api_da_plataforma_ficticia,2026-09-01T08:00:00-03:00
P000285,CR0106,creator_ficticio_106,Instagram,2026-08-07T15:55:00-03:00,video,False,,,10678,493,58,47,api_da_plataforma_ficticia,2026-09-01T08:00:00-03:00
P000286,CR0139,creator_ficticio_139,Instagram,2026-08-06T21:05:00-03:00,carrossel,False,,,220,7,1,3,api_da_plataforma_ficticia,2026-09-01T08:00:00-03:00
P000287,CR0111,creator_ficticio_111,Instagram,2026-07-09T02:32:00-03:00,imagem,False,,,57,3,0,0,api_da_plataforma_ficticia,2026-09-01T08:00:00-03:00
P000288,CR0071,creator_ficticio_071,Instagram,2026-07-17T04:28:00-03:00,video,False,,,849,52,9,10,api_da_plataforma_ficticia,2026-09-01T08:00:00-03:00
P000289,CR0050,creator_ficticio_050,TikTok,2026-08-10T02:31:00-03:00,video,False,,,23191,1619,179,206,api_da_plataforma_ficticia,2026-09-01T08:00:00-03:00
P000290,CR0130,creator_ficticio_130,YouTube,2026-06-18T04:06:00-03:00,video,False,,,203,1,0,0,api_da_plataforma_ficticia,2026-09-01T08:00:00-03:00
P000291,CR0001,creator_ficticio_001,TikTok,2026-07-12T11:54:00-03:00,imagem,False,,,24505,1393,168,176,api_da_plataforma_ficticia,2026-09-01T08:00:00-03:00
P000292,CR0109,creator_ficticio_109,TikTok,2026-06-14T06:17:00-03:00,imagem,True,CRM-00025,3000.0,54992,3516,413,456,api_da_plataforma_ficticia,2026-09-01T08:00:00-03:00
P000293,CR0080,creator_ficticio_080,Instagram,2026-06-30T23:03:00-03:00,imagem,True,CRM-00044,3000.0,131023,546,60,65,api_da_plataforma_ficticia,2026-09-01T08:00:00-03:00
P000294,CR0073,creator_ficticio_073,Instagram,2026-06-14T15:04:00-03:00,carrossel,True,CRM-00041,1200.0,6720,281,27,42,api_da_plataforma_ficticia,2026-09-01T08:00:00-03:00
P000295,CR0028,creator_ficticio_028,YouTube,2026-07-05T01:48:00-03:00,video,False,,,3211,12,0,3,api_da_plataforma_ficticia,2026-09-01T08:00:00-03:00
P000296,CR0042,creator_ficticio_042,YouTube,2026-06-14T06:09:00-03:00,video,True,CRM-00051,500.0,810,2,2,0,api_da_plataforma_ficticia,2026-09-01T08:00:00-03:00
P000297,CR0048,creator_ficticio_048,TikTok,2026-07-25T18:50:00-03:00,video,True,CRM-00005,1200.0,9927,405,52,53,api_da_plataforma_ficticia,2026-09-01T08:00:00-03:00
P000298,CR0006,creator_ficticio_006,YouTube,2026-08-14T10:31:00-03:00,imagem,True,CRM-00043,15000.0,12666,777,104,89,api_da_plataforma_ficticia,2026-09-01T08:00:00-03:00
P000299,CR0084,creator_ficticio_084,TikTok,2026-07-31T03:14:00-03:00,imagem,False,,,6208,641,87,84,api_da_plataforma_ficticia,2026-09-01T08:00:00-03:00
P000300,CR0085,creator_ficticio_085,TikTok,2026-08-10T21:44:00-03:00,carrossel,True,CRM-00037,15000.0,124,12,3,1,api_da_plataforma_ficticia,2026-09-01T08:00:00-03:00
P000301,CR0058,creator_ficticio_058,YouTube,2026-06-13T21:56:00-03:00,carrossel,True,CRM-00038,500.0,262,20,2,5,api_da_plataforma_ficticia,2026-09-01T08:00:00-03:00
P000302,CR0135,creator_ficticio_135,Instagram,2026-06-24T05:07:00-03:00,video,False,,,152889,7495,952,894,api_da_plataforma_ficticia,2026-09-01T08:00:00-03:00
P000303,CR0068,creator_ficticio_068,YouTube,2026-08-28T23:34:00-03:00,imagem,False,,,104,3,0,0,api_da_plataforma_ficticia,2026-09-01T08:00:00-03:00
P000304,CR0010,creator_ficticio_010,Instagram,2026-08-27T10:47:00-03:00,carrossel,False,,,39066,2213,290,289,api_da_plataforma_ficticia,2026-09-01T08:00:00-03:00
P000305,CR0007,creator_ficticio_007,TikTok,2026-06-30T22:22:00-03:00,carrossel,True,CRM-00026,3000.0,4673,206,25,16,api_da_plataforma_ficticia,2026-09-01T08:00:00-03:00
P000306,CR0055,creator_ficticio_055,TikTok,2026-07-16T11:24:00-03:00,video,True,CRM-00037,500.0,1506,61,6,3,api_da_plataforma_ficticia,2026-09-01T08:00:00-03:00
P000307,CR0027,creator_ficticio_027,YouTube,2026-08-22T08:17:00-03:00,imagem,True,CRM-00048,3000.0,21872,3312,367,389,api_da_plataforma_ficticia,2026-09-01T08:00:00-03:00
P000308,CR0129,creator_ficticio_129,YouTube,2026-08-28T14:07:00-03:00,carrossel,True,CRM-00029,15000.0,721,42,9,5,api_da_plataforma_ficticia,2026-09-01T08:00:00-03:00
P000309,CR0126,creator_ficticio_126,YouTube,2026-08-13T02:55:00-03:00,video,False,,,384,14,0,3,api_da_plataforma_ficticia,2026-09-01T08:00:00-03:00
P000310,CR0144,creator_ficticio_144,Instagram,2026-07-05T16:46:00-03:00,carrossel,False,,,906,63,5,4,api_da_plataforma_ficticia,2026-09-01T08:00:00-03:00
P000311,CR0076,creator_ficticio_076,TikTok,2026-08-29T06:20:00-03:00,video,False,,,36,1,1,0,api_da_plataforma_ficticia,2026-09-01T08:00:00-03:00
P000312,CR0073,creator_ficticio_073,Instagram,2026-07-12T19:26:00-03:00,video,False,,,3318,113,13,20,api_da_plataforma_ficticia,2026-09-01T08:00:00-03:00
P000313,CR0132,creator_ficticio_132,Instagram,2026-08-26T00:27:00-03:00,carrossel,True,CRM-00042,3000.0,11353,1046,124,124,api_da_plataforma_ficticia,2026-09-01T08:00:00-03:00
P000314,CR0095,creator_ficticio_095,TikTok,2026-06-06T18:59:00-03:00,carrossel,True,CRM-00055,15000.0,178306,11152,1395,1434,api_da_plataforma_ficticia,2026-09-01T08:00:00-03:00
P000315,CR0128,creator_ficticio_128,YouTube,2026-06-24T18:12:00-03:00,video,True,CRM-00036,1200.0,303,27,4,3,api_da_plataforma_ficticia,2026-09-01T08:00:00-03:00
P000316,CR0029,creator_ficticio_029,TikTok,2026-06-09T02:42:00-03:00,carrossel,False,,,32157,257,30,34,api_da_plataforma_ficticia,2026-09-01T08:00:00-03:00
P000317,CR0028,creator_ficticio_028,TikTok,2026-08-23T10:03:00-03:00,carrossel,False,,,310,8,1,2,api_da_plataforma_ficticia,2026-09-01T08:00:00-03:00
P000318,CR0008,creator_ficticio_008,Instagram,2026-08-18T00:35:00-03:00,video,True,CRM-00008,500.0,351,12,1,2,api_da_plataforma_ficticia,2026-09-01T08:00:00-03:00
P000319,CR0059,creator_ficticio_059,TikTok,2026-08-09T22:34:00-03:00,video,True,CRM-00040,500.0,157,8,2,0,api_da_plataforma_ficticia,2026-09-01T08:00:00-03:00
P000320,CR0118,creator_ficticio_118,TikTok,2026-08-21T23:20:00-03:00,carrossel,False,,,5344,174,22,23,api_da_plataforma_ficticia,2026-09-01T08:00:00-03:00
P000321,CR0078,creator_ficticio_078,YouTube,2026-07-26T10:29:00-03:00,video,False,,,4702,146,17,15,api_da_plataforma_ficticia,2026-09-01T08:00:00-03:00
P000322,CR0082,creator_ficticio_082,Instagram,2026-07-07T23:54:00-03:00,carrossel,True,CRM-00056,15000.0,2061,33,3,8,api_da_plataforma_ficticia,2026-09-01T08:00:00-03:00
P000323,CR0014,creator_ficticio_014,Instagram,2026-06-07T01:30:00-03:00,video,False,,,2068,163,26,23,api_da_plataforma_ficticia,2026-09-01T08:00:00-03:00
P000324,CR0019,creator_ficticio_019,YouTube,2026-08-12T19:43:00-03:00,imagem,False,,,1609,39,6,2,api_da_plataforma_ficticia,2026-09-01T08:00:00-03:00
P000325,CR0012,creator_ficticio_012,Instagram,2026-06-24T17:47:00-03:00,video,False,,,2055,155,15,21,api_da_plataforma_ficticia,2026-09-01T08:00:00-03:00
P000326,CR0055,creator_ficticio_055,TikTok,2026-07-13T14:34:00-03:00,carrossel,True,CRM-00027,3000.0,8704,180,27,24,api_da_plataforma_ficticia,2026-09-01T08:00:00-03:00
P000327,CR0126,creator_ficticio_126,TikTok,2026-06-19T12:23:00-03:00,video,False,,,48,3,1,0,api_da_plataforma_ficticia,2026-09-01T08:00:00-03:00
P000328,CR0110,creator_ficticio_110,YouTube,2026-07-11T14:05:00-03:00,carrossel,False,,,294,7,0,0,api_da_plataforma_ficticia,2026-09-01T08:00:00-03:00
P000329,CR0124,creator_ficticio_124,TikTok,2026-08-25T11:18:00-03:00,video,False,,,3726,118,14,13,api_da_plataforma_ficticia,2026-09-01T08:00:00-03:00
P000330,CR0044,creator_ficticio_044,YouTube,2026-08-13T11:30:00-03:00,carrossel,True,CRM-00054,500.0,21164,1104,140,156,api_da_plataforma_ficticia,2026-09-01T08:00:00-03:00
P000331,CR0057,creator_ficticio_057,YouTube,2026-08-22T21:31:00-03:00,video,False,,,22717,851,122,111,api_da_plataforma_ficticia,2026-09-01T08:00:00-03:00
P000332,CR0143,creator_ficticio_143,YouTube,2026-08-07T20:18:00-03:00,imagem,True,CRM-00004,3000.0,565,25,4,1,api_da_plataforma_ficticia,2026-09-01T08:00:00-03:00
P000333,CR0105,creator_ficticio_105,YouTube,2026-07-19T03:48:00-03:00,imagem,False,,,81,6,2,1,api_da_plataforma_ficticia,2026-09-01T08:00:00-03:00
P000334,CR0103,creator_ficticio_103,TikTok,2026-07-18T05:54:00-03:00,video,False,,,9673,785,100,93,api_da_plataforma_ficticia,2026-09-01T08:00:00-03:00
P000335,CR0077,creator_ficticio_077,YouTube,2026-07-28T16:16:00-03:00,carrossel,False,,,463,17,3,2,api_da_plataforma_ficticia,2026-09-01T08:00:00-03:00
P000336,CR0015,creator_ficticio_015,Instagram,2026-06-25T09:23:00-03:00,carrossel,False,,,1837,152,16,17,api_da_plataforma_ficticia,2026-09-01T08:00:00-03:00
P000337,CR0112,creator_ficticio_112,TikTok,2026-06-16T07:05:00-03:00,imagem,False,,,5450,548,68,69,api_da_plataforma_ficticia,2026-09-01T08:00:00-03:00
P000338,CR0055,creator_ficticio_055,Instagram,2026-06-15T05:27:00-03:00,carrossel,True,CRM-00031,500.0,333,20,3,1,api_da_plataforma_ficticia,2026-09-01T08:00:00-03:00
P000339,CR0047,creator_ficticio_047,TikTok,2026-06-05T14:17:00-03:00,carrossel,True,CRM-00027,500.0,99,3,0,0,api_da_plataforma_ficticia,2026-09-01T08:00:00-03:00
P000340,CR0108,creator_ficticio_108,YouTube,2026-07-16T16:55:00-03:00,video,False,,,28197,235,27,35,api_da_plataforma_ficticia,2026-09-01T08:00:00-03:00
P000341,CR0071,creator_ficticio_071,Instagram,2026-06-21T13:40:00-03:00,video,True,CRM-00024,3000.0,22,4,0,0,api_da_plataforma_ficticia,2026-09-01T08:00:00-03:00
P000342,CR0025,creator_ficticio_025,Instagram,2026-08-11T13:23:00-03:00,imagem,False,,,66412,1502,164,182,api_da_plataforma_ficticia,2026-09-01T08:00:00-03:00
P000343,CR0133,creator_ficticio_133,TikTok,2026-08-29T17:02:00-03:00,carrossel,True,CRM-00009,3000.0,192,9,0,3,api_da_plataforma_ficticia,2026-09-01T08:00:00-03:00
P000344,CR0059,creator_ficticio_059,Instagram,2026-06-16T01:49:00-03:00,imagem,False,,,2399,209,19,17,api_da_plataforma_ficticia,2026-09-01T08:00:00-03:00
P000345,CR0122,creator_ficticio_122,Instagram,2026-08-15T14:19:00-03:00,carrossel,True,CRM-00009,15000.0,24549,143,19,15,api_da_plataforma_ficticia,2026-09-01T08:00:00-03:00
P000346,CR0060,creator_ficticio_060,Instagram,2026-08-18T21:07:00-03:00,carrossel,False,,,815,29,2,2,api_da_plataforma_ficticia,2026-09-01T08:00:00-03:00
P000347,CR0046,creator_ficticio_046,Instagram,2026-06-17T20:37:00-03:00,video,False,,,104581,3470,443,416,api_da_plataforma_ficticia,2026-09-01T08:00:00-03:00
P000348,CR0120,creator_ficticio_120,TikTok,2026-07-26T11:50:00-03:00,carrossel,False,,,24100,530,64,67,api_da_plataforma_ficticia,2026-09-01T08:00:00-03:00
P000349,CR0132,creator_ficticio_132,YouTube,2026-08-29T21:02:00-03:00,video,False,,,16215,674,107,91,api_da_plataforma_ficticia,2026-09-01T08:00:00-03:00
P000350,CR0047,creator_ficticio_047,YouTube,2026-06-05T05:34:00-03:00,video,True,CRM-00016,3000.0,435,26,3,8,api_da_plataforma_ficticia,2026-09-01T08:00:00-03:00
P000351,CR0059,creator_ficticio_059,TikTok,2026-07-20T14:20:00-03:00,video,False,,,44,2,0,1,api_da_plataforma_ficticia,2026-09-01T08:00:00-03:00
P000352,CR0082,creator_ficticio_082,TikTok,2026-08-12T14:42:00-03:00,video,True,CRM-00057,3000.0,12257,512,60,57,api_da_plataforma_ficticia,2026-09-01T08:00:00-03:00
P000353,CR0102,creator_ficticio_102,Instagram,2026-07-05T19:42:00-03:00,video,False,,,3019,20,1,8,api_da_plataforma_ficticia,2026-09-01T08:00:00-03:00
P000354,CR0075,creator_ficticio_075,Instagram,2026-06-06T08:06:00-03:00,video,False,,,6457,170,14,24,api_da_plataforma_ficticia,2026-09-01T08:00:00-03:00
P000355,CR0106,creator_ficticio_106,TikTok,2026-06-06T21:05:00-03:00,video,False,,,7136,500,61,60,api_da_plataforma_ficticia,2026-09-01T08:00:00-03:00
P000356,CR0124,creator_ficticio_124,Instagram,2026-08-15T21:37:00-03:00,carrossel,False,,,45726,723,74,88,api_da_plataforma_ficticia,2026-09-01T08:00:00-03:00
P000357,CR0060,creator_ficticio_060,Instagram,2026-08-03T12:28:00-03:00,carrossel,False,,,6,0,0,0,api_da_plataforma_ficticia,2026-09-01T08:00:00-03:00
P000358,CR0126,creator_ficticio_126,YouTube,2026-07-19T11:07:00-03:00,video,False,,,16330,1191,164,143,api_da_plataforma_ficticia,2026-09-01T08:00:00-03:00
P000359,CR0124,creator_ficticio_124,TikTok,2026-06-21T05:23:00-03:00,imagem,True,CRM-00039,1200.0,25441,288,29,38,api_da_plataforma_ficticia,2026-09-01T08:00:00-03:00
P000360,CR0146,creator_ficticio_146,YouTube,2026-07-16T12:16:00-03:00,carrossel,False,,,3340,107,12,7,api_da_plataforma_ficticia,2026-09-01T08:00:00-03:00
P000361,CR0069,creator_ficticio_069,Instagram,2026-07-09T02:27:00-03:00,video,True,CRM-00045,15000.0,1749,146,10,16,api_da_plataforma_ficticia,2026-09-01T08:00:00-03:00
P000362,CR0126,creator_ficticio_126,Instagram,2026-06-22T20:47:00-03:00,video,True,CRM-00020,3000.0,2686,53,7,7,api_da_plataforma_ficticia,2026-09-01T08:00:00-03:00
P000363,CR0144,creator_ficticio_144,YouTube,2026-08-14T10:23:00-03:00,imagem,False,,,171,5,1,2,api_da_plataforma_ficticia,2026-09-01T08:00:00-03:00
P000364,CR0141,creator_ficticio_141,YouTube,2026-07-14T16:17:00-03:00,carrossel,True,CRM-00042,3000.0,837,20,5,2,api_da_plataforma_ficticia,2026-09-01T08:00:00-03:00
P000365,CR0140,creator_ficticio_140,YouTube,2026-06-19T20:44:00-03:00,video,False,,,10224,228,17,30,api_da_plataforma_ficticia,2026-09-01T08:00:00-03:00
P000366,CR0058,creator_ficticio_058,TikTok,2026-06-24T21:47:00-03:00,video,False,,,58894,1709,233,210,api_da_plataforma_ficticia,2026-09-01T08:00:00-03:00
P000367,CR0135,creator_ficticio_135,YouTube,2026-08-02T15:29:00-03:00,video,False,,,6192,840,97,119,api_da_plataforma_ficticia,2026-09-01T08:00:00-03:00
P000368,CR0065,creator_ficticio_065,Instagram,2026-08-20T08:31:00-03:00,video,True,CRM-00055,3000.0,8515,978,112,125,api_da_plataforma_ficticia,2026-09-01T08:00:00-03:00
P000369,CR0136,creator_ficticio_136,YouTube,2026-06-21T13:38:00-03:00,imagem,True,CRM-00036,500.0,7072,231,39,25,api_da_plataforma_ficticia,2026-09-01T08:00:00-03:00
P000370,CR0121,creator_ficticio_121,YouTube,2026-08-27T09:54:00-03:00,video,True,CRM-00033,15000.0,415,4,1,0,api_da_plataforma_ficticia,2026-09-01T08:00:00-03:00
P000371,CR0022,creator_ficticio_022,TikTok,2026-07-25T23:06:00-03:00,carrossel,False,,,1015,78,11,18,api_da_plataforma_ficticia,2026-09-01T08:00:00-03:00
P000372,CR0019,creator_ficticio_019,TikTok,2026-07-03T03:19:00-03:00,imagem,False,,,1789,110,14,15,api_da_plataforma_ficticia,2026-09-01T08:00:00-03:00
P000373,CR0097,creator_ficticio_097,YouTube,2026-06-29T11:57:00-03:00,video,False,,,1758,180,21,23,api_da_plataforma_ficticia,2026-09-01T08:00:00-03:00
P000374,CR0036,creator_ficticio_036,Instagram,2026-07-17T21:50:00-03:00,carrossel,True,CRM-00012,3000.0,511,36,5,4,api_da_plataforma_ficticia,2026-09-01T08:00:00-03:00
P000375,CR0111,creator_ficticio_111,YouTube,2026-07-17T23:45:00-03:00,video,False,,,56,1,0,0,api_da_plataforma_ficticia,2026-09-01T08:00:00-03:00
P000376,CR0117,creator_ficticio_117,TikTok,2026-07-13T12:13:00-03:00,carrossel,True,CRM-00057,3000.0,74,5,1,0,api_da_plataforma_ficticia,2026-09-01T08:00:00-03:00
P000377,CR0079,creator_ficticio_079,YouTube,2026-07-07T02:40:00-03:00,imagem,False,,,2052,187,20,26,api_da_plataforma_ficticia,2026-09-01T08:00:00-03:00
P000378,CR0116,creator_ficticio_116,TikTok,2026-08-16T23:01:00-03:00,imagem,False,,,992,49,4,4,api_da_plataforma_ficticia,2026-09-01T08:00:00-03:00
P000379,CR0079,creator_ficticio_079,TikTok,2026-06-10T05:42:00-03:00,video,False,,,3516,149,21,16,api_da_plataforma_ficticia,2026-09-01T08:00:00-03:00
P000380,CR0085,creator_ficticio_085,YouTube,2026-08-14T03:08:00-03:00,imagem,False,,,4984,122,18,13,api_da_plataforma_ficticia,2026-09-01T08:00:00-03:00
P000381,CR0030,creator_ficticio_030,YouTube,2026-06-18T07:47:00-03:00,imagem,False,,,579,25,4,5,api_da_plataforma_ficticia,2026-09-01T08:00:00-03:00
P000382,CR0087,creator_ficticio_087,YouTube,2026-07-21T23:19:00-03:00,carrossel,True,CRM-00045,3000.0,5565,527,58,78,api_da_plataforma_ficticia,2026-09-01T08:00:00-03:00
P000383,CR0024,creator_ficticio_024,YouTube,2026-06-17T08:17:00-03:00,video,True,CRM-00015,3000.0,4813,150,19,33,api_da_plataforma_ficticia,2026-09-01T08:00:00-03:00
P000384,CR0093,creator_ficticio_093,Instagram,2026-06-10T13:31:00-03:00,video,False,,,405,12,0,0,api_da_plataforma_ficticia,2026-09-01T08:00:00-03:00
P000385,CR0117,creator_ficticio_117,YouTube,2026-07-28T15:27:00-03:00,video,False,,,102387,1551,210,194,api_da_plataforma_ficticia,2026-09-01T08:00:00-03:00
P000386,CR0115,creator_ficticio_115,Instagram,2026-08-02T13:41:00-03:00,video,False,,,21090,784,93,103,api_da_plataforma_ficticia,2026-09-01T08:00:00-03:00
P000387,CR0022,creator_ficticio_022,Instagram,2026-08-05T21:19:00-03:00,imagem,False,,,15425,1043,131,150,api_da_plataforma_ficticia,2026-09-01T08:00:00-03:00
P000388,CR0118,creator_ficticio_118,Instagram,2026-07-05T15:03:00-03:00,video,False,,,14569,447,55,69,api_da_plataforma_ficticia,2026-09-01T08:00:00-03:00
P000389,CR0109,creator_ficticio_109,TikTok,2026-07-07T15:58:00-03:00,video,False,,,156496,18324,2332,2221,api_da_plataforma_ficticia,2026-09-01T08:00:00-03:00
P000390,CR0022,creator_ficticio_022,YouTube,2026-08-19T01:28:00-03:00,carrossel,False,,,3204,108,9,16,api_da_plataforma_ficticia,2026-09-01T08:00:00-03:00
P000391,CR0011,creator_ficticio_011,TikTok,2026-08-12T06:10:00-03:00,video,False,,,17870,194,25,25,api_da_plataforma_ficticia,2026-09-01T08:00:00-03:00
P000392,CR0097,creator_ficticio_097,Instagram,2026-08-25T14:23:00-03:00,carrossel,False,,,4159,363,48,35,api_da_plataforma_ficticia,2026-09-01T08:00:00-03:00
P000393,CR0061,creator_ficticio_061,TikTok,2026-08-02T05:21:00-03:00,carrossel,False,,,763,4,1,0,api_da_plataforma_ficticia,2026-09-01T08:00:00-03:00
P000394,CR0074,creator_ficticio_074,Instagram,2026-07-02T21:59:00-03:00,video,True,CRM-00000,1200.0,25491,1076,126,126,api_da_plataforma_ficticia,2026-09-01T08:00:00-03:00
P000395,CR0003,creator_ficticio_003,Instagram,2026-07-16T12:55:00-03:00,carrossel,True,CRM-00038,3000.0,25750,1427,185,188,api_da_plataforma_ficticia,2026-09-01T08:00:00-03:00
P000396,CR0035,creator_ficticio_035,YouTube,2026-08-18T17:32:00-03:00,carrossel,True,CRM-00046,15000.0,7488,256,37,27,api_da_plataforma_ficticia,2026-09-01T08:00:00-03:00
P000397,CR0099,creator_ficticio_099,YouTube,2026-08-26T01:30:00-03:00,carrossel,False,,,9,0,0,0,api_da_plataforma_ficticia,2026-09-01T08:00:00-03:00
P000398,CR0094,creator_ficticio_094,Instagram,2026-06-28T16:26:00-03:00,video,False,,,360,43,1,3,api_da_plataforma_ficticia,2026-09-01T08:00:00-03:00
P000399,CR0043,creator_ficticio_043,TikTok,2026-08-28T14:51:00-03:00,video,True,CRM-00001,3000.0,11424,83,7,4,api_da_plataforma_ficticia,2026-09-01T08:00:00-03:00
P000400,CR0051,creator_ficticio_051,Instagram,2026-06-02T02:34:00-03:00,imagem,True,CRM-00009,500.0,13314,409,45,62,api_da_plataforma_ficticia,2026-09-01T08:00:00-03:00
P000401,CR0070,creator_ficticio_070,TikTok,2026-08-09T05:45:00-03:00,imagem,False,,,412,9,0,0,api_da_plataforma_ficticia,2026-09-01T08:00:00-03:00
P000402,CR0051,creator_ficticio_051,YouTube,2026-06-14T11:02:00-03:00,imagem,True,CRM-00052,1200.0,9462,1035,141,123,api_da_plataforma_ficticia,2026-09-01T08:00:00-03:00
P000403,CR0042,creator_ficticio_042,YouTube,2026-08-14T11:19:00-03:00,video,True,CRM-00041,500.0,2873,71,6,8,api_da_plataforma_ficticia,2026-09-01T08:00:00-03:00
P000404,CR0046,creator_ficticio_046,TikTok,2026-08-06T13:59:00-03:00,carrossel,False,,,192252,4658,575,511,api_da_plataforma_ficticia,2026-09-01T08:00:00-03:00
P000405,CR0077,creator_ficticio_077,Instagram,2026-06-06T03:42:00-03:00,video,False,,,57,4,1,1,api_da_plataforma_ficticia,2026-09-01T08:00:00-03:00
P000406,CR0083,creator_ficticio_083,TikTok,2026-07-12T01:37:00-03:00,carrossel,False,,,3553,28,5,7,api_da_plataforma_ficticia,2026-09-01T08:00:00-03:00
P000407,CR0098,creator_ficticio_098,TikTok,2026-06-23T17:32:00-03:00,video,False,,,221,7,1,1,api_da_plataforma_ficticia,2026-09-01T08:00:00-03:00
P000408,CR0037,creator_ficticio_037,Instagram,2026-07-19T20:44:00-03:00,video,True,CRM-00023,15000.0,1263,35,1,7,api_da_plataforma_ficticia,2026-09-01T08:00:00-03:00
P000409,CR0025,creator_ficticio_025,Instagram,2026-06-01T04:09:00-03:00,video,True,CRM-00022,500.0,24910,261,23,38,api_da_plataforma_ficticia,2026-09-01T08:00:00-03:00
P000410,CR0047,creator_ficticio_047,TikTok,2026-06-02T08:04:00-03:00,imagem,False,,,593,42,5,3,api_da_plataforma_ficticia,2026-09-01T08:00:00-03:00
P000411,CR0116,creator_ficticio_116,Instagram,2026-07-13T00:27:00-03:00,imagem,False,,,888,45,3,8,api_da_plataforma_ficticia,2026-09-01T08:00:00-03:00
P000412,CR0125,creator_ficticio_125,YouTube,2026-08-04T14:26:00-03:00,imagem,True,CRM-00025,3000.0,327592,2859,359,310,api_da_plataforma_ficticia,2026-09-01T08:00:00-03:00
P000413,CR0117,creator_ficticio_117,TikTok,2026-08-07T07:13:00-03:00,video,False,,,39,0,0,0,api_da_plataforma_ficticia,2026-09-01T08:00:00-03:00
P000414,CR0058,creator_ficticio_058,YouTube,2026-07-24T01:56:00-03:00,video,False,,,38181,1857,241,218,api_da_plataforma_ficticia,2026-09-01T08:00:00-03:00
P000415,CR0141,creator_ficticio_141,Instagram,2026-06-15T23:54:00-03:00,carrossel,False,,,1063,55,6,5,api_da_plataforma_ficticia,2026-09-01T08:00:00-03:00
P000416,CR0085,creator_ficticio_085,YouTube,2026-06-01T12:39:00-03:00,carrossel,False,,,229,35,2,3,api_da_plataforma_ficticia,2026-09-01T08:00:00-03:00
P000417,CR0057,creator_ficticio_057,TikTok,2026-06-13T07:23:00-03:00,imagem,False,,,7349,553,82,75,api_da_plataforma_ficticia,2026-09-01T08:00:00-03:00
P000418,CR0087,creator_ficticio_087,YouTube,2026-06-12T07:53:00-03:00,carrossel,True,CRM-00002,500.0,4797,375,47,39,api_da_plataforma_ficticia,2026-09-01T08:00:00-03:00
P000419,CR0130,creator_ficticio_130,Instagram,2026-06-22T13:50:00-03:00,imagem,False,,,60,1,0,0,api_da_plataforma_ficticia,2026-09-01T08:00:00-03:00
P000420,CR0065,creator_ficticio_065,TikTok,2026-08-14T20:37:00-03:00,video,False,,,2057,202,21,27,api_da_plataforma_ficticia,2026-09-01T08:00:00-03:00
P000421,CR0014,creator_ficticio_014,Instagram,2026-07-03T18:43:00-03:00,imagem,True,CRM-00048,15000.0,15229,1336,174,157,api_da_plataforma_ficticia,2026-09-01T08:00:00-03:00
P000422,CR0045,creator_ficticio_045,TikTok,2026-07-12T21:20:00-03:00,imagem,False,,,2247,50,6,7,api_da_plataforma_ficticia,2026-09-01T08:00:00-03:00
P000423,CR0149,creator_ficticio_149,TikTok,2026-07-01T02:08:00-03:00,video,False,,,832,12,0,2,api_da_plataforma_ficticia,2026-09-01T08:00:00-03:00
P000424,CR0069,creator_ficticio_069,YouTube,2026-06-22T09:11:00-03:00,imagem,False,,,51131,2233,284,280,api_da_plataforma_ficticia,2026-09-01T08:00:00-03:00
P000425,CR0031,creator_ficticio_031,YouTube,2026-08-24T23:47:00-03:00,imagem,False,,,7919,480,61,70,api_da_plataforma_ficticia,2026-09-01T08:00:00-03:00
P000426,CR0132,creator_ficticio_132,YouTube,2026-08-15T08:13:00-03:00,video,False,,,11888,629,71,69,api_da_plataforma_ficticia,2026-09-01T08:00:00-03:00
P000427,CR0056,creator_ficticio_056,TikTok,2026-07-29T23:23:00-03:00,video,True,CRM-00014,1200.0,11550,421,59,60,api_da_plataforma_ficticia,2026-09-01T08:00:00-03:00
P000428,CR0047,creator_ficticio_047,Instagram,2026-07-01T15:13:00-03:00,video,False,,,112,4,1,0,api_da_plataforma_ficticia,2026-09-01T08:00:00-03:00
P000429,CR0014,creator_ficticio_014,YouTube,2026-06-21T17:34:00-03:00,imagem,True,CRM-00034,3000.0,2546,86,6,12,api_da_plataforma_ficticia,2026-09-01T08:00:00-03:00
P000430,CR0141,creator_ficticio_141,Instagram,2026-07-03T16:19:00-03:00,video,False,,,1220,40,6,2,api_da_plataforma_ficticia,2026-09-01T08:00:00-03:00
P000431,CR0125,creator_ficticio_125,Instagram,2026-08-21T17:58:00-03:00,video,False,,,340929,5787,704,732,api_da_plataforma_ficticia,2026-09-01T08:00:00-03:00
P000432,CR0058,creator_ficticio_058,TikTok,2026-06-27T16:13:00-03:00,video,False,,,24307,2045,248,240,api_da_plataforma_ficticia,2026-09-01T08:00:00-03:00
P000433,CR0072,creator_ficticio_072,TikTok,2026-08-10T16:23:00-03:00,carrossel,False,,,9229,1050,131,140,api_da_plataforma_ficticia,2026-09-01T08:00:00-03:00
P000434,CR0038,creator_ficticio_038,YouTube,2026-08-15T18:19:00-03:00,video,True,CRM-00019,3000.0,44899,3067,356,340,api_da_plataforma_ficticia,2026-09-01T08:00:00-03:00
P000435,CR0144,creator_ficticio_144,Instagram,2026-07-11T20:39:00-03:00,imagem,True,CRM-00044,500.0,810,83,15,6,api_da_plataforma_ficticia,2026-09-01T08:00:00-03:00
P000436,CR0137,creator_ficticio_137,TikTok,2026-08-29T12:20:00-03:00,video,False,,,31872,429,52,48,api_da_plataforma_ficticia,2026-09-01T08:00:00-03:00
P000437,CR0021,creator_ficticio_021,TikTok,2026-06-09T19:17:00-03:00,carrossel,True,CRM-00023,3000.0,8596,1302,155,154,api_da_plataforma_ficticia,2026-09-01T08:00:00-03:00
P000438,CR0036,creator_ficticio_036,Instagram,2026-07-01T07:28:00-03:00,imagem,False,,,3258,81,13,11,api_da_plataforma_ficticia,2026-09-01T08:00:00-03:00
P000439,CR0133,creator_ficticio_133,TikTok,2026-06-20T18:52:00-03:00,imagem,True,CRM-00037,15000.0,557,29,6,4,api_da_plataforma_ficticia,2026-09-01T08:00:00-03:00
P000440,CR0032,creator_ficticio_032,TikTok,2026-08-09T19:15:00-03:00,carrossel,True,CRM-00051,15000.0,1107,30,3,3,api_da_plataforma_ficticia,2026-09-01T08:00:00-03:00
P000441,CR0053,creator_ficticio_053,YouTube,2026-07-11T11:36:00-03:00,imagem,True,CRM-00004,3000.0,3066,134,18,20,api_da_plataforma_ficticia,2026-09-01T08:00:00-03:00
P000442,CR0121,creator_ficticio_121,Instagram,2026-07-26T07:19:00-03:00,video,False,,,4616,631,82,70,api_da_plataforma_ficticia,2026-09-01T08:00:00-03:00
P000443,CR0035,creator_ficticio_035,Instagram,2026-08-24T04:15:00-03:00,video,False,,,55615,1800,235,228,api_da_plataforma_ficticia,2026-09-01T08:00:00-03:00
P000444,CR0126,creator_ficticio_126,Instagram,2026-06-17T23:50:00-03:00,video,False,,,16924,791,101,92,api_da_plataforma_ficticia,2026-09-01T08:00:00-03:00
P000445,CR0098,creator_ficticio_098,Instagram,2026-08-08T09:26:00-03:00,imagem,False,,,540,1,0,0,api_da_plataforma_ficticia,2026-09-01T08:00:00-03:00
P000446,CR0027,creator_ficticio_027,Instagram,2026-08-06T02:17:00-03:00,video,True,CRM-00030,1200.0,4233,395,50,72,api_da_plataforma_ficticia,2026-09-01T08:00:00-03:00
P000447,CR0004,creator_ficticio_004,YouTube,2026-08-01T05:29:00-03:00,imagem,False,,,11622,520,78,54,api_da_plataforma_ficticia,2026-09-01T08:00:00-03:00
P000448,CR0025,creator_ficticio_025,TikTok,2026-07-07T13:05:00-03:00,video,True,CRM-00041,1200.0,22429,3696,435,469,api_da_plataforma_ficticia,2026-09-01T08:00:00-03:00
P000449,CR0078,creator_ficticio_078,Instagram,2026-07-02T09:52:00-03:00,imagem,False,,,56132,3705,448,478,api_da_plataforma_ficticia,2026-09-01T08:00:00-03:00
P000450,CR0143,creator_ficticio_143,TikTok,2026-07-21T18:01:00-03:00,imagem,False,,,35768,1821,241,217,api_da_plataforma_ficticia,2026-09-01T08:00:00-03:00
P000451,CR0071,creator_ficticio_071,Instagram,2026-06-07T11:24:00-03:00,carrossel,True,CRM-00058,1200.0,5595,94,12,19,api_da_plataforma_ficticia,2026-09-01T08:00:00-03:00
P000452,CR0019,creator_ficticio_019,TikTok,2026-08-12T06:50:00-03:00,carrossel,True,CRM-00057,15000.0,315,39,6,6,api_da_plataforma_ficticia,2026-09-01T08:00:00-03:00
P000453,CR0007,creator_ficticio_007,YouTube,2026-08-20T05:28:00-03:00,carrossel,False,,,2910,181,20,27,api_da_plataforma_ficticia,2026-09-01T08:00:00-03:00
P000454,CR0028,creator_ficticio_028,YouTube,2026-06-14T07:39:00-03:00,video,True,CRM-00047,500.0,3251,39,5,3,api_da_plataforma_ficticia,2026-09-01T08:00:00-03:00
P000455,CR0065,creator_ficticio_065,Instagram,2026-07-09T12:27:00-03:00,imagem,False,,,12081,379,37,44,api_da_plataforma_ficticia,2026-09-01T08:00:00-03:00
P000456,CR0066,creator_ficticio_066,Instagram,2026-07-18T21:01:00-03:00,carrossel,False,,,134,9,0,3,api_da_plataforma_ficticia,2026-09-01T08:00:00-03:00
P000457,CR0045,creator_ficticio_045,Instagram,2026-07-06T01:09:00-03:00,imagem,True,CRM-00033,3000.0,1768,115,17,21,api_da_plataforma_ficticia,2026-09-01T08:00:00-03:00
P000458,CR0093,creator_ficticio_093,Instagram,2026-08-11T11:52:00-03:00,carrossel,False,,,69,7,1,0,api_da_plataforma_ficticia,2026-09-01T08:00:00-03:00
P000459,CR0037,creator_ficticio_037,YouTube,2026-08-04T15:12:00-03:00,imagem,False,,,4469,67,7,8,api_da_plataforma_ficticia,2026-09-01T08:00:00-03:00
P000460,CR0038,creator_ficticio_038,YouTube,2026-07-30T08:38:00-03:00,video,False,,,30921,346,50,48,api_da_plataforma_ficticia,2026-09-01T08:00:00-03:00
P000461,CR0139,creator_ficticio_139,YouTube,2026-08-04T12:37:00-03:00,carrossel,False,,,389,8,2,0,api_da_plataforma_ficticia,2026-09-01T08:00:00-03:00
P000462,CR0080,creator_ficticio_080,TikTok,2026-06-13T08:28:00-03:00,imagem,True,CRM-00048,1200.0,15451,1152,133,138,api_da_plataforma_ficticia,2026-09-01T08:00:00-03:00
P000463,CR0089,creator_ficticio_089,TikTok,2026-07-23T10:13:00-03:00,imagem,False,,,4550,44,6,4,api_da_plataforma_ficticia,2026-09-01T08:00:00-03:00
P000464,CR0085,creator_ficticio_085,Instagram,2026-07-19T07:46:00-03:00,video,False,,,1913,58,5,0,api_da_plataforma_ficticia,2026-09-01T08:00:00-03:00
P000465,CR0023,creator_ficticio_023,YouTube,2026-07-14T22:05:00-03:00,video,False,,,1098,65,9,13,api_da_plataforma_ficticia,2026-09-01T08:00:00-03:00
P000466,CR0087,creator_ficticio_087,Instagram,2026-08-28T11:29:00-03:00,video,False,,,49082,1636,179,192,api_da_plataforma_ficticia,2026-09-01T08:00:00-03:00
P000467,CR0113,creator_ficticio_113,Instagram,2026-06-19T06:07:00-03:00,video,True,CRM-00051,1200.0,959,68,2,9,api_da_plataforma_ficticia,2026-09-01T08:00:00-03:00
P000468,CR0006,creator_ficticio_006,Instagram,2026-06-23T05:28:00-03:00,video,False,,,1331,57,12,6,api_da_plataforma_ficticia,2026-09-01T08:00:00-03:00
P000469,CR0055,creator_ficticio_055,YouTube,2026-06-12T02:07:00-03:00,video,False,,,111,0,0,0,api_da_plataforma_ficticia,2026-09-01T08:00:00-03:00
P000470,CR0041,creator_ficticio_041,TikTok,2026-06-07T04:12:00-03:00,carrossel,False,,,4104,167,16,21,api_da_plataforma_ficticia,2026-09-01T08:00:00-03:00
P000471,CR0089,creator_ficticio_089,YouTube,2026-06-24T16:18:00-03:00,video,False,,,1135,45,4,4,api_da_plataforma_ficticia,2026-09-01T08:00:00-03:00
P000472,CR0135,creator_ficticio_135,TikTok,2026-07-21T00:22:00-03:00,video,True,CRM-00059,15000.0,3463,204,26,29,api_da_plataforma_ficticia,2026-09-01T08:00:00-03:00
P000473,CR0056,creator_ficticio_056,YouTube,2026-07-30T04:20:00-03:00,carrossel,False,,,8106,345,45,40,api_da_plataforma_ficticia,2026-09-01T08:00:00-03:00
P000474,CR0009,creator_ficticio_009,Instagram,2026-07-28T23:29:00-03:00,video,False,,,5136,607,69,82,api_da_plataforma_ficticia,2026-09-01T08:00:00-03:00
P000475,CR0095,creator_ficticio_095,YouTube,2026-07-14T09:06:00-03:00,video,False,,,39551,469,59,43,api_da_plataforma_ficticia,2026-09-01T08:00:00-03:00
P000476,CR0046,creator_ficticio_046,YouTube,2026-06-10T23:31:00-03:00,carrossel,False,,,457111,23833,2925,2910,api_da_plataforma_ficticia,2026-09-01T08:00:00-03:00
P000477,CR0102,creator_ficticio_102,TikTok,2026-08-03T17:55:00-03:00,carrossel,True,CRM-00054,1200.0,767,8,0,0,api_da_plataforma_ficticia,2026-09-01T08:00:00-03:00
P000478,CR0021,creator_ficticio_021,YouTube,2026-06-27T05:23:00-03:00,carrossel,False,,,153880,17933,2211,2302,api_da_plataforma_ficticia,2026-09-01T08:00:00-03:00
P000479,CR0042,creator_ficticio_042,TikTok,2026-06-27T09:03:00-03:00,video,False,,,7571,100,9,10,api_da_plataforma_ficticia,2026-09-01T08:00:00-03:00
P000480,CR0058,creator_ficticio_058,Instagram,2026-07-03T00:12:00-03:00,carrossel,False,,,5249,189,31,28,api_da_plataforma_ficticia,2026-09-01T08:00:00-03:00
P000481,CR0124,creator_ficticio_124,Instagram,2026-07-29T17:06:00-03:00,imagem,False,,,526,28,4,1,api_da_plataforma_ficticia,2026-09-01T08:00:00-03:00
P000482,CR0082,creator_ficticio_082,Instagram,2026-08-28T06:55:00-03:00,video,False,,,1841,409,47,55,api_da_plataforma_ficticia,2026-09-01T08:00:00-03:00
P000483,CR0092,creator_ficticio_092,Instagram,2026-07-04T17:28:00-03:00,video,False,,,572,10,0,2,api_da_plataforma_ficticia,2026-09-01T08:00:00-03:00
P000484,CR0105,creator_ficticio_105,YouTube,2026-07-31T23:03:00-03:00,imagem,False,,,40771,3022,369,359,api_da_plataforma_ficticia,2026-09-01T08:00:00-03:00
P000485,CR0090,creator_ficticio_090,Instagram,2026-06-03T17:32:00-03:00,video,False,,,14891,1224,153,158,api_da_plataforma_ficticia,2026-09-01T08:00:00-03:00
P000486,CR0132,creator_ficticio_132,TikTok,2026-06-21T11:54:00-03:00,video,False,,,12779,1609,193,198,api_da_plataforma_ficticia,2026-09-01T08:00:00-03:00
P000487,CR0032,creator_ficticio_032,YouTube,2026-07-02T04:19:00-03:00,video,False,,,33502,305,44,37,api_da_plataforma_ficticia,2026-09-01T08:00:00-03:00
P000488,CR0095,creator_ficticio_095,Instagram,2026-07-21T12:37:00-03:00,video,False,,,376320,3860,534,491,api_da_plataforma_ficticia,2026-09-01T08:00:00-03:00
P000489,CR0038,creator_ficticio_038,TikTok,2026-07-04T04:50:00-03:00,imagem,True,CRM-00019,15000.0,12572,984,147,130,api_da_plataforma_ficticia,2026-09-01T08:00:00-03:00
P000490,CR0083,creator_ficticio_083,TikTok,2026-06-03T13:56:00-03:00,imagem,True,CRM-00041,500.0,8863,566,79,73,api_da_plataforma_ficticia,2026-09-01T08:00:00-03:00
P000491,CR0059,creator_ficticio_059,Instagram,2026-07-20T04:53:00-03:00,video,False,,,856,48,4,10,api_da_plataforma_ficticia,2026-09-01T08:00:00-03:00
P000492,CR0137,creator_ficticio_137,YouTube,2026-08-11T08:46:00-03:00,imagem,False,,,165790,5604,684,698,api_da_plataforma_ficticia,2026-09-01T08:00:00-03:00
P000493,CR0005,creator_ficticio_005,Instagram,2026-07-03T06:53:00-03:00,video,False,,,3383,206,30,31,api_da_plataforma_ficticia,2026-09-01T08:00:00-03:00
P000494,CR0082,creator_ficticio_082,YouTube,2026-08-08T14:50:00-03:00,imagem,False,,,1612,108,9,19,api_da_plataforma_ficticia,2026-09-01T08:00:00-03:00
P000495,CR0008,creator_ficticio_008,YouTube,2026-08-19T10:38:00-03:00,carrossel,False,,,6003,528,72,56,api_da_plataforma_ficticia,2026-09-01T08:00:00-03:00
P000496,CR0054,creator_ficticio_054,YouTube,2026-06-09T12:41:00-03:00,carrossel,True,CRM-00007,500.0,7347,154,18,16,api_da_plataforma_ficticia,2026-09-01T08:00:00-03:00
P000497,CR0099,creator_ficticio_099,TikTok,2026-07-28T05:46:00-03:00,imagem,True,CRM-00018,500.0,2136,35,7,7,api_da_plataforma_ficticia,2026-09-01T08:00:00-03:00
P000498,CR0035,creator_ficticio_035,Instagram,2026-06-19T23:43:00-03:00,carrossel,False,,,960,73,12,9,api_da_plataforma_ficticia,2026-09-01T08:00:00-03:00
P000499,CR0047,creator_ficticio_047,TikTok,2026-07-11T15:48:00-03:00,video,False,,,2841,47,2,3,api_da_plataforma_ficticia,2026-09-01T08:00:00-03:00
P000500,CR0101,creator_ficticio_101,TikTok,2026-07-14T00:53:00-03:00,video,True,CRM-00010,500.0,6267,311,34,36,api_da_plataforma_ficticia,2026-09-01T08:00:00-03:00
P000501,CR0108,creator_ficticio_108,YouTube,2026-08-28T18:32:00-03:00,carrossel,False,,,2234,242,33,32,api_da_plataforma_ficticia,2026-09-01T08:00:00-03:00
P000502,CR0096,creator_ficticio_096,TikTok,2026-07-27T18:15:00-03:00,carrossel,False,,,399,2,1,1,api_da_plataforma_ficticia,2026-09-01T08:00:00-03:00
P000503,CR0011,creator_ficticio_011,Instagram,2026-08-26T00:32:00-03:00,carrossel,True,CRM-00058,15000.0,7262,77,4,7,api_da_plataforma_ficticia,2026-09-01T08:00:00-03:00
P000504,CR0050,creator_ficticio_050,Instagram,2026-07-22T11:54:00-03:00,imagem,False,,,158314,3061,410,389,api_da_plataforma_ficticia,2026-09-01T08:00:00-03:00
P000505,CR0111,creator_ficticio_111,YouTube,2026-07-06T20:51:00-03:00,video,True,CRM-00014,500.0,54,4,1,0,api_da_plataforma_ficticia,2026-09-01T08:00:00-03:00
P000506,CR0129,creator_ficticio_129,YouTube,2026-07-18T11:01:00-03:00,video,False,,,43,3,0,0,api_da_plataforma_ficticia,2026-09-01T08:00:00-03:00
P000507,CR0032,creator_ficticio_032,YouTube,2026-07-14T20:28:00-03:00,video,False,,,2271,131,18,11,api_da_plataforma_ficticia,2026-09-01T08:00:00-03:00
P000508,CR0059,creator_ficticio_059,TikTok,2026-08-04T19:01:00-03:00,video,False,,,92,3,0,0,api_da_plataforma_ficticia,2026-09-01T08:00:00-03:00
P000509,CR0130,creator_ficticio_130,YouTube,2026-08-20T09:33:00-03:00,video,True,CRM-00040,500.0,70,3,0,1,api_da_plataforma_ficticia,2026-09-01T08:00:00-03:00
P000510,CR0018,creator_ficticio_018,Instagram,2026-06-18T07:42:00-03:00,video,False,,,3036,116,8,15,api_da_plataforma_ficticia,2026-09-01T08:00:00-03:00
P000511,CR0135,creator_ficticio_135,YouTube,2026-08-19T01:45:00-03:00,carrossel,False,,,7526,442,61,48,api_da_plataforma_ficticia,2026-09-01T08:00:00-03:00
P000512,CR0056,creator_ficticio_056,Instagram,2026-08-09T22:19:00-03:00,imagem,False,,,9645,189,19,29,api_da_plataforma_ficticia,2026-09-01T08:00:00-03:00
P000513,CR0103,creator_ficticio_103,YouTube,2026-06-09T20:41:00-03:00,video,False,,,942,19,3,3,api_da_plataforma_ficticia,2026-09-01T08:00:00-03:00
P000514,CR0065,creator_ficticio_065,Instagram,2026-07-09T07:21:00-03:00,carrossel,False,,,4271,253,38,40,api_da_plataforma_ficticia,2026-09-01T08:00:00-03:00
P000515,CR0059,creator_ficticio_059,TikTok,2026-06-09T03:56:00-03:00,video,False,,,909,17,0,1,api_da_plataforma_ficticia,2026-09-01T08:00:00-03:00
P000516,CR0056,creator_ficticio_056,YouTube,2026-07-02T12:22:00-03:00,video,False,,,961,45,6,6,api_da_plataforma_ficticia,2026-09-01T08:00:00-03:00
P000517,CR0003,creator_ficticio_003,YouTube,2026-08-05T09:02:00-03:00,carrossel,True,CRM-00032,15000.0,46928,2107,268,265,api_da_plataforma_ficticia,2026-09-01T08:00:00-03:00
P000518,CR0136,creator_ficticio_136,TikTok,2026-08-16T22:10:00-03:00,carrossel,False,,,3867,157,18,14,api_da_plataforma_ficticia,2026-09-01T08:00:00-03:00
P000519,CR0114,creator_ficticio_114,YouTube,2026-06-18T22:39:00-03:00,video,True,CRM-00011,1200.0,150,2,0,1,api_da_plataforma_ficticia,2026-09-01T08:00:00-03:00
P000520,CR0138,creator_ficticio_138,Instagram,2026-06-01T07:10:00-03:00,carrossel,False,,,795,32,3,2,api_da_plataforma_ficticia,2026-09-01T08:00:00-03:00
P000521,CR0084,creator_ficticio_084,YouTube,2026-07-06T15:02:00-03:00,video,True,CRM-00030,3000.0,65245,2008,241,275,api_da_plataforma_ficticia,2026-09-01T08:00:00-03:00
P000522,CR0144,creator_ficticio_144,TikTok,2026-07-16T08:30:00-03:00,video,False,,,1409,61,6,7,api_da_plataforma_ficticia,2026-09-01T08:00:00-03:00
P000523,CR0012,creator_ficticio_012,Instagram,2026-08-11T18:39:00-03:00,video,False,,,9686,165,19,18,api_da_plataforma_ficticia,2026-09-01T08:00:00-03:00
P000524,CR0053,creator_ficticio_053,YouTube,2026-08-29T09:58:00-03:00,video,False,,,17746,1023,128,102,api_da_plataforma_ficticia,2026-09-01T08:00:00-03:00
P000525,CR0085,creator_ficticio_085,YouTube,2026-08-13T00:52:00-03:00,video,False,,,106,16,1,2,api_da_plataforma_ficticia,2026-09-01T08:00:00-03:00
P000526,CR0072,creator_ficticio_072,YouTube,2026-07-20T07:37:00-03:00,video,False,,,74994,5514,701,670,api_da_plataforma_ficticia,2026-09-01T08:00:00-03:00
P000527,CR0000,creator_ficticio_000,Instagram,2026-06-20T03:54:00-03:00,video,True,CRM-00020,15000.0,277,21,3,3,api_da_plataforma_ficticia,2026-09-01T08:00:00-03:00
P000528,CR0015,creator_ficticio_015,YouTube,2026-07-22T23:14:00-03:00,imagem,True,CRM-00036,1200.0,132,6,2,0,api_da_plataforma_ficticia,2026-09-01T08:00:00-03:00
P000529,CR0067,creator_ficticio_067,YouTube,2026-06-01T00:53:00-03:00,carrossel,True,CRM-00016,3000.0,3411,463,58,38,api_da_plataforma_ficticia,2026-09-01T08:00:00-03:00
P000530,CR0124,creator_ficticio_124,TikTok,2026-07-02T13:48:00-03:00,video,True,CRM-00032,1200.0,12810,273,27,26,api_da_plataforma_ficticia,2026-09-01T08:00:00-03:00
P000531,CR0091,creator_ficticio_091,Instagram,2026-07-17T06:49:00-03:00,imagem,True,CRM-00059,15000.0,1365,113,9,20,api_da_plataforma_ficticia,2026-09-01T08:00:00-03:00
P000532,CR0042,creator_ficticio_042,Instagram,2026-07-13T01:52:00-03:00,video,False,,,1623,22,7,2,api_da_plataforma_ficticia,2026-09-01T08:00:00-03:00
P000533,CR0120,creator_ficticio_120,YouTube,2026-08-15T06:52:00-03:00,carrossel,True,CRM-00057,3000.0,5044,136,20,16,api_da_plataforma_ficticia,2026-09-01T08:00:00-03:00
P000534,CR0133,creator_ficticio_133,YouTube,2026-07-02T05:27:00-03:00,video,False,,,351,12,2,0,api_da_plataforma_ficticia,2026-09-01T08:00:00-03:00
P000535,CR0043,creator_ficticio_043,Instagram,2026-07-29T14:54:00-03:00,video,False,,,38,0,0,1,api_da_plataforma_ficticia,2026-09-01T08:00:00-03:00
P000536,CR0137,creator_ficticio_137,YouTube,2026-07-10T01:18:00-03:00,video,False,,,34582,2577,327,330,api_da_plataforma_ficticia,2026-09-01T08:00:00-03:00
P000537,CR0034,creator_ficticio_034,Instagram,2026-06-15T06:01:00-03:00,video,False,,,295,50,9,3,api_da_plataforma_ficticia,2026-09-01T08:00:00-03:00
P000538,CR0086,creator_ficticio_086,YouTube,2026-06-03T02:59:00-03:00,video,False,,,440,5,0,0,api_da_plataforma_ficticia,2026-09-01T08:00:00-03:00
P000539,CR0049,creator_ficticio_049,TikTok,2026-06-05T01:24:00-03:00,video,False,,,351262,11465,1365,1453,api_da_plataforma_ficticia,2026-09-01T08:00:00-03:00
P000540,CR0107,creator_ficticio_107,Instagram,2026-08-17T04:29:00-03:00,video,False,,,5874,75,9,15,api_da_plataforma_ficticia,2026-09-01T08:00:00-03:00
P000541,CR0008,creator_ficticio_008,Instagram,2026-06-08T21:35:00-03:00,video,False,,,100,10,1,3,api_da_plataforma_ficticia,2026-09-01T08:00:00-03:00
P000542,CR0008,creator_ficticio_008,YouTube,2026-08-05T01:45:00-03:00,imagem,True,CRM-00009,15000.0,3294,116,11,14,api_da_plataforma_ficticia,2026-09-01T08:00:00-03:00
P000543,CR0139,creator_ficticio_139,YouTube,2026-06-18T07:48:00-03:00,video,False,,,37,0,0,0,api_da_plataforma_ficticia,2026-09-01T08:00:00-03:00
P000544,CR0026,creator_ficticio_026,Instagram,2026-08-03T17:37:00-03:00,imagem,True,CRM-00029,500.0,851,20,4,6,api_da_plataforma_ficticia,2026-09-01T08:00:00-03:00
P000545,CR0132,creator_ficticio_132,TikTok,2026-07-06T10:23:00-03:00,imagem,False,,,1663,55,8,9,api_da_plataforma_ficticia,2026-09-01T08:00:00-03:00
P000546,CR0100,creator_ficticio_100,TikTok,2026-07-29T09:39:00-03:00,video,False,,,188,16,3,1,api_da_plataforma_ficticia,2026-09-01T08:00:00-03:00
P000547,CR0090,creator_ficticio_090,YouTube,2026-08-25T08:01:00-03:00,video,False,,,11132,592,75,65,api_da_plataforma_ficticia,2026-09-01T08:00:00-03:00
P000548,CR0108,creator_ficticio_108,TikTok,2026-08-23T10:42:00-03:00,video,True,CRM-00040,3000.0,349,9,2,1,api_da_plataforma_ficticia,2026-09-01T08:00:00-03:00
P000549,CR0011,creator_ficticio_011,Instagram,2026-08-04T15:27:00-03:00,video,False,,,5389,326,43,49,api_da_plataforma_ficticia,2026-09-01T08:00:00-03:00
P000550,CR0007,creator_ficticio_007,Instagram,2026-07-21T14:10:00-03:00,video,False,,,23088,1362,148,162,api_da_plataforma_ficticia,2026-09-01T08:00:00-03:00
P000551,CR0012,creator_ficticio_012,TikTok,2026-07-31T12:12:00-03:00,carrossel,True,CRM-00008,3000.0,1580,82,17,15,api_da_plataforma_ficticia,2026-09-01T08:00:00-03:00
P000552,CR0003,creator_ficticio_003,TikTok,2026-08-25T04:21:00-03:00,imagem,False,,,27078,329,32,46,api_da_plataforma_ficticia,2026-09-01T08:00:00-03:00
P000553,CR0139,creator_ficticio_139,TikTok,2026-07-15T08:31:00-03:00,carrossel,False,,,19,0,0,0,api_da_plataforma_ficticia,2026-09-01T08:00:00-03:00
P000554,CR0067,creator_ficticio_067,YouTube,2026-06-28T15:19:00-03:00,carrossel,False,,,34980,350,44,43,api_da_plataforma_ficticia,2026-09-01T08:00:00-03:00
P000555,CR0018,creator_ficticio_018,TikTok,2026-07-17T13:27:00-03:00,carrossel,False,,,345,11,4,2,api_da_plataforma_ficticia,2026-09-01T08:00:00-03:00
P000556,CR0047,creator_ficticio_047,TikTok,2026-08-17T11:18:00-03:00,imagem,False,,,187,17,1,3,api_da_plataforma_ficticia,2026-09-01T08:00:00-03:00
P000557,CR0021,creator_ficticio_021,YouTube,2026-08-29T04:11:00-03:00,video,False,,,1053,39,4,4,api_da_plataforma_ficticia,2026-09-01T08:00:00-03:00
P000558,CR0135,creator_ficticio_135,YouTube,2026-06-05T21:00:00-03:00,imagem,False,,,20183,1338,154,163,api_da_plataforma_ficticia,2026-09-01T08:00:00-03:00
P000559,CR0117,creator_ficticio_117,TikTok,2026-08-08T07:00:00-03:00,video,True,CRM-00059,500.0,8924,630,76,86,api_da_plataforma_ficticia,2026-09-01T08:00:00-03:00
P000560,CR0001,creator_ficticio_001,YouTube,2026-08-11T10:07:00-03:00,video,False,,,21554,192,20,21,api_da_plataforma_ficticia,2026-09-01T08:00:00-03:00
P000561,CR0045,creator_ficticio_045,TikTok,2026-07-02T09:49:00-03:00,video,True,CRM-00048,3000.0,1822,72,9,7,api_da_plataforma_ficticia,2026-09-01T08:00:00-03:00
P000562,CR0098,creator_ficticio_098,YouTube,2026-08-19T16:46:00-03:00,video,False,,,331,6,2,1,api_da_plataforma_ficticia,2026-09-01T08:00:00-03:00
P000563,CR0061,creator_ficticio_061,YouTube,2026-06-03T04:06:00-03:00,imagem,False,,,197,11,0,0,api_da_plataforma_ficticia,2026-09-01T08:00:00-03:00
P000564,CR0033,creator_ficticio_033,Instagram,2026-08-17T16:40:00-03:00,video,False,,,55820,4608,591,573,api_da_plataforma_ficticia,2026-09-01T08:00:00-03:00
P000565,CR0061,creator_ficticio_061,Instagram,2026-06-25T05:48:00-03:00,video,True,CRM-00007,500.0,2436,100,11,10,api_da_plataforma_ficticia,2026-09-01T08:00:00-03:00
P000566,CR0063,creator_ficticio_063,Instagram,2026-08-09T11:22:00-03:00,carrossel,False,,,4908,211,36,26,api_da_plataforma_ficticia,2026-09-01T08:00:00-03:00
P000567,CR0105,creator_ficticio_105,TikTok,2026-08-13T15:03:00-03:00,video,True,CRM-00047,15000.0,6278,79,10,14,api_da_plataforma_ficticia,2026-09-01T08:00:00-03:00
P000568,CR0083,creator_ficticio_083,Instagram,2026-07-14T08:58:00-03:00,video,True,CRM-00048,15000.0,1524,54,5,4,api_da_plataforma_ficticia,2026-09-01T08:00:00-03:00
P000569,CR0070,creator_ficticio_070,Instagram,2026-08-04T04:49:00-03:00,carrossel,True,CRM-00012,1200.0,233,13,0,0,api_da_plataforma_ficticia,2026-09-01T08:00:00-03:00
P000570,CR0092,creator_ficticio_092,Instagram,2026-08-02T02:39:00-03:00,carrossel,True,CRM-00035,500.0,254,12,0,4,api_da_plataforma_ficticia,2026-09-01T08:00:00-03:00
P000571,CR0121,creator_ficticio_121,Instagram,2026-07-15T23:14:00-03:00,video,False,,,344,41,2,4,api_da_plataforma_ficticia,2026-09-01T08:00:00-03:00
P000572,CR0013,creator_ficticio_013,TikTok,2026-08-17T15:23:00-03:00,imagem,False,,,272,12,2,2,api_da_plataforma_ficticia,2026-09-01T08:00:00-03:00
P000573,CR0074,creator_ficticio_074,Instagram,2026-07-01T12:21:00-03:00,video,False,,,11525,353,40,34,api_da_plataforma_ficticia,2026-09-01T08:00:00-03:00
P000574,CR0113,creator_ficticio_113,TikTok,2026-06-04T19:56:00-03:00,imagem,False,,,74,0,0,0,api_da_plataforma_ficticia,2026-09-01T08:00:00-03:00
P000575,CR0043,creator_ficticio_043,Instagram,2026-08-06T15:38:00-03:00,carrossel,True,CRM-00035,3000.0,5696,487,58,66,api_da_plataforma_ficticia,2026-09-01T08:00:00-03:00
P000576,CR0130,creator_ficticio_130,Instagram,2026-07-20T16:59:00-03:00,video,False,,,1447,39,9,6,api_da_plataforma_ficticia,2026-09-01T08:00:00-03:00
P000577,CR0029,creator_ficticio_029,YouTube,2026-07-22T19:44:00-03:00,imagem,True,CRM-00031,1200.0,8958,104,10,9,api_da_plataforma_ficticia,2026-09-01T08:00:00-03:00
P000578,CR0005,creator_ficticio_005,YouTube,2026-06-10T06:47:00-03:00,video,False,,,2627,19,3,3,api_da_plataforma_ficticia,2026-09-01T08:00:00-03:00
P000579,CR0113,creator_ficticio_113,TikTok,2026-06-13T15:14:00-03:00,video,False,,,2328,47,2,4,api_da_plataforma_ficticia,2026-09-01T08:00:00-03:00
P000580,CR0114,creator_ficticio_114,Instagram,2026-07-26T08:41:00-03:00,video,False,,,33651,465,66,64,api_da_plataforma_ficticia,2026-09-01T08:00:00-03:00
P000581,CR0032,creator_ficticio_032,TikTok,2026-08-17T04:40:00-03:00,video,False,,,10150,937,128,112,api_da_plataforma_ficticia,2026-09-01T08:00:00-03:00
P000582,CR0149,creator_ficticio_149,TikTok,2026-08-17T22:13:00-03:00,video,False,,,7598,348,38,41,api_da_plataforma_ficticia,2026-09-01T08:00:00-03:00
P000583,CR0091,creator_ficticio_091,YouTube,2026-06-25T02:52:00-03:00,video,False,,,211,21,4,4,api_da_plataforma_ficticia,2026-09-01T08:00:00-03:00
P000584,CR0005,creator_ficticio_005,TikTok,2026-06-18T13:44:00-03:00,video,False,,,3424,317,35,44,api_da_plataforma_ficticia,2026-09-01T08:00:00-03:00
P000585,CR0090,creator_ficticio_090,TikTok,2026-06-25T08:19:00-03:00,imagem,False,,,10500,394,56,61,api_da_plataforma_ficticia,2026-09-01T08:00:00-03:00
P000586,CR0052,creator_ficticio_052,TikTok,2026-06-10T04:36:00-03:00,video,False,,,1986,57,6,6,api_da_plataforma_ficticia,2026-09-01T08:00:00-03:00
P000587,CR0144,creator_ficticio_144,YouTube,2026-08-13T09:33:00-03:00,carrossel,True,CRM-00013,500.0,213,18,3,0,api_da_plataforma_ficticia,2026-09-01T08:00:00-03:00
P000588,CR0041,creator_ficticio_041,TikTok,2026-08-11T08:59:00-03:00,imagem,False,,,3559,391,49,55,api_da_plataforma_ficticia,2026-09-01T08:00:00-03:00
P000589,CR0013,creator_ficticio_013,Instagram,2026-08-24T13:16:00-03:00,video,False,,,2361,121,32,16,api_da_plataforma_ficticia,2026-09-01T08:00:00-03:00
P000590,CR0131,creator_ficticio_131,Instagram,2026-08-25T12:46:00-03:00,carrossel,True,CRM-00055,3000.0,326,3,0,3,api_da_plataforma_ficticia,2026-09-01T08:00:00-03:00
P000591,CR0031,creator_ficticio_031,YouTube,2026-08-03T17:48:00-03:00,video,False,,,90555,2733,368,345,api_da_plataforma_ficticia,2026-09-01T08:00:00-03:00
P000592,CR0049,creator_ficticio_049,TikTok,2026-07-18T10:22:00-03:00,imagem,False,,,231595,30407,3906,3819,api_da_plataforma_ficticia,2026-09-01T08:00:00-03:00
P000593,CR0099,creator_ficticio_099,Instagram,2026-08-06T09:37:00-03:00,video,True,CRM-00006,1200.0,93,5,2,0,api_da_plataforma_ficticia,2026-09-01T08:00:00-03:00
P000594,CR0049,creator_ficticio_049,Instagram,2026-07-06T08:10:00-03:00,video,True,CRM-00034,15000.0,72776,5297,644,638,api_da_plataforma_ficticia,2026-09-01T08:00:00-03:00
P000595,CR0049,creator_ficticio_049,Instagram,2026-06-07T17:59:00-03:00,carrossel,True,CRM-00000,1200.0,167058,9084,1154,1160,api_da_plataforma_ficticia,2026-09-01T08:00:00-03:00
P000596,CR0074,creator_ficticio_074,TikTok,2026-07-07T12:48:00-03:00,video,False,,,48927,3482,445,422,api_da_plataforma_ficticia,2026-09-01T08:00:00-03:00
P000597,CR0019,creator_ficticio_019,Instagram,2026-07-07T10:58:00-03:00,imagem,True,CRM-00012,15000.0,272,5,1,1,api_da_plataforma_ficticia,2026-09-01T08:00:00-03:00
P000598,CR0081,creator_ficticio_081,Instagram,2026-07-03T00:47:00-03:00,carrossel,False,,,189,12,1,0,api_da_plataforma_ficticia,2026-09-01T08:00:00-03:00
P000599,CR0134,creator_ficticio_134,Instagram,2026-07-25T07:16:00-03:00,video,False,,,840,61,10,9,api_da_plataforma_ficticia,2026-09-01T08:00:00-03:00
P000600,CR0148,creator_ficticio_148,Instagram,2026-08-01T15:27:00-03:00,video,False,,,49607,401,62,44,api_da_plataforma_ficticia,2026-09-01T08:00:00-03:00
P000601,CR0109,creator_ficticio_109,YouTube,2026-06-02T12:58:00-03:00,imagem,True,CRM-00044,15000.0,81127,7881,959,1011,api_da_plataforma_ficticia,2026-09-01T08:00:00-03:00
P000602,CR0089,creator_ficticio_089,TikTok,2026-08-06T18:01:00-03:00,imagem,True,CRM-00018,3000.0,28532,1338,170,158,api_da_plataforma_ficticia,2026-09-01T08:00:00-03:00
P000603,CR0033,creator_ficticio_033,YouTube,2026-08-29T09:06:00-03:00,video,False,,,186772,3461,453,459,api_da_plataforma_ficticia,2026-09-01T08:00:00-03:00
P000604,CR0130,creator_ficticio_130,YouTube,2026-08-25T02:09:00-03:00,video,False,,,150,14,2,2,api_da_plataforma_ficticia,2026-09-01T08:00:00-03:00
P000605,CR0014,creator_ficticio_014,TikTok,2026-07-09T00:59:00-03:00,video,False,,,23585,195,20,22,api_da_plataforma_ficticia,2026-09-01T08:00:00-03:00
P000606,CR0106,creator_ficticio_106,YouTube,2026-08-06T08:26:00-03:00,carrossel,True,CRM-00054,1200.0,981,22,3,1,api_da_plataforma_ficticia,2026-09-01T08:00:00-03:00
P000607,CR0126,creator_ficticio_126,TikTok,2026-07-02T22:42:00-03:00,video,False,,,2095,102,17,17,api_da_plataforma_ficticia,2026-09-01T08:00:00-03:00
P000608,CR0069,creator_ficticio_069,YouTube,2026-08-19T19:15:00-03:00,imagem,False,,,4328,64,7,6,api_da_plataforma_ficticia,2026-09-01T08:00:00-03:00
P000609,CR0085,creator_ficticio_085,YouTube,2026-06-22T18:07:00-03:00,video,False,,,154,9,0,2,api_da_plataforma_ficticia,2026-09-01T08:00:00-03:00
P000610,CR0121,creator_ficticio_121,YouTube,2026-08-26T06:17:00-03:00,video,False,,,3836,195,19,31,api_da_plataforma_ficticia,2026-09-01T08:00:00-03:00
P000611,CR0139,creator_ficticio_139,YouTube,2026-06-15T08:29:00-03:00,imagem,False,,,624,60,5,5,api_da_plataforma_ficticia,2026-09-01T08:00:00-03:00
P000612,CR0004,creator_ficticio_004,Instagram,2026-07-27T23:08:00-03:00,video,False,,,2971,295,48,41,api_da_plataforma_ficticia,2026-09-01T08:00:00-03:00
P000613,CR0077,creator_ficticio_077,Instagram,2026-06-17T12:44:00-03:00,video,True,CRM-00038,1200.0,3509,50,6,2,api_da_plataforma_ficticia,2026-09-01T08:00:00-03:00
P000614,CR0061,creator_ficticio_061,Instagram,2026-08-07T08:06:00-03:00,video,True,CRM-00012,15000.0,2669,56,8,6,api_da_plataforma_ficticia,2026-09-01T08:00:00-03:00
P000615,CR0034,creator_ficticio_034,TikTok,2026-07-04T12:31:00-03:00,video,True,CRM-00016,1200.0,40,0,0,0,api_da_plataforma_ficticia,2026-09-01T08:00:00-03:00
P000616,CR0129,creator_ficticio_129,YouTube,2026-08-13T15:59:00-03:00,imagem,False,,,61,0,0,1,api_da_plataforma_ficticia,2026-09-01T08:00:00-03:00
P000617,CR0020,creator_ficticio_020,TikTok,2026-08-03T22:24:00-03:00,video,False,,,4240,265,33,31,api_da_plataforma_ficticia,2026-09-01T08:00:00-03:00
P000618,CR0050,creator_ficticio_050,YouTube,2026-08-18T09:30:00-03:00,carrossel,False,,,14186,62,15,7,api_da_plataforma_ficticia,2026-09-01T08:00:00-03:00
P000619,CR0062,creator_ficticio_062,Instagram,2026-07-02T01:36:00-03:00,imagem,True,CRM-00027,15000.0,1039,35,6,4,api_da_plataforma_ficticia,2026-09-01T08:00:00-03:00
P000620,CR0034,creator_ficticio_034,YouTube,2026-07-10T18:51:00-03:00,imagem,True,CRM-00020,500.0,118,19,1,1,api_da_plataforma_ficticia,2026-09-01T08:00:00-03:00
P000621,CR0102,creator_ficticio_102,TikTok,2026-08-06T23:30:00-03:00,video,True,CRM-00034,3000.0,16917,795,94,89,api_da_plataforma_ficticia,2026-09-01T08:00:00-03:00
P000622,CR0095,creator_ficticio_095,YouTube,2026-08-21T10:35:00-03:00,video,True,CRM-00028,3000.0,406115,47264,5788,5861,api_da_plataforma_ficticia,2026-09-01T08:00:00-03:00
P000623,CR0000,creator_ficticio_000,Instagram,2026-07-31T16:44:00-03:00,carrossel,True,CRM-00017,1200.0,938,32,6,5,api_da_plataforma_ficticia,2026-09-01T08:00:00-03:00
P000624,CR0023,creator_ficticio_023,YouTube,2026-08-15T12:08:00-03:00,carrossel,False,,,11453,681,70,80,api_da_plataforma_ficticia,2026-09-01T08:00:00-03:00
P000625,CR0059,creator_ficticio_059,YouTube,2026-08-07T05:32:00-03:00,video,True,CRM-00049,500.0,3364,151,15,18,api_da_plataforma_ficticia,2026-09-01T08:00:00-03:00
P000626,CR0132,creator_ficticio_132,TikTok,2026-06-21T18:19:00-03:00,video,False,,,1282,113,16,16,api_da_plataforma_ficticia,2026-09-01T08:00:00-03:00
P000627,CR0060,creator_ficticio_060,YouTube,2026-07-23T10:39:00-03:00,video,False,,,37,4,0,1,api_da_plataforma_ficticia,2026-09-01T08:00:00-03:00
P000628,CR0063,creator_ficticio_063,YouTube,2026-06-11T11:29:00-03:00,imagem,True,CRM-00055,1200.0,859,45,7,9,api_da_plataforma_ficticia,2026-09-01T08:00:00-03:00
P000629,CR0100,creator_ficticio_100,YouTube,2026-06-14T04:11:00-03:00,carrossel,False,,,151,4,0,1,api_da_plataforma_ficticia,2026-09-01T08:00:00-03:00
P000630,CR0118,creator_ficticio_118,Instagram,2026-07-15T11:53:00-03:00,video,True,CRM-00038,1200.0,2052,113,17,11,api_da_plataforma_ficticia,2026-09-01T08:00:00-03:00
P000631,CR0029,creator_ficticio_029,YouTube,2026-07-06T02:12:00-03:00,imagem,False,,,23887,318,43,50,api_da_plataforma_ficticia,2026-09-01T08:00:00-03:00
P000632,CR0100,creator_ficticio_100,Instagram,2026-08-22T15:07:00-03:00,video,False,,,768,32,5,5,api_da_plataforma_ficticia,2026-09-01T08:00:00-03:00
P000633,CR0131,creator_ficticio_131,TikTok,2026-08-16T08:05:00-03:00,video,True,CRM-00050,15000.0,1651,42,8,8,api_da_plataforma_ficticia,2026-09-01T08:00:00-03:00
P000634,CR0133,creator_ficticio_133,YouTube,2026-06-10T11:44:00-03:00,imagem,False,,,2692,28,4,0,api_da_plataforma_ficticia,2026-09-01T08:00:00-03:00
P000635,CR0048,creator_ficticio_048,YouTube,2026-08-08T03:35:00-03:00,video,True,CRM-00012,3000.0,84812,1850,252,234,api_da_plataforma_ficticia,2026-09-01T08:00:00-03:00
P000636,CR0115,creator_ficticio_115,TikTok,2026-07-19T14:00:00-03:00,video,False,,,15349,399,45,50,api_da_plataforma_ficticia,2026-09-01T08:00:00-03:00
P000637,CR0124,creator_ficticio_124,TikTok,2026-08-04T06:17:00-03:00,video,True,CRM-00049,1200.0,1236,92,6,9,api_da_plataforma_ficticia,2026-09-01T08:00:00-03:00
P000638,CR0022,creator_ficticio_022,TikTok,2026-07-10T09:17:00-03:00,imagem,False,,,2455,133,13,16,api_da_plataforma_ficticia,2026-09-01T08:00:00-03:00
P000639,CR0124,creator_ficticio_124,YouTube,2026-08-08T02:20:00-03:00,carrossel,True,CRM-00027,15000.0,31728,535,73,78,api_da_plataforma_ficticia,2026-09-01T08:00:00-03:00
P000640,CR0139,creator_ficticio_139,TikTok,2026-06-20T21:13:00-03:00,video,False,,,118,7,1,0,api_da_plataforma_ficticia,2026-09-01T08:00:00-03:00
P000641,CR0132,creator_ficticio_132,Instagram,2026-08-08T04:55:00-03:00,imagem,False,,,23311,1394,177,157,api_da_plataforma_ficticia,2026-09-01T08:00:00-03:00
P000642,CR0130,creator_ficticio_130,YouTube,2026-08-29T06:40:00-03:00,carrossel,True,CRM-00009,3000.0,9,1,0,0,api_da_plataforma_ficticia,2026-09-01T08:00:00-03:00
P000643,CR0038,creator_ficticio_038,YouTube,2026-07-07T18:59:00-03:00,video,True,CRM-00027,500.0,71,0,0,0,api_da_plataforma_ficticia,2026-09-01T08:00:00-03:00
P000644,CR0074,creator_ficticio_074,TikTok,2026-06-23T15:48:00-03:00,video,False,,,1336,52,4,5,api_da_plataforma_ficticia,2026-09-01T08:00:00-03:00
P000645,CR0125,creator_ficticio_125,YouTube,2026-08-15T15:27:00-03:00,imagem,False,,,30876,520,59,59,api_da_plataforma_ficticia,2026-09-01T08:00:00-03:00
P000646,CR0013,creator_ficticio_013,Instagram,2026-06-04T18:10:00-03:00,video,False,,,782,21,3,3,api_da_plataforma_ficticia,2026-09-01T08:00:00-03:00
P000647,CR0034,creator_ficticio_034,YouTube,2026-07-28T05:56:00-03:00,imagem,True,CRM-00050,3000.0,3172,406,42,40,api_da_plataforma_ficticia,2026-09-01T08:00:00-03:00
P000648,CR0031,creator_ficticio_031,TikTok,2026-06-26T16:54:00-03:00,carrossel,False,,,11195,202,29,26,api_da_plataforma_ficticia,2026-09-01T08:00:00-03:00
P000649,CR0059,creator_ficticio_059,Instagram,2026-07-17T00:08:00-03:00,video,False,,,1845,102,13,14,api_da_plataforma_ficticia,2026-09-01T08:00:00-03:00
P000650,CR0017,creator_ficticio_017,TikTok,2026-08-07T04:02:00-03:00,video,False,,,3384,170,18,19,api_da_plataforma_ficticia,2026-09-01T08:00:00-03:00
P000651,CR0026,creator_ficticio_026,TikTok,2026-06-27T15:07:00-03:00,video,False,,,2348,55,7,7,api_da_plataforma_ficticia,2026-09-01T08:00:00-03:00
P000652,CR0147,creator_ficticio_147,Instagram,2026-08-10T18:13:00-03:00,carrossel,True,CRM-00031,15000.0,16830,1094,145,120,api_da_plataforma_ficticia,2026-09-01T08:00:00-03:00
P000653,CR0072,creator_ficticio_072,YouTube,2026-08-18T01:34:00-03:00,carrossel,False,,,24186,1303,151,166,api_da_plataforma_ficticia,2026-09-01T08:00:00-03:00
P000654,CR0122,creator_ficticio_122,Instagram,2026-06-17T15:32:00-03:00,carrossel,False,,,290,7,2,0,api_da_plataforma_ficticia,2026-09-01T08:00:00-03:00
P000655,CR0011,creator_ficticio_011,TikTok,2026-06-24T07:33:00-03:00,carrossel,False,,,1049,26,4,2,api_da_plataforma_ficticia,2026-09-01T08:00:00-03:00
P000656,CR0007,creator_ficticio_007,TikTok,2026-06-16T18:55:00-03:00,carrossel,True,CRM-00033,3000.0,6137,212,33,30,api_da_plataforma_ficticia,2026-09-01T08:00:00-03:00
P000657,CR0143,creator_ficticio_143,Instagram,2026-08-06T16:00:00-03:00,video,False,,,5615,150,17,18,api_da_plataforma_ficticia,2026-09-01T08:00:00-03:00
P000658,CR0144,creator_ficticio_144,Instagram,2026-06-03T18:07:00-03:00,video,False,,,1530,49,5,2,api_da_plataforma_ficticia,2026-09-01T08:00:00-03:00
P000659,CR0001,creator_ficticio_001,YouTube,2026-06-04T03:37:00-03:00,video,False,,,36,1,0,0,api_da_plataforma_ficticia,2026-09-01T08:00:00-03:00
P000660,CR0036,creator_ficticio_036,YouTube,2026-08-24T09:55:00-03:00,imagem,True,CRM-00041,15000.0,320,5,1,1,api_da_plataforma_ficticia,2026-09-01T08:00:00-03:00
P000661,CR0074,creator_ficticio_074,Instagram,2026-06-26T01:23:00-03:00,video,False,,,59067,2336,267,311,api_da_plataforma_ficticia,2026-09-01T08:00:00-03:00
P000662,CR0096,creator_ficticio_096,TikTok,2026-06-12T01:21:00-03:00,video,False,,,4342,515,72,63,api_da_plataforma_ficticia,2026-09-01T08:00:00-03:00
P000663,CR0125,creator_ficticio_125,TikTok,2026-08-11T04:29:00-03:00,video,True,CRM-00028,1200.0,551313,15126,1934,1956,api_da_plataforma_ficticia,2026-09-01T08:00:00-03:00
P000664,CR0001,creator_ficticio_001,Instagram,2026-07-03T19:16:00-03:00,video,False,,,1145,142,19,19,api_da_plataforma_ficticia,2026-09-01T08:00:00-03:00
P000665,CR0019,creator_ficticio_019,Instagram,2026-07-11T16:37:00-03:00,video,True,CRM-00019,1200.0,442,21,2,5,api_da_plataforma_ficticia,2026-09-01T08:00:00-03:00
P000666,CR0003,creator_ficticio_003,YouTube,2026-06-01T09:31:00-03:00,carrossel,True,CRM-00015,500.0,18959,934,104,123,api_da_plataforma_ficticia,2026-09-01T08:00:00-03:00
P000667,CR0089,creator_ficticio_089,TikTok,2026-08-13T05:23:00-03:00,imagem,True,CRM-00035,15000.0,84836,2979,371,401,api_da_plataforma_ficticia,2026-09-01T08:00:00-03:00
P000668,CR0081,creator_ficticio_081,Instagram,2026-06-08T04:11:00-03:00,video,False,,,2408,87,8,9,api_da_plataforma_ficticia,2026-09-01T08:00:00-03:00
P000669,CR0079,creator_ficticio_079,Instagram,2026-06-29T11:15:00-03:00,imagem,True,CRM-00047,1200.0,2049,82,14,10,api_da_plataforma_ficticia,2026-09-01T08:00:00-03:00
P000670,CR0030,creator_ficticio_030,Instagram,2026-07-04T03:52:00-03:00,carrossel,False,,,3727,5,0,0,api_da_plataforma_ficticia,2026-09-01T08:00:00-03:00
P000671,CR0113,creator_ficticio_113,Instagram,2026-06-18T20:20:00-03:00,carrossel,True,CRM-00036,500.0,2715,534,88,81,api_da_plataforma_ficticia,2026-09-01T08:00:00-03:00
P000672,CR0137,creator_ficticio_137,TikTok,2026-08-08T09:53:00-03:00,carrossel,True,CRM-00013,15000.0,3843,80,10,3,api_da_plataforma_ficticia,2026-09-01T08:00:00-03:00
P000673,CR0104,creator_ficticio_104,YouTube,2026-08-06T22:46:00-03:00,carrossel,True,CRM-00024,15000.0,243,25,2,5,api_da_plataforma_ficticia,2026-09-01T08:00:00-03:00
P000674,CR0147,creator_ficticio_147,Instagram,2026-06-06T14:10:00-03:00,video,True,CRM-00048,1200.0,14629,1909,228,256,api_da_plataforma_ficticia,2026-09-01T08:00:00-03:00
P000675,CR0123,creator_ficticio_123,TikTok,2026-08-13T19:10:00-03:00,imagem,False,,,5749,113,18,11,api_da_plataforma_ficticia,2026-09-01T08:00:00-03:00
P000676,CR0012,creator_ficticio_012,YouTube,2026-08-13T13:02:00-03:00,video,False,,,3727,516,64,65,api_da_plataforma_ficticia,2026-09-01T08:00:00-03:00
P000677,CR0118,creator_ficticio_118,Instagram,2026-08-20T05:45:00-03:00,video,True,CRM-00022,15000.0,231,1,0,0,api_da_plataforma_ficticia,2026-09-01T08:00:00-03:00
P000678,CR0092,creator_ficticio_092,Instagram,2026-07-30T06:26:00-03:00,video,False,,,2491,226,33,28,api_da_plataforma_ficticia,2026-09-01T08:00:00-03:00
P000679,CR0087,creator_ficticio_087,YouTube,2026-06-19T18:30:00-03:00,imagem,False,,,4371,150,16,24,api_da_plataforma_ficticia,2026-09-01T08:00:00-03:00
P000680,CR0030,creator_ficticio_030,TikTok,2026-06-24T13:06:00-03:00,carrossel,False,,,365,9,0,1,api_da_plataforma_ficticia,2026-09-01T08:00:00-03:00
P000681,CR0052,creator_ficticio_052,YouTube,2026-06-01T14:46:00-03:00,carrossel,False,,,32,5,0,0,api_da_plataforma_ficticia,2026-09-01T08:00:00-03:00
P000682,CR0053,creator_ficticio_053,Instagram,2026-07-07T03:18:00-03:00,video,True,CRM-00058,1200.0,6924,140,13,28,api_da_plataforma_ficticia,2026-09-01T08:00:00-03:00
P000683,CR0016,creator_ficticio_016,TikTok,2026-06-24T11:03:00-03:00,video,False,,,60,6,0,0,api_da_plataforma_ficticia,2026-09-01T08:00:00-03:00
P000684,CR0050,creator_ficticio_050,Instagram,2026-06-11T14:53:00-03:00,video,True,CRM-00035,3000.0,54232,2636,341,391,api_da_plataforma_ficticia,2026-09-01T08:00:00-03:00
P000685,CR0024,creator_ficticio_024,Instagram,2026-07-02T08:25:00-03:00,carrossel,False,,,13067,104,12,10,api_da_plataforma_ficticia,2026-09-01T08:00:00-03:00
P000686,CR0068,creator_ficticio_068,Instagram,2026-08-07T08:20:00-03:00,video,False,,,879,34,4,3,api_da_plataforma_ficticia,2026-09-01T08:00:00-03:00
P000687,CR0130,creator_ficticio_130,YouTube,2026-07-15T17:07:00-03:00,imagem,False,,,60,1,0,0,api_da_plataforma_ficticia,2026-09-01T08:00:00-03:00
P000688,CR0111,creator_ficticio_111,YouTube,2026-06-11T23:49:00-03:00,video,True,CRM-00033,3000.0,423,24,2,1,api_da_plataforma_ficticia,2026-09-01T08:00:00-03:00
P000689,CR0039,creator_ficticio_039,YouTube,2026-06-24T11:59:00-03:00,carrossel,False,,,36855,768,94,105,api_da_plataforma_ficticia,2026-09-01T08:00:00-03:00
P000690,CR0087,creator_ficticio_087,TikTok,2026-07-21T19:53:00-03:00,video,False,,,695,19,0,3,api_da_plataforma_ficticia,2026-09-01T08:00:00-03:00
P000691,CR0134,creator_ficticio_134,Instagram,2026-06-14T12:45:00-03:00,video,False,,,2283,137,12,16,api_da_plataforma_ficticia,2026-09-01T08:00:00-03:00
P000692,CR0142,creator_ficticio_142,TikTok,2026-08-07T10:25:00-03:00,imagem,True,CRM-00045,500.0,1239,61,7,2,api_da_plataforma_ficticia,2026-09-01T08:00:00-03:00
P000693,CR0045,creator_ficticio_045,Instagram,2026-07-24T12:13:00-03:00,video,False,,,18154,1093,144,146,api_da_plataforma_ficticia,2026-09-01T08:00:00-03:00
P000694,CR0046,creator_ficticio_046,Instagram,2026-06-25T20:31:00-03:00,carrossel,False,,,5244,141,22,22,api_da_plataforma_ficticia,2026-09-01T08:00:00-03:00
P000695,CR0008,creator_ficticio_008,TikTok,2026-07-10T01:53:00-03:00,imagem,True,CRM-00055,500.0,9866,790,86,112,api_da_plataforma_ficticia,2026-09-01T08:00:00-03:00
P000696,CR0114,creator_ficticio_114,YouTube,2026-08-16T11:41:00-03:00,video,False,,,13439,708,96,93,api_da_plataforma_ficticia,2026-09-01T08:00:00-03:00
P000697,CR0043,creator_ficticio_043,TikTok,2026-06-26T02:57:00-03:00,carrossel,False,,,20729,454,42,44,api_da_plataforma_ficticia,2026-09-01T08:00:00-03:00
P000698,CR0053,creator_ficticio_053,TikTok,2026-06-21T18:30:00-03:00,carrossel,True,CRM-00055,500.0,50748,3278,434,409,api_da_plataforma_ficticia,2026-09-01T08:00:00-03:00
P000699,CR0057,creator_ficticio_057,YouTube,2026-08-29T22:22:00-03:00,carrossel,True,CRM-00009,3000.0,4152,265,30,33,api_da_plataforma_ficticia,2026-09-01T08:00:00-03:00
P000700,CR0014,creator_ficticio_014,TikTok,2026-08-11T05:31:00-03:00,carrossel,False,,,3103,50,5,3,api_da_plataforma_ficticia,2026-09-01T08:00:00-03:00
P000701,CR0015,creator_ficticio_015,Instagram,2026-07-19T23:07:00-03:00,imagem,False,,,382,20,1,4,api_da_plataforma_ficticia,2026-09-01T08:00:00-03:00
P000702,CR0087,creator_ficticio_087,YouTube,2026-06-10T14:49:00-03:00,imagem,False,,,373,9,0,2,api_da_plataforma_ficticia,2026-09-01T08:00:00-03:00
P000703,CR0064,creator_ficticio_064,Instagram,2026-06-17T04:54:00-03:00,video,True,CRM-00022,3000.0,3646,77,14,6,api_da_plataforma_ficticia,2026-09-01T08:00:00-03:00
P000704,CR0049,creator_ficticio_049,YouTube,2026-06-21T21:26:00-03:00,video,False,,,2580,123,16,10,api_da_plataforma_ficticia,2026-09-01T08:00:00-03:00
P000705,CR0119,creator_ficticio_119,YouTube,2026-07-14T15:34:00-03:00,imagem,False,,,2023,91,7,10,api_da_plataforma_ficticia,2026-09-01T08:00:00-03:00
P000706,CR0032,creator_ficticio_032,Instagram,2026-06-29T06:54:00-03:00,imagem,True,CRM-00015,3000.0,23621,1932,222,252,api_da_plataforma_ficticia,2026-09-01T08:00:00-03:00
P000707,CR0062,creator_ficticio_062,YouTube,2026-08-13T05:39:00-03:00,imagem,False,,,2067,149,31,21,api_da_plataforma_ficticia,2026-09-01T08:00:00-03:00
P000708,CR0047,creator_ficticio_047,YouTube,2026-06-07T15:36:00-03:00,video,True,CRM-00037,15000.0,4085,230,28,23,api_da_plataforma_ficticia,2026-09-01T08:00:00-03:00
P000709,CR0074,creator_ficticio_074,TikTok,2026-06-12T03:43:00-03:00,carrossel,False,,,10356,296,35,44,api_da_plataforma_ficticia,2026-09-01T08:00:00-03:00
P000710,CR0019,creator_ficticio_019,YouTube,2026-07-09T11:11:00-03:00,video,True,CRM-00029,1200.0,70,4,2,1,api_da_plataforma_ficticia,2026-09-01T08:00:00-03:00
P000711,CR0149,creator_ficticio_149,TikTok,2026-07-30T16:56:00-03:00,carrossel,False,,,922,63,11,10,api_da_plataforma_ficticia,2026-09-01T08:00:00-03:00
P000712,CR0043,creator_ficticio_043,YouTube,2026-07-09T12:01:00-03:00,carrossel,False,,,116129,11688,1432,1428,api_da_plataforma_ficticia,2026-09-01T08:00:00-03:00
P000713,CR0032,creator_ficticio_032,YouTube,2026-08-20T11:37:00-03:00,video,True,CRM-00058,3000.0,8355,465,69,66,api_da_plataforma_ficticia,2026-09-01T08:00:00-03:00
P000714,CR0104,creator_ficticio_104,YouTube,2026-07-17T23:43:00-03:00,video,False,,,11840,778,75,94,api_da_plataforma_ficticia,2026-09-01T08:00:00-03:00
P000715,CR0081,creator_ficticio_081,YouTube,2026-07-11T14:52:00-03:00,carrossel,False,,,335,13,0,5,api_da_plataforma_ficticia,2026-09-01T08:00:00-03:00
P000716,CR0111,creator_ficticio_111,TikTok,2026-07-27T03:14:00-03:00,imagem,False,,,1455,28,2,10,api_da_plataforma_ficticia,2026-09-01T08:00:00-03:00
P000717,CR0148,creator_ficticio_148,Instagram,2026-07-29T08:46:00-03:00,video,False,,,474,12,1,0,api_da_plataforma_ficticia,2026-09-01T08:00:00-03:00
P000718,CR0104,creator_ficticio_104,Instagram,2026-08-25T00:42:00-03:00,video,True,CRM-00003,1200.0,6479,145,17,19,api_da_plataforma_ficticia,2026-09-01T08:00:00-03:00
P000719,CR0074,creator_ficticio_074,Instagram,2026-07-01T04:14:00-03:00,video,True,CRM-00025,3000.0,42585,175,18,20,api_da_plataforma_ficticia,2026-09-01T08:00:00-03:00
P000720,CR0048,creator_ficticio_048,TikTok,2026-06-15T08:43:00-03:00,imagem,False,,,368912,4450,559,536,api_da_plataforma_ficticia,2026-09-01T08:00:00-03:00
P000721,CR0088,creator_ficticio_088,Instagram,2026-07-03T16:48:00-03:00,imagem,False,,,1918,82,16,5,api_da_plataforma_ficticia,2026-09-01T08:00:00-03:00
P000722,CR0136,creator_ficticio_136,Instagram,2026-06-13T00:08:00-03:00,carrossel,False,,,13098,67,14,13,api_da_plataforma_ficticia,2026-09-01T08:00:00-03:00
P000723,CR0082,creator_ficticio_082,YouTube,2026-06-05T17:33:00-03:00,video,False,,,3568,255,25,34,api_da_plataforma_ficticia,2026-09-01T08:00:00-03:00
P000724,CR0082,creator_ficticio_082,YouTube,2026-08-04T10:49:00-03:00,carrossel,False,,,9552,109,10,13,api_da_plataforma_ficticia,2026-09-01T08:00:00-03:00
P000725,CR0017,creator_ficticio_017,Instagram,2026-08-07T00:48:00-03:00,video,True,CRM-00054,15000.0,7724,447,45,57,api_da_plataforma_ficticia,2026-09-01T08:00:00-03:00
P000726,CR0065,creator_ficticio_065,YouTube,2026-08-18T06:32:00-03:00,carrossel,False,,,15423,1274,157,150,api_da_plataforma_ficticia,2026-09-01T08:00:00-03:00
P000727,CR0107,creator_ficticio_107,Instagram,2026-08-19T20:55:00-03:00,carrossel,False,,,6478,74,11,7,api_da_plataforma_ficticia,2026-09-01T08:00:00-03:00
P000728,CR0123,creator_ficticio_123,TikTok,2026-07-21T04:18:00-03:00,imagem,True,CRM-00039,15000.0,1667,19,3,2,api_da_plataforma_ficticia,2026-09-01T08:00:00-03:00
P000729,CR0136,creator_ficticio_136,TikTok,2026-06-10T14:32:00-03:00,video,True,CRM-00036,500.0,7871,216,24,31,api_da_plataforma_ficticia,2026-09-01T08:00:00-03:00
P000730,CR0097,creator_ficticio_097,Instagram,2026-07-16T05:40:00-03:00,imagem,False,,,18460,966,126,108,api_da_plataforma_ficticia,2026-09-01T08:00:00-03:00
P000731,CR0138,creator_ficticio_138,TikTok,2026-08-27T09:05:00-03:00,video,True,CRM-00046,15000.0,203,10,1,0,api_da_plataforma_ficticia,2026-09-01T08:00:00-03:00
P000732,CR0009,creator_ficticio_009,Instagram,2026-08-11T13:26:00-03:00,carrossel,False,,,21989,1064,119,105,api_da_plataforma_ficticia,2026-09-01T08:00:00-03:00
P000733,CR0088,creator_ficticio_088,Instagram,2026-07-25T16:44:00-03:00,video,False,,,1260,59,9,9,api_da_plataforma_ficticia,2026-09-01T08:00:00-03:00
P000734,CR0038,creator_ficticio_038,YouTube,2026-08-11T15:02:00-03:00,carrossel,False,,,6279,207,24,34,api_da_plataforma_ficticia,2026-09-01T08:00:00-03:00
P000735,CR0052,creator_ficticio_052,TikTok,2026-08-04T18:03:00-03:00,video,False,,,4076,274,41,24,api_da_plataforma_ficticia,2026-09-01T08:00:00-03:00
P000736,CR0141,creator_ficticio_141,YouTube,2026-07-28T16:36:00-03:00,video,False,,,844,13,2,1,api_da_plataforma_ficticia,2026-09-01T08:00:00-03:00
P000737,CR0101,creator_ficticio_101,Instagram,2026-07-19T02:18:00-03:00,video,False,,,13957,419,47,57,api_da_plataforma_ficticia,2026-09-01T08:00:00-03:00
P000738,CR0066,creator_ficticio_066,TikTok,2026-08-04T08:04:00-03:00,video,False,,,1966,8,4,1,api_da_plataforma_ficticia,2026-09-01T08:00:00-03:00
P000739,CR0141,creator_ficticio_141,Instagram,2026-06-10T13:06:00-03:00,imagem,False,,,1314,116,17,15,api_da_plataforma_ficticia,2026-09-01T08:00:00-03:00
P000740,CR0059,creator_ficticio_059,YouTube,2026-07-13T16:39:00-03:00,video,True,CRM-00013,1200.0,150,7,2,0,api_da_plataforma_ficticia,2026-09-01T08:00:00-03:00
P000741,CR0146,creator_ficticio_146,YouTube,2026-08-11T12:58:00-03:00,video,False,,,8362,596,80,58,api_da_plataforma_ficticia,2026-09-01T08:00:00-03:00
P000742,CR0043,creator_ficticio_043,TikTok,2026-07-26T02:58:00-03:00,imagem,False,,,17294,820,128,99,api_da_plataforma_ficticia,2026-09-01T08:00:00-03:00
P000743,CR0042,creator_ficticio_042,TikTok,2026-06-22T20:30:00-03:00,video,True,CRM-00023,15000.0,24,1,0,0,api_da_plataforma_ficticia,2026-09-01T08:00:00-03:00
P000744,CR0096,creator_ficticio_096,TikTok,2026-08-12T01:05:00-03:00,video,True,CRM-00012,15000.0,1863,29,3,1,api_da_plataforma_ficticia,2026-09-01T08:00:00-03:00
P000745,CR0140,creator_ficticio_140,Instagram,2026-08-19T08:47:00-03:00,carrossel,False,,,214624,10311,1287,1343,api_da_plataforma_ficticia,2026-09-01T08:00:00-03:00
P000746,CR0011,creator_ficticio_011,YouTube,2026-08-23T23:55:00-03:00,carrossel,False,,,9037,423,46,40,api_da_plataforma_ficticia,2026-09-01T08:00:00-03:00
P000747,CR0109,creator_ficticio_109,Instagram,2026-08-22T12:37:00-03:00,video,False,,,22460,1644,192,203,api_da_plataforma_ficticia,2026-09-01T08:00:00-03:00
P000748,CR0062,creator_ficticio_062,TikTok,2026-07-28T22:49:00-03:00,video,False,,,660,11,2,1,api_da_plataforma_ficticia,2026-09-01T08:00:00-03:00
P000749,CR0130,creator_ficticio_130,Instagram,2026-06-23T17:44:00-03:00,video,True,CRM-00043,500.0,4,1,0,0,api_da_plataforma_ficticia,2026-09-01T08:00:00-03:00
P000750,CR0116,creator_ficticio_116,Instagram,2026-06-15T18:12:00-03:00,video,True,CRM-00002,15000.0,375,25,4,1,api_da_plataforma_ficticia,2026-09-01T08:00:00-03:00
P000751,CR0025,creator_ficticio_025,Instagram,2026-06-01T17:35:00-03:00,carrossel,False,,,738,40,5,3,api_da_plataforma_ficticia,2026-09-01T08:00:00-03:00
P000752,CR0100,creator_ficticio_100,Instagram,2026-06-06T11:12:00-03:00,video,True,CRM-00030,3000.0,641,48,3,5,api_da_plataforma_ficticia,2026-09-01T08:00:00-03:00
P000753,CR0146,creator_ficticio_146,TikTok,2026-06-16T02:08:00-03:00,video,False,,,47697,1962,233,251,api_da_plataforma_ficticia,2026-09-01T08:00:00-03:00
P000754,CR0022,creator_ficticio_022,TikTok,2026-07-13T11:25:00-03:00,carrossel,True,CRM-00030,15000.0,10052,184,21,25,api_da_plataforma_ficticia,2026-09-01T08:00:00-03:00
P000755,CR0113,creator_ficticio_113,YouTube,2026-08-14T10:04:00-03:00,imagem,False,,,1006,42,8,11,api_da_plataforma_ficticia,2026-09-01T08:00:00-03:00
P000756,CR0016,creator_ficticio_016,YouTube,2026-06-14T18:50:00-03:00,video,True,CRM-00008,3000.0,509,35,0,1,api_da_plataforma_ficticia,2026-09-01T08:00:00-03:00
P000757,CR0024,creator_ficticio_024,YouTube,2026-07-16T05:04:00-03:00,carrossel,True,CRM-00024,15000.0,17783,951,109,121,api_da_plataforma_ficticia,2026-09-01T08:00:00-03:00
P000758,CR0039,creator_ficticio_039,TikTok,2026-08-07T10:46:00-03:00,imagem,True,CRM-00026,1200.0,11480,289,41,20,api_da_plataforma_ficticia,2026-09-01T08:00:00-03:00
P000759,CR0081,creator_ficticio_081,YouTube,2026-08-12T23:46:00-03:00,carrossel,False,,,4218,20,2,3,api_da_plataforma_ficticia,2026-09-01T08:00:00-03:00
P000760,CR0117,creator_ficticio_117,YouTube,2026-07-14T03:10:00-03:00,imagem,True,CRM-00030,3000.0,8766,249,28,29,api_da_plataforma_ficticia,2026-09-01T08:00:00-03:00
P000761,CR0016,creator_ficticio_016,YouTube,2026-07-11T18:05:00-03:00,video,False,,,14341,258,27,33,api_da_plataforma_ficticia,2026-09-01T08:00:00-03:00
P000762,CR0005,creator_ficticio_005,TikTok,2026-08-26T03:27:00-03:00,video,False,,,9047,411,42,39,api_da_plataforma_ficticia,2026-09-01T08:00:00-03:00
P000763,CR0108,creator_ficticio_108,TikTok,2026-07-21T12:24:00-03:00,video,False,,,1789,19,2,0,api_da_plataforma_ficticia,2026-09-01T08:00:00-03:00
P000764,CR0048,creator_ficticio_048,YouTube,2026-07-29T21:58:00-03:00,imagem,False,,,96686,3227,385,386,api_da_plataforma_ficticia,2026-09-01T08:00:00-03:00
P000765,CR0089,creator_ficticio_089,YouTube,2026-07-19T02:37:00-03:00,video,False,,,61620,2429,283,284,api_da_plataforma_ficticia,2026-09-01T08:00:00-03:00
P000766,CR0063,creator_ficticio_063,TikTok,2026-06-03T17:59:00-03:00,imagem,False,,,1328,26,8,3,api_da_plataforma_ficticia,2026-09-01T08:00:00-03:00
P000767,CR0086,creator_ficticio_086,Instagram,2026-07-25T08:12:00-03:00,carrossel,False,,,969,113,6,8,api_da_plataforma_ficticia,2026-09-01T08:00:00-03:00
P000768,CR0049,creator_ficticio_049,TikTok,2026-08-14T15:29:00-03:00,video,True,CRM-00039,15000.0,125003,1484,202,172,api_da_plataforma_ficticia,2026-09-01T08:00:00-03:00
P000769,CR0127,creator_ficticio_127,Instagram,2026-06-09T17:57:00-03:00,video,False,,,21855,2239,281,257,api_da_plataforma_ficticia,2026-09-01T08:00:00-03:00
P000770,CR0017,creator_ficticio_017,YouTube,2026-08-26T08:07:00-03:00,imagem,False,,,327,21,3,0,api_da_plataforma_ficticia,2026-09-01T08:00:00-03:00
P000771,CR0115,creator_ficticio_115,Instagram,2026-07-20T04:59:00-03:00,video,False,,,3357,117,14,12,api_da_plataforma_ficticia,2026-09-01T08:00:00-03:00
P000772,CR0064,creator_ficticio_064,TikTok,2026-07-28T08:02:00-03:00,video,False,,,72,6,0,1,api_da_plataforma_ficticia,2026-09-01T08:00:00-03:00
P000773,CR0013,creator_ficticio_013,TikTok,2026-07-23T04:37:00-03:00,video,False,,,1412,26,6,2,api_da_plataforma_ficticia,2026-09-01T08:00:00-03:00
P000774,CR0135,creator_ficticio_135,TikTok,2026-08-08T01:50:00-03:00,imagem,True,CRM-00010,15000.0,5542,401,50,59,api_da_plataforma_ficticia,2026-09-01T08:00:00-03:00
P000775,CR0114,creator_ficticio_114,TikTok,2026-08-17T05:54:00-03:00,video,False,,,11090,85,12,14,api_da_plataforma_ficticia,2026-09-01T08:00:00-03:00
P000776,CR0023,creator_ficticio_023,YouTube,2026-06-12T05:25:00-03:00,video,False,,,1830,162,16,25,api_da_plataforma_ficticia,2026-09-01T08:00:00-03:00
P000777,CR0081,creator_ficticio_081,Instagram,2026-08-22T03:36:00-03:00,video,False,,,44,5,0,0,api_da_plataforma_ficticia,2026-09-01T08:00:00-03:00
P000778,CR0023,creator_ficticio_023,YouTube,2026-06-19T06:58:00-03:00,imagem,False,,,272,10,2,1,api_da_plataforma_ficticia,2026-09-01T08:00:00-03:00
P000779,CR0028,creator_ficticio_028,YouTube,2026-06-23T16:25:00-03:00,carrossel,True,CRM-00011,1200.0,360,4,1,1,api_da_plataforma_ficticia,2026-09-01T08:00:00-03:00
P000780,CR0044,creator_ficticio_044,Instagram,2026-06-10T14:26:00-03:00,video,False,,,8756,964,141,101,api_da_plataforma_ficticia,2026-09-01T08:00:00-03:00
P000781,CR0052,creator_ficticio_052,Instagram,2026-07-12T22:53:00-03:00,imagem,False,,,315,23,6,1,api_da_plataforma_ficticia,2026-09-01T08:00:00-03:00
P000782,CR0147,creator_ficticio_147,Instagram,2026-08-28T09:16:00-03:00,imagem,False,,,3856,152,17,20,api_da_plataforma_ficticia,2026-09-01T08:00:00-03:00
P000783,CR0076,creator_ficticio_076,Instagram,2026-07-06T01:49:00-03:00,video,False,,,18324,602,72,83,api_da_plataforma_ficticia,2026-09-01T08:00:00-03:00
P000784,CR0062,creator_ficticio_062,TikTok,2026-07-19T10:08:00-03:00,carrossel,False,,,8054,119,14,13,api_da_plataforma_ficticia,2026-09-01T08:00:00-03:00
P000785,CR0128,creator_ficticio_128,TikTok,2026-06-03T17:41:00-03:00,carrossel,False,,,1699,78,12,12,api_da_plataforma_ficticia,2026-09-01T08:00:00-03:00
P000786,CR0005,creator_ficticio_005,Instagram,2026-08-28T20:23:00-03:00,video,False,,,1036,21,2,1,api_da_plataforma_ficticia,2026-09-01T08:00:00-03:00
P000787,CR0132,creator_ficticio_132,YouTube,2026-07-19T19:36:00-03:00,imagem,False,,,5807,100,19,15,api_da_plataforma_ficticia,2026-09-01T08:00:00-03:00
P000788,CR0005,creator_ficticio_005,YouTube,2026-06-04T03:20:00-03:00,carrossel,False,,,274,9,0,1,api_da_plataforma_ficticia,2026-09-01T08:00:00-03:00
P000789,CR0015,creator_ficticio_015,Instagram,2026-06-03T18:56:00-03:00,imagem,True,CRM-00035,15000.0,1982,350,43,49,api_da_plataforma_ficticia,2026-09-01T08:00:00-03:00
P000790,CR0004,creator_ficticio_004,Instagram,2026-06-09T21:47:00-03:00,video,False,,,12880,957,120,128,api_da_plataforma_ficticia,2026-09-01T08:00:00-03:00
P000791,CR0066,creator_ficticio_066,Instagram,2026-08-05T16:04:00-03:00,video,False,,,12820,698,100,105,api_da_plataforma_ficticia,2026-09-01T08:00:00-03:00
P000792,CR0146,creator_ficticio_146,TikTok,2026-06-10T04:13:00-03:00,video,True,CRM-00008,15000.0,13002,822,99,116,api_da_plataforma_ficticia,2026-09-01T08:00:00-03:00
P000793,CR0126,creator_ficticio_126,TikTok,2026-07-11T04:47:00-03:00,carrossel,False,,,3330,316,37,38,api_da_plataforma_ficticia,2026-09-01T08:00:00-03:00
P000794,CR0010,creator_ficticio_010,Instagram,2026-06-06T16:00:00-03:00,video,True,CRM-00013,15000.0,13021,520,71,53,api_da_plataforma_ficticia,2026-09-01T08:00:00-03:00
P000795,CR0090,creator_ficticio_090,Instagram,2026-08-06T05:45:00-03:00,carrossel,False,,,2028,106,10,15,api_da_plataforma_ficticia,2026-09-01T08:00:00-03:00
P000796,CR0140,creator_ficticio_140,Instagram,2026-06-23T15:55:00-03:00,carrossel,False,,,27705,1753,217,208,api_da_plataforma_ficticia,2026-09-01T08:00:00-03:00
P000797,CR0128,creator_ficticio_128,TikTok,2026-08-05T22:38:00-03:00,video,False,,,6547,397,55,48,api_da_plataforma_ficticia,2026-09-01T08:00:00-03:00
P000798,CR0042,creator_ficticio_042,YouTube,2026-07-18T07:28:00-03:00,carrossel,True,CRM-00056,3000.0,2848,206,31,25,api_da_plataforma_ficticia,2026-09-01T08:00:00-03:00
P000799,CR0089,creator_ficticio_089,Instagram,2026-07-20T09:05:00-03:00,imagem,False,,,5525,257,26,31,api_da_plataforma_ficticia,2026-09-01T08:00:00-03:00
P000800,CR0052,creator_ficticio_052,Instagram,2026-06-23T09:30:00-03:00,video,False,,,3597,175,31,26,api_da_plataforma_ficticia,2026-09-01T08:00:00-03:00
P000801,CR0033,creator_ficticio_033,Instagram,2026-08-22T15:11:00-03:00,carrossel,True,CRM-00051,1200.0,116696,12747,1555,1538,api_da_plataforma_ficticia,2026-09-01T08:00:00-03:00
P000802,CR0132,creator_ficticio_132,Instagram,2026-07-09T14:35:00-03:00,carrossel,False,,,72949,4277,532,506,api_da_plataforma_ficticia,2026-09-01T08:00:00-03:00
P000803,CR0075,creator_ficticio_075,TikTok,2026-07-28T07:05:00-03:00,video,True,CRM-00030,500.0,17559,1334,164,156,api_da_plataforma_ficticia,2026-09-01T08:00:00-03:00
P000804,CR0071,creator_ficticio_071,YouTube,2026-06-15T07:19:00-03:00,video,False,,,946,12,0,1,api_da_plataforma_ficticia,2026-09-01T08:00:00-03:00
P000805,CR0077,creator_ficticio_077,TikTok,2026-06-24T23:54:00-03:00,carrossel,False,,,4294,174,26,29,api_da_plataforma_ficticia,2026-09-01T08:00:00-03:00
P000806,CR0031,creator_ficticio_031,YouTube,2026-08-17T05:21:00-03:00,imagem,False,,,627,17,2,3,api_da_plataforma_ficticia,2026-09-01T08:00:00-03:00
P000807,CR0134,creator_ficticio_134,YouTube,2026-07-13T05:17:00-03:00,carrossel,False,,,4913,256,31,31,api_da_plataforma_ficticia,2026-09-01T08:00:00-03:00
P000808,CR0089,creator_ficticio_089,Instagram,2026-06-11T14:47:00-03:00,carrossel,False,,,3176,83,3,9,api_da_plataforma_ficticia,2026-09-01T08:00:00-03:00
P000809,CR0053,creator_ficticio_053,Instagram,2026-06-15T03:54:00-03:00,video,False,,,33492,1728,213,242,api_da_plataforma_ficticia,2026-09-01T08:00:00-03:00
P000810,CR0089,creator_ficticio_089,TikTok,2026-07-21T06:13:00-03:00,video,True,CRM-00012,3000.0,4249,38,3,2,api_da_plataforma_ficticia,2026-09-01T08:00:00-03:00
P000811,CR0035,creator_ficticio_035,Instagram,2026-08-27T01:05:00-03:00,video,False,,,31294,1554,207,211,api_da_plataforma_ficticia,2026-09-01T08:00:00-03:00
P000812,CR0073,creator_ficticio_073,YouTube,2026-06-13T02:09:00-03:00,carrossel,True,CRM-00040,3000.0,3381,79,5,5,api_da_plataforma_ficticia,2026-09-01T08:00:00-03:00
P000813,CR0112,creator_ficticio_112,YouTube,2026-06-15T18:00:00-03:00,carrossel,False,,,322,13,1,1,api_da_plataforma_ficticia,2026-09-01T08:00:00-03:00
P000814,CR0124,creator_ficticio_124,Instagram,2026-06-30T10:43:00-03:00,video,False,,,4471,116,20,12,api_da_plataforma_ficticia,2026-09-01T08:00:00-03:00
P000815,CR0062,creator_ficticio_062,Instagram,2026-08-20T12:49:00-03:00,video,False,,,3256,4,2,4,api_da_plataforma_ficticia,2026-09-01T08:00:00-03:00
P000816,CR0107,creator_ficticio_107,YouTube,2026-07-27T23:25:00-03:00,video,False,,,5808,492,63,68,api_da_plataforma_ficticia,2026-09-01T08:00:00-03:00
P000817,CR0072,creator_ficticio_072,Instagram,2026-06-29T10:20:00-03:00,video,False,,,232472,1799,216,220,api_da_plataforma_ficticia,2026-09-01T08:00:00-03:00
P000818,CR0011,creator_ficticio_011,Instagram,2026-08-17T11:38:00-03:00,carrossel,False,,,1364,115,19,10,api_da_plataforma_ficticia,2026-09-01T08:00:00-03:00
P000819,CR0146,creator_ficticio_146,Instagram,2026-08-16T02:07:00-03:00,carrossel,False,,,65895,581,69,95,api_da_plataforma_ficticia,2026-09-01T08:00:00-03:00
P000820,CR0130,creator_ficticio_130,Instagram,2026-06-04T19:40:00-03:00,carrossel,False,,,587,36,3,5,api_da_plataforma_ficticia,2026-09-01T08:00:00-03:00
P000821,CR0101,creator_ficticio_101,YouTube,2026-07-23T16:00:00-03:00,video,False,,,5285,96,11,10,api_da_plataforma_ficticia,2026-09-01T08:00:00-03:00
P000822,CR0007,creator_ficticio_007,YouTube,2026-07-26T04:48:00-03:00,imagem,False,,,7825,192,32,21,api_da_plataforma_ficticia,2026-09-01T08:00:00-03:00
P000823,CR0100,creator_ficticio_100,Instagram,2026-08-12T07:56:00-03:00,imagem,False,,,405,25,5,3,api_da_plataforma_ficticia,2026-09-01T08:00:00-03:00
P000824,CR0035,creator_ficticio_035,YouTube,2026-06-04T17:07:00-03:00,imagem,False,,,594,96,19,10,api_da_plataforma_ficticia,2026-09-01T08:00:00-03:00
P000825,CR0140,creator_ficticio_140,TikTok,2026-06-23T07:06:00-03:00,video,False,,,30493,346,46,43,api_da_plataforma_ficticia,2026-09-01T08:00:00-03:00
P000826,CR0013,creator_ficticio_013,Instagram,2026-08-22T15:48:00-03:00,video,False,,,16192,1085,121,118,api_da_plataforma_ficticia,2026-09-01T08:00:00-03:00
P000827,CR0107,creator_ficticio_107,YouTube,2026-06-17T21:06:00-03:00,video,False,,,33369,978,107,124,api_da_plataforma_ficticia,2026-09-01T08:00:00-03:00
P000828,CR0058,creator_ficticio_058,TikTok,2026-07-21T19:01:00-03:00,video,False,,,25451,881,97,86,api_da_plataforma_ficticia,2026-09-01T08:00:00-03:00
P000829,CR0143,creator_ficticio_143,Instagram,2026-08-05T12:09:00-03:00,carrossel,True,CRM-00039,1200.0,9124,551,83,81,api_da_plataforma_ficticia,2026-09-01T08:00:00-03:00
P000830,CR0117,creator_ficticio_117,YouTube,2026-06-30T15:42:00-03:00,video,True,CRM-00004,500.0,3320,40,2,4,api_da_plataforma_ficticia,2026-09-01T08:00:00-03:00
P000831,CR0094,creator_ficticio_094,YouTube,2026-08-19T18:42:00-03:00,carrossel,False,,,3952,158,23,18,api_da_plataforma_ficticia,2026-09-01T08:00:00-03:00
P000832,CR0078,creator_ficticio_078,TikTok,2026-08-13T16:53:00-03:00,carrossel,False,,,30219,2939,357,348,api_da_plataforma_ficticia,2026-09-01T08:00:00-03:00
P000833,CR0088,creator_ficticio_088,Instagram,2026-07-06T03:17:00-03:00,video,True,CRM-00036,3000.0,601,1,0,0,api_da_plataforma_ficticia,2026-09-01T08:00:00-03:00
P000834,CR0091,creator_ficticio_091,YouTube,2026-08-26T17:50:00-03:00,video,True,CRM-00020,500.0,403,29,4,3,api_da_plataforma_ficticia,2026-09-01T08:00:00-03:00
P000835,CR0042,creator_ficticio_042,TikTok,2026-07-23T05:58:00-03:00,imagem,False,,,2299,114,14,12,api_da_plataforma_ficticia,2026-09-01T08:00:00-03:00
P000836,CR0080,creator_ficticio_080,TikTok,2026-06-14T02:07:00-03:00,carrossel,True,CRM-00021,1200.0,690809,82280,10282,10260,api_da_plataforma_ficticia,2026-09-01T08:00:00-03:00
P000837,CR0034,creator_ficticio_034,Instagram,2026-07-02T04:15:00-03:00,video,True,CRM-00040,1200.0,1652,72,6,12,api_da_plataforma_ficticia,2026-09-01T08:00:00-03:00
P000838,CR0041,creator_ficticio_041,YouTube,2026-07-25T18:46:00-03:00,video,False,,,4204,338,44,41,api_da_plataforma_ficticia,2026-09-01T08:00:00-03:00
P000839,CR0079,creator_ficticio_079,YouTube,2026-07-19T04:54:00-03:00,video,True,CRM-00030,500.0,6312,318,45,47,api_da_plataforma_ficticia,2026-09-01T08:00:00-03:00
P000840,CR0095,creator_ficticio_095,YouTube,2026-08-24T04:29:00-03:00,video,True,CRM-00056,500.0,17959,861,104,85,api_da_plataforma_ficticia,2026-09-01T08:00:00-03:00
P000841,CR0008,creator_ficticio_008,YouTube,2026-06-03T01:51:00-03:00,imagem,True,CRM-00031,15000.0,4589,118,11,12,api_da_plataforma_ficticia,2026-09-01T08:00:00-03:00
P000842,CR0147,creator_ficticio_147,YouTube,2026-08-06T03:41:00-03:00,video,False,,,2000,222,33,29,api_da_plataforma_ficticia,2026-09-01T08:00:00-03:00
P000843,CR0025,creator_ficticio_025,TikTok,2026-06-25T14:35:00-03:00,imagem,False,,,33649,917,114,115,api_da_plataforma_ficticia,2026-09-01T08:00:00-03:00
P000844,CR0082,creator_ficticio_082,YouTube,2026-06-04T00:35:00-03:00,imagem,False,,,1329,13,2,1,api_da_plataforma_ficticia,2026-09-01T08:00:00-03:00
P000845,CR0106,creator_ficticio_106,Instagram,2026-06-09T05:07:00-03:00,imagem,False,,,17936,527,60,83,api_da_plataforma_ficticia,2026-09-01T08:00:00-03:00
P000846,CR0040,creator_ficticio_040,YouTube,2026-07-04T17:19:00-03:00,video,True,CRM-00043,500.0,2525,177,17,21,api_da_plataforma_ficticia,2026-09-01T08:00:00-03:00
P000847,CR0101,creator_ficticio_101,TikTok,2026-08-26T20:46:00-03:00,carrossel,False,,,1260,9,1,2,api_da_plataforma_ficticia,2026-09-01T08:00:00-03:00
P000848,CR0076,creator_ficticio_076,Instagram,2026-08-01T06:55:00-03:00,video,False,,,3568,237,24,29,api_da_plataforma_ficticia,2026-09-01T08:00:00-03:00
P000849,CR0004,creator_ficticio_004,YouTube,2026-06-03T04:27:00-03:00,carrossel,False,,,4081,151,30,31,api_da_plataforma_ficticia,2026-09-01T08:00:00-03:00
P000850,CR0130,creator_ficticio_130,YouTube,2026-06-14T15:14:00-03:00,carrossel,False,,,52,3,0,0,api_da_plataforma_ficticia,2026-09-01T08:00:00-03:00
P000851,CR0024,creator_ficticio_024,Instagram,2026-08-24T02:20:00-03:00,carrossel,False,,,19540,929,113,103,api_da_plataforma_ficticia,2026-09-01T08:00:00-03:00
P000852,CR0018,creator_ficticio_018,YouTube,2026-06-02T18:13:00-03:00,video,False,,,2322,96,13,12,api_da_plataforma_ficticia,2026-09-01T08:00:00-03:00
P000853,CR0092,creator_ficticio_092,YouTube,2026-07-05T17:18:00-03:00,video,False,,,1634,65,6,6,api_da_plataforma_ficticia,2026-09-01T08:00:00-03:00
P000854,CR0028,creator_ficticio_028,TikTok,2026-06-24T14:54:00-03:00,imagem,True,CRM-00028,15000.0,1123,70,10,8,api_da_plataforma_ficticia,2026-09-01T08:00:00-03:00
P000855,CR0061,creator_ficticio_061,TikTok,2026-07-01T21:15:00-03:00,video,False,,,632,12,2,0,api_da_plataforma_ficticia,2026-09-01T08:00:00-03:00
P000856,CR0005,creator_ficticio_005,Instagram,2026-08-15T13:35:00-03:00,video,True,CRM-00018,500.0,80,0,0,0,api_da_plataforma_ficticia,2026-09-01T08:00:00-03:00
P000857,CR0088,creator_ficticio_088,YouTube,2026-08-20T07:08:00-03:00,video,False,,,2803,304,23,36,api_da_plataforma_ficticia,2026-09-01T08:00:00-03:00
P000858,CR0131,creator_ficticio_131,YouTube,2026-08-19T00:10:00-03:00,carrossel,False,,,63,1,0,0,api_da_plataforma_ficticia,2026-09-01T08:00:00-03:00
P000859,CR0019,creator_ficticio_019,YouTube,2026-07-07T10:55:00-03:00,video,False,,,460,12,0,4,api_da_plataforma_ficticia,2026-09-01T08:00:00-03:00
P000860,CR0085,creator_ficticio_085,TikTok,2026-06-09T10:55:00-03:00,imagem,False,,,36,3,0,0,api_da_plataforma_ficticia,2026-09-01T08:00:00-03:00
P000861,CR0129,creator_ficticio_129,Instagram,2026-08-05T18:26:00-03:00,carrossel,True,CRM-00003,500.0,533,12,5,1,api_da_plataforma_ficticia,2026-09-01T08:00:00-03:00
P000862,CR0032,creator_ficticio_032,YouTube,2026-07-29T14:54:00-03:00,video,True,CRM-00040,3000.0,3280,242,39,38,api_da_plataforma_ficticia,2026-09-01T08:00:00-03:00
P000863,CR0038,creator_ficticio_038,YouTube,2026-08-12T03:44:00-03:00,carrossel,True,CRM-00029,15000.0,1509,9,4,4,api_da_plataforma_ficticia,2026-09-01T08:00:00-03:00
P000864,CR0068,creator_ficticio_068,TikTok,2026-06-24T03:51:00-03:00,video,False,,,1074,67,5,5,api_da_plataforma_ficticia,2026-09-01T08:00:00-03:00
P000865,CR0056,creator_ficticio_056,TikTok,2026-08-11T16:29:00-03:00,carrossel,False,,,1252,27,4,1,api_da_plataforma_ficticia,2026-09-01T08:00:00-03:00
P000866,CR0012,creator_ficticio_012,YouTube,2026-07-24T06:12:00-03:00,video,False,,,9397,469,47,59,api_da_plataforma_ficticia,2026-09-01T08:00:00-03:00
P000867,CR0067,creator_ficticio_067,Instagram,2026-07-13T14:41:00-03:00,video,False,,,21538,575,95,69,api_da_plataforma_ficticia,2026-09-01T08:00:00-03:00
P000868,CR0137,creator_ficticio_137,YouTube,2026-07-08T05:20:00-03:00,video,False,,,7698,441,57,53,api_da_plataforma_ficticia,2026-09-01T08:00:00-03:00
P000869,CR0088,creator_ficticio_088,YouTube,2026-08-14T02:32:00-03:00,imagem,False,,,1147,66,4,13,api_da_plataforma_ficticia,2026-09-01T08:00:00-03:00
P000870,CR0047,creator_ficticio_047,YouTube,2026-06-03T15:00:00-03:00,imagem,True,CRM-00040,500.0,135,1,0,0,api_da_plataforma_ficticia,2026-09-01T08:00:00-03:00
P000871,CR0147,creator_ficticio_147,TikTok,2026-06-26T08:24:00-03:00,carrossel,False,,,3917,223,28,32,api_da_plataforma_ficticia,2026-09-01T08:00:00-03:00
P000872,CR0013,creator_ficticio_013,YouTube,2026-07-31T22:44:00-03:00,imagem,False,,,7549,406,60,65,api_da_plataforma_ficticia,2026-09-01T08:00:00-03:00
P000873,CR0031,creator_ficticio_031,YouTube,2026-06-20T14:21:00-03:00,imagem,False,,,5114,124,14,5,api_da_plataforma_ficticia,2026-09-01T08:00:00-03:00
P000874,CR0148,creator_ficticio_148,YouTube,2026-06-19T14:04:00-03:00,video,False,,,372,37,3,3,api_da_plataforma_ficticia,2026-09-01T08:00:00-03:00
P000875,CR0024,creator_ficticio_024,Instagram,2026-06-28T05:49:00-03:00,video,False,,,193,5,0,0,api_da_plataforma_ficticia,2026-09-01T08:00:00-03:00
P000876,CR0122,creator_ficticio_122,Instagram,2026-07-27T05:01:00-03:00,video,False,,,3713,242,41,33,api_da_plataforma_ficticia,2026-09-01T08:00:00-03:00
P000877,CR0021,creator_ficticio_021,Instagram,2026-07-24T17:28:00-03:00,carrossel,True,CRM-00000,1200.0,9903,459,56,47,api_da_plataforma_ficticia,2026-09-01T08:00:00-03:00
P000878,CR0033,creator_ficticio_033,YouTube,2026-08-02T09:15:00-03:00,carrossel,False,,,46593,832,98,112,api_da_plataforma_ficticia,2026-09-01T08:00:00-03:00
P000879,CR0116,creator_ficticio_116,Instagram,2026-08-22T06:55:00-03:00,imagem,False,,,73,5,0,0,api_da_plataforma_ficticia,2026-09-01T08:00:00-03:00
P000880,CR0097,creator_ficticio_097,Instagram,2026-08-12T19:09:00-03:00,video,True,CRM-00052,1200.0,142392,10265,1282,1236,api_da_plataforma_ficticia,2026-09-01T08:00:00-03:00
P000881,CR0057,creator_ficticio_057,TikTok,2026-08-02T11:51:00-03:00,video,True,CRM-00017,15000.0,5108,495,64,66,api_da_plataforma_ficticia,2026-09-01T08:00:00-03:00
P000882,CR0040,creator_ficticio_040,YouTube,2026-07-19T05:00:00-03:00,video,False,,,4843,432,47,49,api_da_plataforma_ficticia,2026-09-01T08:00:00-03:00
P000883,CR0139,creator_ficticio_139,Instagram,2026-06-26T09:44:00-03:00,carrossel,True,CRM-00012,15000.0,85,1,0,0,api_da_plataforma_ficticia,2026-09-01T08:00:00-03:00
P000884,CR0069,creator_ficticio_069,YouTube,2026-06-09T14:04:00-03:00,video,True,CRM-00004,15000.0,898,26,3,3,api_da_plataforma_ficticia,2026-09-01T08:00:00-03:00
P000885,CR0009,creator_ficticio_009,YouTube,2026-08-25T06:11:00-03:00,carrossel,False,,,932,39,4,8,api_da_plataforma_ficticia,2026-09-01T08:00:00-03:00
P000886,CR0118,creator_ficticio_118,TikTok,2026-06-18T18:54:00-03:00,video,False,,,217,10,2,1,api_da_plataforma_ficticia,2026-09-01T08:00:00-03:00
P000887,CR0079,creator_ficticio_079,YouTube,2026-06-10T11:42:00-03:00,video,False,,,108,5,0,0,api_da_plataforma_ficticia,2026-09-01T08:00:00-03:00
P000888,CR0025,creator_ficticio_025,Instagram,2026-07-23T15:21:00-03:00,video,False,,,5192,44,5,1,api_da_plataforma_ficticia,2026-09-01T08:00:00-03:00
P000889,CR0113,creator_ficticio_113,Instagram,2026-08-08T13:41:00-03:00,imagem,False,,,281,24,4,1,api_da_plataforma_ficticia,2026-09-01T08:00:00-03:00
P000890,CR0077,creator_ficticio_077,YouTube,2026-08-11T17:43:00-03:00,imagem,False,,,1800,65,10,7,api_da_plataforma_ficticia,2026-09-01T08:00:00-03:00
P000891,CR0076,creator_ficticio_076,TikTok,2026-07-16T14:44:00-03:00,video,False,,,95,4,1,0,api_da_plataforma_ficticia,2026-09-01T08:00:00-03:00
P000892,CR0127,creator_ficticio_127,TikTok,2026-06-21T05:19:00-03:00,carrossel,False,,,3698,79,14,13,api_da_plataforma_ficticia,2026-09-01T08:00:00-03:00
P000893,CR0060,creator_ficticio_060,Instagram,2026-07-15T06:19:00-03:00,video,False,,,36,1,0,0,api_da_plataforma_ficticia,2026-09-01T08:00:00-03:00
P000894,CR0006,creator_ficticio_006,YouTube,2026-07-08T19:13:00-03:00,video,False,,,4503,231,32,38,api_da_plataforma_ficticia,2026-09-01T08:00:00-03:00
P000895,CR0121,creator_ficticio_121,TikTok,2026-07-16T20:51:00-03:00,video,True,CRM-00015,1200.0,674,65,3,7,api_da_plataforma_ficticia,2026-09-01T08:00:00-03:00
P000896,CR0030,creator_ficticio_030,TikTok,2026-07-28T02:27:00-03:00,carrossel,False,,,2260,64,14,12,api_da_plataforma_ficticia,2026-09-01T08:00:00-03:00
P000897,CR0076,creator_ficticio_076,TikTok,2026-08-08T13:46:00-03:00,imagem,True,CRM-00043,1200.0,86,2,0,1,api_da_plataforma_ficticia,2026-09-01T08:00:00-03:00
P000898,CR0064,creator_ficticio_064,TikTok,2026-06-16T23:53:00-03:00,video,False,,,178,2,0,0,api_da_plataforma_ficticia,2026-09-01T08:00:00-03:00
P000899,CR0135,creator_ficticio_135,TikTok,2026-08-15T10:29:00-03:00,video,False,,,140182,10974,1360,1359,api_da_plataforma_ficticia,2026-09-01T08:00:00-03:00
P000900,CR0003,creator_ficticio_003,Instagram,2026-06-10T08:24:00-03:00,video,False,,,55057,3973,553,456,api_da_plataforma_ficticia,2026-09-01T08:00:00-03:00
P000901,CR0035,creator_ficticio_035,TikTok,2026-07-29T09:13:00-03:00,video,True,CRM-00000,1200.0,55816,4014,482,514,api_da_plataforma_ficticia,2026-09-01T08:00:00-03:00
P000902,CR0056,creator_ficticio_056,TikTok,2026-07-04T06:09:00-03:00,carrossel,False,,,3899,40,5,4,api_da_plataforma_ficticia,2026-09-01T08:00:00-03:00
P000903,CR0089,creator_ficticio_089,YouTube,2026-06-10T03:25:00-03:00,video,False,,,50265,3607,406,439,api_da_plataforma_ficticia,2026-09-01T08:00:00-03:00
P000904,CR0032,creator_ficticio_032,TikTok,2026-06-12T14:29:00-03:00,imagem,False,,,1561,53,8,5,api_da_plataforma_ficticia,2026-09-01T08:00:00-03:00
P000905,CR0095,creator_ficticio_095,TikTok,2026-08-23T16:30:00-03:00,video,False,,,2297,184,30,30,api_da_plataforma_ficticia,2026-09-01T08:00:00-03:00
P000906,CR0026,creator_ficticio_026,TikTok,2026-07-10T01:04:00-03:00,carrossel,False,,,1130,86,12,11,api_da_plataforma_ficticia,2026-09-01T08:00:00-03:00
P000907,CR0136,creator_ficticio_136,Instagram,2026-06-23T21:11:00-03:00,video,True,CRM-00018,3000.0,13898,598,65,89,api_da_plataforma_ficticia,2026-09-01T08:00:00-03:00
P000908,CR0140,creator_ficticio_140,Instagram,2026-07-20T23:16:00-03:00,video,False,,,1578,50,9,5,api_da_plataforma_ficticia,2026-09-01T08:00:00-03:00
P000909,CR0013,creator_ficticio_013,Instagram,2026-08-20T23:37:00-03:00,video,False,,,13649,346,54,46,api_da_plataforma_ficticia,2026-09-01T08:00:00-03:00
P000910,CR0091,creator_ficticio_091,YouTube,2026-08-20T11:10:00-03:00,video,False,,,495,8,4,1,api_da_plataforma_ficticia,2026-09-01T08:00:00-03:00
P000911,CR0120,creator_ficticio_120,YouTube,2026-07-25T13:02:00-03:00,carrossel,False,,,5506,178,20,18,api_da_plataforma_ficticia,2026-09-01T08:00:00-03:00
P000912,CR0052,creator_ficticio_052,TikTok,2026-07-11T10:21:00-03:00,carrossel,False,,,4759,134,15,16,api_da_plataforma_ficticia,2026-09-01T08:00:00-03:00
P000913,CR0102,creator_ficticio_102,YouTube,2026-07-03T17:22:00-03:00,video,False,,,3576,87,14,16,api_da_plataforma_ficticia,2026-09-01T08:00:00-03:00
P000914,CR0120,creator_ficticio_120,Instagram,2026-07-05T03:50:00-03:00,video,False,,,13520,899,99,103,api_da_plataforma_ficticia,2026-09-01T08:00:00-03:00
P000915,CR0129,creator_ficticio_129,Instagram,2026-08-27T14:48:00-03:00,carrossel,False,,,264,5,2,1,api_da_plataforma_ficticia,2026-09-01T08:00:00-03:00
P000916,CR0087,creator_ficticio_087,Instagram,2026-07-08T02:55:00-03:00,video,False,,,466,22,0,2,api_da_plataforma_ficticia,2026-09-01T08:00:00-03:00
P000917,CR0091,creator_ficticio_091,TikTok,2026-06-15T12:13:00-03:00,carrossel,False,,,958,13,1,2,api_da_plataforma_ficticia,2026-09-01T08:00:00-03:00
P000918,CR0021,creator_ficticio_021,YouTube,2026-06-02T19:09:00-03:00,video,False,,,28032,1527,202,187,api_da_plataforma_ficticia,2026-09-01T08:00:00-03:00
P000919,CR0068,creator_ficticio_068,Instagram,2026-08-08T19:45:00-03:00,imagem,False,,,470,22,3,2,api_da_plataforma_ficticia,2026-09-01T08:00:00-03:00
P000920,CR0108,creator_ficticio_108,Instagram,2026-06-30T14:27:00-03:00,carrossel,False,,,22123,1275,148,177,api_da_plataforma_ficticia,2026-09-01T08:00:00-03:00
P000921,CR0119,creator_ficticio_119,YouTube,2026-07-08T17:44:00-03:00,imagem,True,CRM-00015,3000.0,6184,252,37,39,api_da_plataforma_ficticia,2026-09-01T08:00:00-03:00
P000922,CR0052,creator_ficticio_052,YouTube,2026-08-19T23:13:00-03:00,carrossel,False,,,669,16,1,3,api_da_plataforma_ficticia,2026-09-01T08:00:00-03:00
P000923,CR0042,creator_ficticio_042,YouTube,2026-06-22T12:05:00-03:00,video,False,,,410,29,7,3,api_da_plataforma_ficticia,2026-09-01T08:00:00-03:00
P000924,CR0106,creator_ficticio_106,TikTok,2026-07-19T17:30:00-03:00,video,False,,,10261,593,76,79,api_da_plataforma_ficticia,2026-09-01T08:00:00-03:00
P000925,CR0008,creator_ficticio_008,TikTok,2026-08-09T10:54:00-03:00,carrossel,True,CRM-00013,1200.0,3718,124,13,17,api_da_plataforma_ficticia,2026-09-01T08:00:00-03:00
P000926,CR0032,creator_ficticio_032,TikTok,2026-07-12T15:39:00-03:00,video,False,,,8148,734,93,86,api_da_plataforma_ficticia,2026-09-01T08:00:00-03:00
P000927,CR0112,creator_ficticio_112,TikTok,2026-07-19T02:52:00-03:00,video,False,,,5024,236,27,38,api_da_plataforma_ficticia,2026-09-01T08:00:00-03:00
P000928,CR0101,creator_ficticio_101,Instagram,2026-08-06T19:50:00-03:00,carrossel,False,,,259,5,0,1,api_da_plataforma_ficticia,2026-09-01T08:00:00-03:00
P000929,CR0121,creator_ficticio_121,TikTok,2026-07-11T07:54:00-03:00,video,True,CRM-00041,15000.0,883,29,3,5,api_da_plataforma_ficticia,2026-09-01T08:00:00-03:00
P000930,CR0116,creator_ficticio_116,TikTok,2026-08-19T16:36:00-03:00,imagem,True,CRM-00011,500.0,259,10,0,3,api_da_plataforma_ficticia,2026-09-01T08:00:00-03:00
P000931,CR0124,creator_ficticio_124,Instagram,2026-06-24T16:20:00-03:00,imagem,True,CRM-00055,1200.0,10795,578,64,64,api_da_plataforma_ficticia,2026-09-01T08:00:00-03:00
P000932,CR0048,creator_ficticio_048,Instagram,2026-07-03T00:21:00-03:00,carrossel,False,,,60321,3260,387,395,api_da_plataforma_ficticia,2026-09-01T08:00:00-03:00
P000933,CR0067,creator_ficticio_067,TikTok,2026-08-20T17:58:00-03:00,video,False,,,57228,1490,202,190,api_da_plataforma_ficticia,2026-09-01T08:00:00-03:00
P000934,CR0091,creator_ficticio_091,Instagram,2026-07-22T13:16:00-03:00,carrossel,False,,,1,0,0,0,api_da_plataforma_ficticia,2026-09-01T08:00:00-03:00
P000935,CR0109,creator_ficticio_109,Instagram,2026-06-18T09:11:00-03:00,carrossel,False,,,15287,822,114,104,api_da_plataforma_ficticia,2026-09-01T08:00:00-03:00
P000936,CR0056,creator_ficticio_056,YouTube,2026-07-26T05:47:00-03:00,video,False,,,2063,146,13,21,api_da_plataforma_ficticia,2026-09-01T08:00:00-03:00
P000937,CR0107,creator_ficticio_107,Instagram,2026-07-23T02:29:00-03:00,carrossel,True,CRM-00024,1200.0,507,57,6,7,api_da_plataforma_ficticia,2026-09-01T08:00:00-03:00
P000938,CR0026,creator_ficticio_026,TikTok,2026-08-22T06:10:00-03:00,video,False,,,906,75,5,5,api_da_plataforma_ficticia,2026-09-01T08:00:00-03:00
P000939,CR0043,creator_ficticio_043,TikTok,2026-07-06T14:43:00-03:00,video,True,CRM-00000,3000.0,3002,76,8,13,api_da_plataforma_ficticia,2026-09-01T08:00:00-03:00
P000940,CR0100,creator_ficticio_100,Instagram,2026-06-14T10:51:00-03:00,video,False,,,216,13,1,3,api_da_plataforma_ficticia,2026-09-01T08:00:00-03:00
P000941,CR0114,creator_ficticio_114,Instagram,2026-08-26T16:10:00-03:00,imagem,False,,,198,25,6,5,api_da_plataforma_ficticia,2026-09-01T08:00:00-03:00
P000942,CR0011,creator_ficticio_011,Instagram,2026-06-23T07:44:00-03:00,video,False,,,36304,678,95,93,api_da_plataforma_ficticia,2026-09-01T08:00:00-03:00
P000943,CR0144,creator_ficticio_144,YouTube,2026-06-14T06:53:00-03:00,carrossel,True,CRM-00037,1200.0,3562,215,18,28,api_da_plataforma_ficticia,2026-09-01T08:00:00-03:00
P000944,CR0118,creator_ficticio_118,Instagram,2026-08-10T14:11:00-03:00,carrossel,True,CRM-00008,3000.0,6324,90,11,7,api_da_plataforma_ficticia,2026-09-01T08:00:00-03:00
P000945,CR0052,creator_ficticio_052,Instagram,2026-07-05T01:54:00-03:00,imagem,False,,,13553,330,46,35,api_da_plataforma_ficticia,2026-09-01T08:00:00-03:00
P000946,CR0097,creator_ficticio_097,TikTok,2026-07-01T06:26:00-03:00,imagem,False,,,6873,635,77,84,api_da_plataforma_ficticia,2026-09-01T08:00:00-03:00
P000947,CR0041,creator_ficticio_041,Instagram,2026-06-16T08:00:00-03:00,imagem,False,,,7732,423,54,47,api_da_plataforma_ficticia,2026-09-01T08:00:00-03:00
P000948,CR0016,creator_ficticio_016,YouTube,2026-06-14T17:14:00-03:00,carrossel,False,,,552,76,15,6,api_da_plataforma_ficticia,2026-09-01T08:00:00-03:00
P000949,CR0087,creator_ficticio_087,TikTok,2026-07-16T14:19:00-03:00,video,False,,,1248,41,3,3,api_da_plataforma_ficticia,2026-09-01T08:00:00-03:00
P000950,CR0134,creator_ficticio_134,TikTok,2026-08-04T00:39:00-03:00,video,False,,,4832,204,21,27,api_da_plataforma_ficticia,2026-09-01T08:00:00-03:00
P000951,CR0131,creator_ficticio_131,YouTube,2026-06-16T16:01:00-03:00,carrossel,False,,,4077,126,12,13,api_da_plataforma_ficticia,2026-09-01T08:00:00-03:00
P000952,CR0011,creator_ficticio_011,YouTube,2026-07-16T05:20:00-03:00,carrossel,False,,,2015,124,13,18,api_da_plataforma_ficticia,2026-09-01T08:00:00-03:00
P000953,CR0091,creator_ficticio_091,YouTube,2026-07-30T09:06:00-03:00,imagem,True,CRM-00052,15000.0,87,5,0,0,api_da_plataforma_ficticia,2026-09-01T08:00:00-03:00
P000954,CR0011,creator_ficticio_011,Instagram,2026-06-25T17:34:00-03:00,video,True,CRM-00012,15000.0,3079,72,9,12,api_da_plataforma_ficticia,2026-09-01T08:00:00-03:00
P000955,CR0145,creator_ficticio_145,TikTok,2026-07-20T05:48:00-03:00,carrossel,False,,,23517,1382,178,167,api_da_plataforma_ficticia,2026-09-01T08:00:00-03:00
P000956,CR0061,creator_ficticio_061,TikTok,2026-07-04T12:39:00-03:00,carrossel,True,CRM-00043,3000.0,3430,305,29,37,api_da_plataforma_ficticia,2026-09-01T08:00:00-03:00
P000957,CR0138,creator_ficticio_138,TikTok,2026-07-14T04:24:00-03:00,carrossel,False,,,229,22,1,4,api_da_plataforma_ficticia,2026-09-01T08:00:00-03:00
P000958,CR0076,creator_ficticio_076,Instagram,2026-08-08T23:11:00-03:00,carrossel,False,,,7661,324,31,32,api_da_plataforma_ficticia,2026-09-01T08:00:00-03:00
P000959,CR0106,creator_ficticio_106,TikTok,2026-08-20T23:39:00-03:00,video,False,,,3229,186,23,28,api_da_plataforma_ficticia,2026-09-01T08:00:00-03:00
P000960,CR0002,creator_ficticio_002,Instagram,2026-06-07T06:01:00-03:00,carrossel,False,,,360,13,1,3,api_da_plataforma_ficticia,2026-09-01T08:00:00-03:00
P000961,CR0106,creator_ficticio_106,Instagram,2026-08-09T14:36:00-03:00,video,True,CRM-00054,1200.0,4395,63,12,6,api_da_plataforma_ficticia,2026-09-01T08:00:00-03:00
P000962,CR0089,creator_ficticio_089,TikTok,2026-07-25T23:17:00-03:00,video,False,,,136389,6770,838,828,api_da_plataforma_ficticia,2026-09-01T08:00:00-03:00
P000963,CR0026,creator_ficticio_026,Instagram,2026-06-05T00:09:00-03:00,imagem,True,CRM-00001,1200.0,3310,155,15,24,api_da_plataforma_ficticia,2026-09-01T08:00:00-03:00
P000964,CR0067,creator_ficticio_067,YouTube,2026-06-25T00:03:00-03:00,carrossel,False,,,1781,62,9,5,api_da_plataforma_ficticia,2026-09-01T08:00:00-03:00
P000965,CR0051,creator_ficticio_051,Instagram,2026-08-28T22:29:00-03:00,imagem,False,,,2216,126,17,12,api_da_plataforma_ficticia,2026-09-01T08:00:00-03:00
P000966,CR0004,creator_ficticio_004,YouTube,2026-08-22T02:22:00-03:00,video,False,,,44849,1154,137,144,api_da_plataforma_ficticia,2026-09-01T08:00:00-03:00
P000967,CR0121,creator_ficticio_121,TikTok,2026-07-31T23:41:00-03:00,carrossel,False,,,1246,101,11,12,api_da_plataforma_ficticia,2026-09-01T08:00:00-03:00
P000968,CR0101,creator_ficticio_101,YouTube,2026-07-13T18:10:00-03:00,imagem,True,CRM-00019,500.0,21973,1422,179,191,api_da_plataforma_ficticia,2026-09-01T08:00:00-03:00
P000969,CR0060,creator_ficticio_060,YouTube,2026-06-02T03:02:00-03:00,video,True,CRM-00018,15000.0,1944,215,27,23,api_da_plataforma_ficticia,2026-09-01T08:00:00-03:00
P000970,CR0045,creator_ficticio_045,Instagram,2026-07-21T21:11:00-03:00,video,False,,,9217,1105,117,150,api_da_plataforma_ficticia,2026-09-01T08:00:00-03:00
P000971,CR0034,creator_ficticio_034,Instagram,2026-08-06T01:19:00-03:00,imagem,False,,,2700,86,9,9,api_da_plataforma_ficticia,2026-09-01T08:00:00-03:00
P000972,CR0114,creator_ficticio_114,YouTube,2026-08-21T06:01:00-03:00,imagem,False,,,52493,3874,500,514,api_da_plataforma_ficticia,2026-09-01T08:00:00-03:00
P000973,CR0009,creator_ficticio_009,TikTok,2026-06-29T12:13:00-03:00,video,False,,,24611,714,69,103,api_da_plataforma_ficticia,2026-09-01T08:00:00-03:00
P000974,CR0077,creator_ficticio_077,TikTok,2026-07-31T00:09:00-03:00,imagem,False,,,1119,52,7,7,api_da_plataforma_ficticia,2026-09-01T08:00:00-03:00
P000975,CR0033,creator_ficticio_033,YouTube,2026-06-07T06:19:00-03:00,carrossel,True,CRM-00003,15000.0,4785,138,23,20,api_da_plataforma_ficticia,2026-09-01T08:00:00-03:00
P000976,CR0011,creator_ficticio_011,YouTube,2026-07-13T10:33:00-03:00,video,False,,,597,24,3,2,api_da_plataforma_ficticia,2026-09-01T08:00:00-03:00
P000977,CR0086,creator_ficticio_086,YouTube,2026-08-14T04:08:00-03:00,video,True,CRM-00058,1200.0,256,0,0,0,api_da_plataforma_ficticia,2026-09-01T08:00:00-03:00
P000978,CR0041,creator_ficticio_041,Instagram,2026-08-16T14:50:00-03:00,carrossel,False,,,1762,149,16,23,api_da_plataforma_ficticia,2026-09-01T08:00:00-03:00
P000979,CR0138,creator_ficticio_138,YouTube,2026-08-26T16:09:00-03:00,carrossel,False,,,387,10,1,1,api_da_plataforma_ficticia,2026-09-01T08:00:00-03:00
P000980,CR0106,creator_ficticio_106,YouTube,2026-08-06T07:03:00-03:00,imagem,True,CRM-00041,500.0,666,19,4,1,api_da_plataforma_ficticia,2026-09-01T08:00:00-03:00
P000981,CR0058,creator_ficticio_058,TikTok,2026-08-01T16:32:00-03:00,video,False,,,5859,272,41,27,api_da_plataforma_ficticia,2026-09-01T08:00:00-03:00
P000982,CR0147,creator_ficticio_147,Instagram,2026-08-18T10:03:00-03:00,video,False,,,4010,165,20,16,api_da_plataforma_ficticia,2026-09-01T08:00:00-03:00
P000983,CR0118,creator_ficticio_118,Instagram,2026-08-06T23:18:00-03:00,imagem,False,,,31028,1489,184,187,api_da_plataforma_ficticia,2026-09-01T08:00:00-03:00
P000984,CR0074,creator_ficticio_074,TikTok,2026-08-04T09:44:00-03:00,video,False,,,5251,97,10,11,api_da_plataforma_ficticia,2026-09-01T08:00:00-03:00
P000985,CR0019,creator_ficticio_019,TikTok,2026-06-06T00:01:00-03:00,imagem,True,CRM-00044,3000.0,683,13,2,1,api_da_plataforma_ficticia,2026-09-01T08:00:00-03:00
P000986,CR0011,creator_ficticio_011,TikTok,2026-06-11T19:30:00-03:00,carrossel,False,,,1827,112,16,15,api_da_plataforma_ficticia,2026-09-01T08:00:00-03:00
P000987,CR0123,creator_ficticio_123,Instagram,2026-07-20T12:26:00-03:00,carrossel,False,,,649,29,2,4,api_da_plataforma_ficticia,2026-09-01T08:00:00-03:00
P000988,CR0070,creator_ficticio_070,Instagram,2026-07-01T10:34:00-03:00,imagem,True,CRM-00045,15000.0,52,1,0,0,api_da_plataforma_ficticia,2026-09-01T08:00:00-03:00
P000989,CR0139,creator_ficticio_139,Instagram,2026-07-21T02:14:00-03:00,video,False,,,504,19,0,1,api_da_plataforma_ficticia,2026-09-01T08:00:00-03:00
P000990,CR0072,creator_ficticio_072,YouTube,2026-06-26T17:16:00-03:00,carrossel,False,,,4771,846,105,121,api_da_plataforma_ficticia,2026-09-01T08:00:00-03:00
P000991,CR0075,creator_ficticio_075,TikTok,2026-07-31T13:43:00-03:00,imagem,False,,,42153,1903,230,222,api_da_plataforma_ficticia,2026-09-01T08:00:00-03:00
P000992,CR0123,creator_ficticio_123,TikTok,2026-08-23T15:44:00-03:00,video,False,,,35476,4869,637,611,api_da_plataforma_ficticia,2026-09-01T08:00:00-03:00
P000993,CR0068,creator_ficticio_068,TikTok,2026-07-31T14:21:00-03:00,carrossel,False,,,4152,224,32,25,api_da_plataforma_ficticia,2026-09-01T08:00:00-03:00
P000994,CR0077,creator_ficticio_077,Instagram,2026-06-19T20:37:00-03:00,video,False,,,2015,130,19,13,api_da_plataforma_ficticia,2026-09-01T08:00:00-03:00
P000995,CR0136,creator_ficticio_136,TikTok,2026-08-04T23:44:00-03:00,imagem,False,,,27253,4120,506,497,api_da_plataforma_ficticia,2026-09-01T08:00:00-03:00
P000996,CR0035,creator_ficticio_035,TikTok,2026-07-21T21:00:00-03:00,carrossel,True,CRM-00054,1200.0,11005,570,56,62,api_da_plataforma_ficticia,2026-09-01T08:00:00-03:00
P000997,CR0034,creator_ficticio_034,Instagram,2026-06-19T07:34:00-03:00,imagem,False,,,215,5,2,1,api_da_plataforma_ficticia,2026-09-01T08:00:00-03:00
P000998,CR0139,creator_ficticio_139,Instagram,2026-08-06T01:02:00-03:00,video,True,CRM-00043,15000.0,34,1,1,0,api_da_plataforma_ficticia,2026-09-01T08:00:00-03:00
P000999,CR0138,creator_ficticio_138,Instagram,2026-06-26T11:01:00-03:00,carrossel,False,,,365,9,1,0,api_da_plataforma_ficticia,2026-09-01T08:00:00-03:00
P001000,CR0147,creator_ficticio_147,TikTok,2026-07-02T18:58:00-03:00,video,True,CRM-00005,500.0,7331,78,11,12,api_da_plataforma_ficticia,2026-09-01T08:00:00-03:00
P001001,CR0137,creator_ficticio_137,Instagram,2026-08-08T06:47:00-03:00,video,False,,,3546,116,15,21,api_da_plataforma_ficticia,2026-09-01T08:00:00-03:00
P001002,CR0002,creator_ficticio_002,YouTube,2026-07-27T03:21:00-03:00,imagem,False,,,137,1,1,0,api_da_plataforma_ficticia,2026-09-01T08:00:00-03:00
P001003,CR0143,creator_ficticio_143,YouTube,2026-08-06T07:22:00-03:00,video,False,,,17240,716,95,79,api_da_plataforma_ficticia,2026-09-01T08:00:00-03:00
P001004,CR0023,creator_ficticio_023,Instagram,2026-08-05T00:10:00-03:00,carrossel,False,,,264,10,2,0,api_da_plataforma_ficticia,2026-09-01T08:00:00-03:00
P001005,CR0133,creator_ficticio_133,YouTube,2026-06-12T13:51:00-03:00,video,True,CRM-00034,15000.0,419,28,2,5,api_da_plataforma_ficticia,2026-09-01T08:00:00-03:00
P001006,CR0103,creator_ficticio_103,TikTok,2026-07-23T11:41:00-03:00,video,False,,,357,10,1,1,api_da_plataforma_ficticia,2026-09-01T08:00:00-03:00
P001007,CR0078,creator_ficticio_078,TikTok,2026-08-21T01:38:00-03:00,video,False,,,14930,281,27,28,api_da_plataforma_ficticia,2026-09-01T08:00:00-03:00
P001008,CR0068,creator_ficticio_068,YouTube,2026-07-06T03:58:00-03:00,imagem,True,CRM-00013,1200.0,188,17,1,2,api_da_plataforma_ficticia,2026-09-01T08:00:00-03:00
P001009,CR0102,creator_ficticio_102,YouTube,2026-08-28T03:26:00-03:00,imagem,False,,,7089,371,52,49,api_da_plataforma_ficticia,2026-09-01T08:00:00-03:00
P001010,CR0097,creator_ficticio_097,TikTok,2026-08-25T00:14:00-03:00,imagem,False,,,1363,27,6,4,api_da_plataforma_ficticia,2026-09-01T08:00:00-03:00
P001011,CR0079,creator_ficticio_079,Instagram,2026-06-16T15:26:00-03:00,video,False,,,796,66,8,11,api_da_plataforma_ficticia,2026-09-01T08:00:00-03:00
P001012,CR0012,creator_ficticio_012,YouTube,2026-07-10T17:35:00-03:00,imagem,False,,,6785,344,39,48,api_da_plataforma_ficticia,2026-09-01T08:00:00-03:00
P001013,CR0045,creator_ficticio_045,TikTok,2026-06-16T16:04:00-03:00,video,True,CRM-00052,3000.0,5569,600,75,64,api_da_plataforma_ficticia,2026-09-01T08:00:00-03:00
P001014,CR0026,creator_ficticio_026,Instagram,2026-07-25T10:44:00-03:00,video,False,,,1501,78,10,7,api_da_plataforma_ficticia,2026-09-01T08:00:00-03:00
P001015,CR0148,creator_ficticio_148,YouTube,2026-06-01T02:51:00-03:00,video,False,,,13038,1465,166,203,api_da_plataforma_ficticia,2026-09-01T08:00:00-03:00
P001016,CR0126,creator_ficticio_126,Instagram,2026-06-22T16:36:00-03:00,video,True,CRM-00052,3000.0,7649,151,26,18,api_da_plataforma_ficticia,2026-09-01T08:00:00-03:00
P001017,CR0003,creator_ficticio_003,YouTube,2026-06-13T19:06:00-03:00,video,True,CRM-00033,3000.0,2896,122,14,12,api_da_plataforma_ficticia,2026-09-01T08:00:00-03:00
P001018,CR0093,creator_ficticio_093,YouTube,2026-07-25T23:07:00-03:00,carrossel,False,,,1668,133,18,16,api_da_plataforma_ficticia,2026-09-01T08:00:00-03:00
P001019,CR0037,creator_ficticio_037,Instagram,2026-07-20T05:48:00-03:00,imagem,False,,,3543,393,55,47,api_da_plataforma_ficticia,2026-09-01T08:00:00-03:00
P001020,CR0075,creator_ficticio_075,Instagram,2026-06-15T05:53:00-03:00,carrossel,False,,,5059,341,45,55,api_da_plataforma_ficticia,2026-09-01T08:00:00-03:00
P001021,CR0139,creator_ficticio_139,Instagram,2026-08-04T10:56:00-03:00,video,False,,,1326,70,12,8,api_da_plataforma_ficticia,2026-09-01T08:00:00-03:00
P001022,CR0088,creator_ficticio_088,TikTok,2026-08-13T15:57:00-03:00,video,False,,,617,1,1,0,api_da_plataforma_ficticia,2026-09-01T08:00:00-03:00
P001023,CR0142,creator_ficticio_142,Instagram,2026-06-25T17:09:00-03:00,imagem,True,CRM-00016,3000.0,1867,272,35,30,api_da_plataforma_ficticia,2026-09-01T08:00:00-03:00
P001024,CR0048,creator_ficticio_048,Instagram,2026-08-22T11:28:00-03:00,imagem,True,CRM-00019,3000.0,3900,69,10,10,api_da_plataforma_ficticia,2026-09-01T08:00:00-03:00
P001025,CR0041,creator_ficticio_041,TikTok,2026-08-28T18:38:00-03:00,carrossel,False,,,1015,64,4,4,api_da_plataforma_ficticia,2026-09-01T08:00:00-03:00
P001026,CR0126,creator_ficticio_126,YouTube,2026-06-03T22:01:00-03:00,video,True,CRM-00017,1200.0,231,5,1,1,api_da_plataforma_ficticia,2026-09-01T08:00:00-03:00
P001027,CR0149,creator_ficticio_149,YouTube,2026-08-15T18:28:00-03:00,video,False,,,1074,40,9,4,api_da_plataforma_ficticia,2026-09-01T08:00:00-03:00
P001028,CR0098,creator_ficticio_098,YouTube,2026-08-05T09:07:00-03:00,video,False,,,324,5,1,2,api_da_plataforma_ficticia,2026-09-01T08:00:00-03:00
P001029,CR0121,creator_ficticio_121,TikTok,2026-06-27T20:14:00-03:00,imagem,False,,,6986,129,22,20,api_da_plataforma_ficticia,2026-09-01T08:00:00-03:00
P001030,CR0060,creator_ficticio_060,TikTok,2026-06-02T15:51:00-03:00,carrossel,True,CRM-00023,15000.0,1483,44,5,7,api_da_plataforma_ficticia,2026-09-01T08:00:00-03:00
P001031,CR0116,creator_ficticio_116,YouTube,2026-07-01T23:34:00-03:00,video,False,,,1488,45,2,5,api_da_plataforma_ficticia,2026-09-01T08:00:00-03:00
P001032,CR0026,creator_ficticio_026,TikTok,2026-08-08T08:44:00-03:00,imagem,False,,,5531,64,6,13,api_da_plataforma_ficticia,2026-09-01T08:00:00-03:00
P001033,CR0085,creator_ficticio_085,Instagram,2026-07-12T11:01:00-03:00,video,False,,,801,15,1,3,api_da_plataforma_ficticia,2026-09-01T08:00:00-03:00
P001034,CR0111,creator_ficticio_111,Instagram,2026-06-30T10:47:00-03:00,carrossel,False,,,119,1,0,0,api_da_plataforma_ficticia,2026-09-01T08:00:00-03:00
P001035,CR0059,creator_ficticio_059,Instagram,2026-06-17T10:12:00-03:00,video,False,,,18404,458,62,55,api_da_plataforma_ficticia,2026-09-01T08:00:00-03:00
P001036,CR0041,creator_ficticio_041,TikTok,2026-07-07T17:36:00-03:00,video,False,,,10124,465,49,59,api_da_plataforma_ficticia,2026-09-01T08:00:00-03:00
P001037,CR0001,creator_ficticio_001,Instagram,2026-08-02T03:16:00-03:00,video,False,,,3781,32,7,6,api_da_plataforma_ficticia,2026-09-01T08:00:00-03:00
P001038,CR0069,creator_ficticio_069,TikTok,2026-08-01T00:11:00-03:00,video,True,CRM-00045,500.0,57861,555,86,74,api_da_plataforma_ficticia,2026-09-01T08:00:00-03:00
P001039,CR0054,creator_ficticio_054,Instagram,2026-08-07T07:01:00-03:00,imagem,True,CRM-00002,15000.0,1089,147,22,19,api_da_plataforma_ficticia,2026-09-01T08:00:00-03:00
P001040,CR0098,creator_ficticio_098,YouTube,2026-07-22T16:50:00-03:00,imagem,False,,,777,20,1,2,api_da_plataforma_ficticia,2026-09-01T08:00:00-03:00
P001041,CR0056,creator_ficticio_056,YouTube,2026-06-14T09:38:00-03:00,imagem,False,,,4789,318,36,34,api_da_plataforma_ficticia,2026-09-01T08:00:00-03:00
P001042,CR0107,creator_ficticio_107,YouTube,2026-08-05T20:01:00-03:00,video,True,CRM-00032,15000.0,52976,577,61,68,api_da_plataforma_ficticia,2026-09-01T08:00:00-03:00
P001043,CR0012,creator_ficticio_012,YouTube,2026-08-02T14:41:00-03:00,carrossel,False,,,5903,360,37,34,api_da_plataforma_ficticia,2026-09-01T08:00:00-03:00
P001044,CR0148,creator_ficticio_148,TikTok,2026-07-08T14:06:00-03:00,carrossel,False,,,425,28,2,5,api_da_plataforma_ficticia,2026-09-01T08:00:00-03:00
P001045,CR0012,creator_ficticio_012,TikTok,2026-07-14T15:34:00-03:00,imagem,False,,,1470,36,3,4,api_da_plataforma_ficticia,2026-09-01T08:00:00-03:00
P001046,CR0053,creator_ficticio_053,YouTube,2026-08-07T08:10:00-03:00,imagem,True,CRM-00024,500.0,754,25,4,2,api_da_plataforma_ficticia,2026-09-01T08:00:00-03:00
P001047,CR0039,creator_ficticio_039,TikTok,2026-06-24T14:05:00-03:00,video,False,,,23318,1219,168,151,api_da_plataforma_ficticia,2026-09-01T08:00:00-03:00
P001048,CR0119,creator_ficticio_119,Instagram,2026-06-05T21:14:00-03:00,carrossel,False,,,11666,587,77,58,api_da_plataforma_ficticia,2026-09-01T08:00:00-03:00
P001049,CR0074,creator_ficticio_074,Instagram,2026-07-25T07:48:00-03:00,imagem,False,,,877,14,1,1,api_da_plataforma_ficticia,2026-09-01T08:00:00-03:00
P001050,CR0112,creator_ficticio_112,Instagram,2026-08-27T08:43:00-03:00,video,True,CRM-00004,500.0,2509,14,3,4,api_da_plataforma_ficticia,2026-09-01T08:00:00-03:00
P001051,CR0116,creator_ficticio_116,TikTok,2026-07-21T08:11:00-03:00,carrossel,True,CRM-00056,3000.0,941,77,6,9,api_da_plataforma_ficticia,2026-09-01T08:00:00-03:00
P001052,CR0097,creator_ficticio_097,TikTok,2026-06-26T10:47:00-03:00,carrossel,True,CRM-00043,1200.0,4822,364,38,41,api_da_plataforma_ficticia,2026-09-01T08:00:00-03:00
P001053,CR0088,creator_ficticio_088,YouTube,2026-08-15T04:46:00-03:00,video,True,CRM-00025,1200.0,1421,80,10,7,api_da_plataforma_ficticia,2026-09-01T08:00:00-03:00
P001054,CR0076,creator_ficticio_076,TikTok,2026-08-13T16:52:00-03:00,video,True,CRM-00047,3000.0,279,6,2,2,api_da_plataforma_ficticia,2026-09-01T08:00:00-03:00
P001055,CR0081,creator_ficticio_081,Instagram,2026-07-10T03:28:00-03:00,carrossel,False,,,490,9,2,0,api_da_plataforma_ficticia,2026-09-01T08:00:00-03:00
P001056,CR0116,creator_ficticio_116,TikTok,2026-06-29T18:48:00-03:00,video,False,,,82,4,0,0,api_da_plataforma_ficticia,2026-09-01T08:00:00-03:00
P001057,CR0119,creator_ficticio_119,Instagram,2026-06-15T01:01:00-03:00,video,True,CRM-00059,3000.0,2637,49,6,7,api_da_plataforma_ficticia,2026-09-01T08:00:00-03:00
P001058,CR0068,creator_ficticio_068,Instagram,2026-06-25T04:14:00-03:00,video,True,CRM-00055,3000.0,3327,94,12,9,api_da_plataforma_ficticia,2026-09-01T08:00:00-03:00
P001059,CR0127,creator_ficticio_127,Instagram,2026-08-28T01:44:00-03:00,video,False,,,165998,26173,3250,3199,api_da_plataforma_ficticia,2026-09-01T08:00:00-03:00
P001060,CR0002,creator_ficticio_002,TikTok,2026-08-06T03:07:00-03:00,video,False,,,1953,57,6,7,api_da_plataforma_ficticia,2026-09-01T08:00:00-03:00
P001061,CR0065,creator_ficticio_065,Instagram,2026-08-02T10:23:00-03:00,carrossel,False,,,24391,3210,392,391,api_da_plataforma_ficticia,2026-09-01T08:00:00-03:00
P001062,CR0103,creator_ficticio_103,YouTube,2026-08-02T03:38:00-03:00,video,False,,,1966,126,12,16,api_da_plataforma_ficticia,2026-09-01T08:00:00-03:00
P001063,CR0091,creator_ficticio_091,Instagram,2026-07-03T18:11:00-03:00,video,False,,,85,7,1,0,api_da_plataforma_ficticia,2026-09-01T08:00:00-03:00
P001064,CR0061,creator_ficticio_061,Instagram,2026-07-09T20:12:00-03:00,imagem,False,,,5356,184,25,20,api_da_plataforma_ficticia,2026-09-01T08:00:00-03:00
P001065,CR0138,creator_ficticio_138,YouTube,2026-06-24T13:41:00-03:00,video,False,,,466,42,5,4,api_da_plataforma_ficticia,2026-09-01T08:00:00-03:00
P001066,CR0009,creator_ficticio_009,YouTube,2026-08-07T13:44:00-03:00,imagem,False,,,10600,1054,134,123,api_da_plataforma_ficticia,2026-09-01T08:00:00-03:00
P001067,CR0011,creator_ficticio_011,Instagram,2026-07-29T01:18:00-03:00,imagem,False,,,480,14,3,4,api_da_plataforma_ficticia,2026-09-01T08:00:00-03:00
P001068,CR0070,creator_ficticio_070,YouTube,2026-07-23T21:04:00-03:00,carrossel,False,,,416,5,0,2,api_da_plataforma_ficticia,2026-09-01T08:00:00-03:00
P001069,CR0091,creator_ficticio_091,TikTok,2026-06-23T04:02:00-03:00,video,False,,,90,2,0,0,api_da_plataforma_ficticia,2026-09-01T08:00:00-03:00
P001070,CR0061,creator_ficticio_061,Instagram,2026-06-06T08:25:00-03:00,video,False,,,224,17,3,2,api_da_plataforma_ficticia,2026-09-01T08:00:00-03:00
P001071,CR0116,creator_ficticio_116,Instagram,2026-06-21T16:35:00-03:00,video,False,,,2426,81,9,4,api_da_plataforma_ficticia,2026-09-01T08:00:00-03:00
P001072,CR0096,creator_ficticio_096,TikTok,2026-06-18T19:43:00-03:00,video,False,,,3455,220,32,29,api_da_plataforma_ficticia,2026-09-01T08:00:00-03:00
P001073,CR0064,creator_ficticio_064,YouTube,2026-08-28T07:53:00-03:00,video,True,CRM-00045,3000.0,6248,838,94,115,api_da_plataforma_ficticia,2026-09-01T08:00:00-03:00
P001074,CR0043,creator_ficticio_043,TikTok,2026-06-06T01:53:00-03:00,imagem,False,,,182,4,1,2,api_da_plataforma_ficticia,2026-09-01T08:00:00-03:00
P001075,CR0112,creator_ficticio_112,TikTok,2026-06-19T03:11:00-03:00,video,True,CRM-00040,15000.0,46,0,0,0,api_da_plataforma_ficticia,2026-09-01T08:00:00-03:00
P001076,CR0073,creator_ficticio_073,TikTok,2026-08-11T11:39:00-03:00,imagem,False,,,602,1,1,0,api_da_plataforma_ficticia,2026-09-01T08:00:00-03:00
P001077,CR0126,creator_ficticio_126,Instagram,2026-06-22T12:00:00-03:00,video,False,,,1159,112,15,17,api_da_plataforma_ficticia,2026-09-01T08:00:00-03:00
P001078,CR0030,creator_ficticio_030,TikTok,2026-06-04T01:11:00-03:00,imagem,True,CRM-00029,500.0,364,14,2,2,api_da_plataforma_ficticia,2026-09-01T08:00:00-03:00
P001079,CR0114,creator_ficticio_114,TikTok,2026-08-17T16:44:00-03:00,video,False,,,678,7,3,0,api_da_plataforma_ficticia,2026-09-01T08:00:00-03:00
P001080,CR0105,creator_ficticio_105,TikTok,2026-08-01T20:34:00-03:00,imagem,False,,,5192,69,7,3,api_da_plataforma_ficticia,2026-09-01T08:00:00-03:00
P001081,CR0080,creator_ficticio_080,Instagram,2026-08-15T11:04:00-03:00,imagem,False,,,18766,1405,196,170,api_da_plataforma_ficticia,2026-09-01T08:00:00-03:00
P001082,CR0142,creator_ficticio_142,Instagram,2026-06-01T22:53:00-03:00,video,True,CRM-00010,1200.0,848,0,0,0,api_da_plataforma_ficticia,2026-09-01T08:00:00-03:00
P001083,CR0108,creator_ficticio_108,Instagram,2026-08-28T08:29:00-03:00,video,False,,,3199,82,13,9,api_da_plataforma_ficticia,2026-09-01T08:00:00-03:00
P001084,CR0139,creator_ficticio_139,Instagram,2026-08-21T13:01:00-03:00,video,False,,,108,0,1,0,api_da_plataforma_ficticia,2026-09-01T08:00:00-03:00
P001085,CR0106,creator_ficticio_106,TikTok,2026-07-11T09:22:00-03:00,video,False,,,5320,28,9,2,api_da_plataforma_ficticia,2026-09-01T08:00:00-03:00
P001086,CR0043,creator_ficticio_043,Instagram,2026-08-22T21:28:00-03:00,video,True,CRM-00053,500.0,3492,376,44,47,api_da_plataforma_ficticia,2026-09-01T08:00:00-03:00
P001087,CR0057,creator_ficticio_057,TikTok,2026-07-28T11:46:00-03:00,video,False,,,5693,189,25,23,api_da_plataforma_ficticia,2026-09-01T08:00:00-03:00
P001088,CR0132,creator_ficticio_132,Instagram,2026-07-14T11:51:00-03:00,video,False,,,5823,487,54,52,api_da_plataforma_ficticia,2026-09-01T08:00:00-03:00
P001089,CR0003,creator_ficticio_003,TikTok,2026-07-28T20:51:00-03:00,imagem,False,,,3862,152,25,16,api_da_plataforma_ficticia,2026-09-01T08:00:00-03:00
P001090,CR0137,creator_ficticio_137,YouTube,2026-07-18T00:12:00-03:00,video,False,,,14325,374,36,37,api_da_plataforma_ficticia,2026-09-01T08:00:00-03:00
P001091,CR0142,creator_ficticio_142,Instagram,2026-07-24T18:25:00-03:00,video,False,,,1856,151,14,22,api_da_plataforma_ficticia,2026-09-01T08:00:00-03:00
P001092,CR0125,creator_ficticio_125,TikTok,2026-08-13T07:08:00-03:00,imagem,True,CRM-00028,1200.0,638,45,4,6,api_da_plataforma_ficticia,2026-09-01T08:00:00-03:00
P001093,CR0070,creator_ficticio_070,TikTok,2026-08-20T03:39:00-03:00,video,False,,,1836,109,12,17,api_da_plataforma_ficticia,2026-09-01T08:00:00-03:00
P001094,CR0103,creator_ficticio_103,TikTok,2026-06-22T02:58:00-03:00,video,False,,,1891,87,12,11,api_da_plataforma_ficticia,2026-09-01T08:00:00-03:00
P001095,CR0044,creator_ficticio_044,YouTube,2026-08-04T13:12:00-03:00,video,True,CRM-00051,1200.0,1471,71,8,8,api_da_plataforma_ficticia,2026-09-01T08:00:00-03:00
P001096,CR0027,creator_ficticio_027,YouTube,2026-08-05T12:29:00-03:00,carrossel,True,CRM-00011,1200.0,16060,591,68,73,api_da_plataforma_ficticia,2026-09-01T08:00:00-03:00
P001097,CR0037,creator_ficticio_037,TikTok,2026-06-26T18:00:00-03:00,imagem,False,,,926,62,10,4,api_da_plataforma_ficticia,2026-09-01T08:00:00-03:00
P001098,CR0134,creator_ficticio_134,TikTok,2026-08-05T13:53:00-03:00,video,False,,,1153,40,5,6,api_da_plataforma_ficticia,2026-09-01T08:00:00-03:00
P001099,CR0059,creator_ficticio_059,TikTok,2026-07-08T08:09:00-03:00,video,False,,,2359,226,29,19,api_da_plataforma_ficticia,2026-09-01T08:00:00-03:00
P001100,CR0107,creator_ficticio_107,TikTok,2026-07-04T21:00:00-03:00,video,False,,,180642,19663,2514,2465,api_da_plataforma_ficticia,2026-09-01T08:00:00-03:00
P001101,CR0086,creator_ficticio_086,TikTok,2026-07-30T10:35:00-03:00,carrossel,False,,,1088,129,16,19,api_da_plataforma_ficticia,2026-09-01T08:00:00-03:00
P001102,CR0148,creator_ficticio_148,Instagram,2026-07-06T15:36:00-03:00,imagem,False,,,11212,178,31,18,api_da_plataforma_ficticia,2026-09-01T08:00:00-03:00
P001103,CR0077,creator_ficticio_077,YouTube,2026-08-16T01:40:00-03:00,video,False,,,147,7,0,2,api_da_plataforma_ficticia,2026-09-01T08:00:00-03:00
P001104,CR0066,creator_ficticio_066,TikTok,2026-06-20T21:10:00-03:00,video,False,,,59,7,2,0,api_da_plataforma_ficticia,2026-09-01T08:00:00-03:00
P001105,CR0057,creator_ficticio_057,Instagram,2026-08-18T06:54:00-03:00,imagem,False,,,603,20,5,2,api_da_plataforma_ficticia,2026-09-01T08:00:00-03:00
P001106,CR0101,creator_ficticio_101,Instagram,2026-07-10T19:54:00-03:00,video,False,,,4803,221,36,28,api_da_plataforma_ficticia,2026-09-01T08:00:00-03:00
P001107,CR0011,creator_ficticio_011,Instagram,2026-07-18T22:21:00-03:00,video,False,,,85651,6853,919,880,api_da_plataforma_ficticia,2026-09-01T08:00:00-03:00
P001108,CR0144,creator_ficticio_144,TikTok,2026-07-11T08:57:00-03:00,video,True,CRM-00007,1200.0,4105,535,60,62,api_da_plataforma_ficticia,2026-09-01T08:00:00-03:00
P001109,CR0147,creator_ficticio_147,Instagram,2026-07-21T08:38:00-03:00,imagem,True,CRM-00007,15000.0,63227,4763,563,658,api_da_plataforma_ficticia,2026-09-01T08:00:00-03:00
P001110,CR0015,creator_ficticio_015,YouTube,2026-07-22T22:12:00-03:00,imagem,False,,,663,62,6,8,api_da_plataforma_ficticia,2026-09-01T08:00:00-03:00
P001111,CR0002,creator_ficticio_002,TikTok,2026-07-22T09:18:00-03:00,carrossel,False,,,883,40,7,8,api_da_plataforma_ficticia,2026-09-01T08:00:00-03:00
P001112,CR0131,creator_ficticio_131,TikTok,2026-07-30T21:18:00-03:00,video,False,,,306,14,2,1,api_da_plataforma_ficticia,2026-09-01T08:00:00-03:00
P001113,CR0137,creator_ficticio_137,TikTok,2026-06-01T15:10:00-03:00,video,False,,,151486,14722,1880,1818,api_da_plataforma_ficticia,2026-09-01T08:00:00-03:00
P001114,CR0069,creator_ficticio_069,Instagram,2026-06-05T20:26:00-03:00,video,True,CRM-00043,500.0,17362,1218,130,157,api_da_plataforma_ficticia,2026-09-01T08:00:00-03:00
P001115,CR0004,creator_ficticio_004,YouTube,2026-06-07T02:35:00-03:00,carrossel,False,,,9260,865,113,102,api_da_plataforma_ficticia,2026-09-01T08:00:00-03:00
P001116,CR0015,creator_ficticio_015,YouTube,2026-07-14T14:24:00-03:00,video,False,,,1080,47,3,3,api_da_plataforma_ficticia,2026-09-01T08:00:00-03:00
P001117,CR0075,creator_ficticio_075,TikTok,2026-08-14T00:53:00-03:00,carrossel,True,CRM-00046,15000.0,37563,760,99,103,api_da_plataforma_ficticia,2026-09-01T08:00:00-03:00
P001118,CR0141,creator_ficticio_141,YouTube,2026-08-05T13:31:00-03:00,carrossel,False,,,275,5,1,1,api_da_plataforma_ficticia,2026-09-01T08:00:00-03:00
P001119,CR0117,creator_ficticio_117,YouTube,2026-08-09T19:01:00-03:00,video,False,,,7210,115,12,12,api_da_plataforma_ficticia,2026-09-01T08:00:00-03:00
P001120,CR0004,creator_ficticio_004,Instagram,2026-06-03T14:20:00-03:00,video,True,CRM-00024,500.0,572,10,1,2,api_da_plataforma_ficticia,2026-09-01T08:00:00-03:00
P001121,CR0099,creator_ficticio_099,TikTok,2026-07-25T13:44:00-03:00,carrossel,True,CRM-00039,500.0,4752,152,19,17,api_da_plataforma_ficticia,2026-09-01T08:00:00-03:00
P001122,CR0121,creator_ficticio_121,TikTok,2026-08-25T17:42:00-03:00,video,True,CRM-00019,15000.0,12020,826,129,81,api_da_plataforma_ficticia,2026-09-01T08:00:00-03:00
P001123,CR0105,creator_ficticio_105,YouTube,2026-06-08T06:27:00-03:00,video,False,,,30515,793,121,98,api_da_plataforma_ficticia,2026-09-01T08:00:00-03:00
P001124,CR0065,creator_ficticio_065,TikTok,2026-07-08T06:45:00-03:00,video,False,,,5435,376,43,42,api_da_plataforma_ficticia,2026-09-01T08:00:00-03:00
P001125,CR0014,creator_ficticio_014,YouTube,2026-06-28T06:47:00-03:00,video,False,,,3779,55,10,7,api_da_plataforma_ficticia,2026-09-01T08:00:00-03:00
P001126,CR0109,creator_ficticio_109,YouTube,2026-07-18T03:58:00-03:00,carrossel,False,,,8009,244,29,29,api_da_plataforma_ficticia,2026-09-01T08:00:00-03:00
P001127,CR0129,creator_ficticio_129,YouTube,2026-06-14T04:40:00-03:00,video,False,,,4342,175,23,19,api_da_plataforma_ficticia,2026-09-01T08:00:00-03:00
P001128,CR0081,creator_ficticio_081,TikTok,2026-07-30T19:16:00-03:00,carrossel,True,CRM-00009,500.0,448,12,2,1,api_da_plataforma_ficticia,2026-09-01T08:00:00-03:00
P001129,CR0097,creator_ficticio_097,Instagram,2026-07-28T15:36:00-03:00,carrossel,False,,,11811,214,24,21,api_da_plataforma_ficticia,2026-09-01T08:00:00-03:00
P001130,CR0015,creator_ficticio_015,Instagram,2026-08-05T06:17:00-03:00,video,False,,,7259,45,9,4,api_da_plataforma_ficticia,2026-09-01T08:00:00-03:00
P001131,CR0141,creator_ficticio_141,Instagram,2026-06-06T11:32:00-03:00,carrossel,True,CRM-00003,1200.0,252,2,2,0,api_da_plataforma_ficticia,2026-09-01T08:00:00-03:00
P001132,CR0053,creator_ficticio_053,YouTube,2026-08-24T02:49:00-03:00,video,False,,,13325,458,56,52,api_da_plataforma_ficticia,2026-09-01T08:00:00-03:00
P001133,CR0149,creator_ficticio_149,YouTube,2026-07-22T11:59:00-03:00,video,True,CRM-00013,15000.0,2592,156,26,20,api_da_plataforma_ficticia,2026-09-01T08:00:00-03:00
P001134,CR0023,creator_ficticio_023,Instagram,2026-07-16T05:05:00-03:00,video,True,CRM-00044,500.0,336,10,2,1,api_da_plataforma_ficticia,2026-09-01T08:00:00-03:00
P001135,CR0113,creator_ficticio_113,Instagram,2026-08-04T23:29:00-03:00,video,False,,,2530,258,34,37,api_da_plataforma_ficticia,2026-09-01T08:00:00-03:00
P001136,CR0112,creator_ficticio_112,YouTube,2026-07-30T21:51:00-03:00,imagem,False,,,8034,130,16,20,api_da_plataforma_ficticia,2026-09-01T08:00:00-03:00
P001137,CR0120,creator_ficticio_120,YouTube,2026-06-21T07:24:00-03:00,video,True,CRM-00049,3000.0,21366,194,20,18,api_da_plataforma_ficticia,2026-09-01T08:00:00-03:00
P001138,CR0040,creator_ficticio_040,TikTok,2026-06-06T16:40:00-03:00,imagem,False,,,8727,589,63,72,api_da_plataforma_ficticia,2026-09-01T08:00:00-03:00
P001139,CR0144,creator_ficticio_144,Instagram,2026-08-17T14:19:00-03:00,video,True,CRM-00001,3000.0,67,6,0,1,api_da_plataforma_ficticia,2026-09-01T08:00:00-03:00
P001140,CR0061,creator_ficticio_061,YouTube,2026-06-25T14:52:00-03:00,carrossel,True,CRM-00056,15000.0,177,5,0,0,api_da_plataforma_ficticia,2026-09-01T08:00:00-03:00
P001141,CR0107,creator_ficticio_107,TikTok,2026-07-14T07:49:00-03:00,video,False,,,946,60,7,7,api_da_plataforma_ficticia,2026-09-01T08:00:00-03:00
P001142,CR0012,creator_ficticio_012,YouTube,2026-07-18T08:30:00-03:00,carrossel,False,,,4140,96,7,8,api_da_plataforma_ficticia,2026-09-01T08:00:00-03:00
P001143,CR0091,creator_ficticio_091,Instagram,2026-08-22T09:15:00-03:00,video,False,,,266,32,7,4,api_da_plataforma_ficticia,2026-09-01T08:00:00-03:00
P001144,CR0038,creator_ficticio_038,YouTube,2026-06-27T13:21:00-03:00,carrossel,True,CRM-00001,500.0,8610,487,51,66,api_da_plataforma_ficticia,2026-09-01T08:00:00-03:00
P001145,CR0079,creator_ficticio_079,YouTube,2026-07-11T19:43:00-03:00,video,True,CRM-00013,1200.0,14837,552,68,72,api_da_plataforma_ficticia,2026-09-01T08:00:00-03:00
P001146,CR0110,creator_ficticio_110,YouTube,2026-08-21T21:35:00-03:00,video,True,CRM-00044,1200.0,14222,137,18,14,api_da_plataforma_ficticia,2026-09-01T08:00:00-03:00
P001147,CR0078,creator_ficticio_078,Instagram,2026-07-03T05:02:00-03:00,video,True,CRM-00050,500.0,13316,508,71,64,api_da_plataforma_ficticia,2026-09-01T08:00:00-03:00
P001148,CR0010,creator_ficticio_010,YouTube,2026-08-07T17:03:00-03:00,imagem,False,,,31201,1719,201,229,api_da_plataforma_ficticia,2026-09-01T08:00:00-03:00
P001149,CR0095,creator_ficticio_095,TikTok,2026-06-11T08:43:00-03:00,video,True,CRM-00022,15000.0,30611,885,127,105,api_da_plataforma_ficticia,2026-09-01T08:00:00-03:00
P001150,CR0053,creator_ficticio_053,YouTube,2026-06-12T06:00:00-03:00,video,False,,,4498,140,21,13,api_da_plataforma_ficticia,2026-09-01T08:00:00-03:00
P001151,CR0093,creator_ficticio_093,Instagram,2026-07-25T06:33:00-03:00,carrossel,False,,,16,0,0,0,api_da_plataforma_ficticia,2026-09-01T08:00:00-03:00
P001152,CR0102,creator_ficticio_102,TikTok,2026-08-17T09:45:00-03:00,video,False,,,159,3,1,1,api_da_plataforma_ficticia,2026-09-01T08:00:00-03:00
P001153,CR0000,creator_ficticio_000,YouTube,2026-07-15T00:12:00-03:00,imagem,False,,,69,2,0,3,api_da_plataforma_ficticia,2026-09-01T08:00:00-03:00
P001154,CR0041,creator_ficticio_041,TikTok,2026-08-09T16:47:00-03:00,video,False,,,1714,61,12,6,api_da_plataforma_ficticia,2026-09-01T08:00:00-03:00
P001155,CR0022,creator_ficticio_022,YouTube,2026-06-27T11:27:00-03:00,video,True,CRM-00003,3000.0,293,8,0,1,api_da_plataforma_ficticia,2026-09-01T08:00:00-03:00
P001156,CR0103,creator_ficticio_103,Instagram,2026-08-28T17:39:00-03:00,video,False,,,1112,55,10,8,api_da_plataforma_ficticia,2026-09-01T08:00:00-03:00
P001157,CR0062,creator_ficticio_062,YouTube,2026-06-30T20:52:00-03:00,video,True,CRM-00003,3000.0,516,7,0,0,api_da_plataforma_ficticia,2026-09-01T08:00:00-03:00
P001158,CR0014,creator_ficticio_014,Instagram,2026-06-03T11:06:00-03:00,imagem,False,,,3042,202,15,23,api_da_plataforma_ficticia,2026-09-01T08:00:00-03:00
P001159,CR0043,creator_ficticio_043,Instagram,2026-06-16T19:48:00-03:00,imagem,False,,,56692,4280,488,533,api_da_plataforma_ficticia,2026-09-01T08:00:00-03:00
P001160,CR0143,creator_ficticio_143,Instagram,2026-07-22T21:37:00-03:00,video,True,CRM-00021,500.0,14304,329,46,37,api_da_plataforma_ficticia,2026-09-01T08:00:00-03:00
P001161,CR0101,creator_ficticio_101,TikTok,2026-07-09T08:18:00-03:00,video,True,CRM-00015,3000.0,2030,71,4,9,api_da_plataforma_ficticia,2026-09-01T08:00:00-03:00
P001162,CR0059,creator_ficticio_059,YouTube,2026-07-04T01:23:00-03:00,video,False,,,176,2,0,0,api_da_plataforma_ficticia,2026-09-01T08:00:00-03:00
P001163,CR0148,creator_ficticio_148,YouTube,2026-07-21T19:54:00-03:00,video,False,,,21888,2022,280,271,api_da_plataforma_ficticia,2026-09-01T08:00:00-03:00
P001164,CR0101,creator_ficticio_101,YouTube,2026-08-19T14:07:00-03:00,carrossel,False,,,1409,93,12,10,api_da_plataforma_ficticia,2026-09-01T08:00:00-03:00
P001165,CR0039,creator_ficticio_039,TikTok,2026-08-04T20:10:00-03:00,video,False,,,34487,3657,467,452,api_da_plataforma_ficticia,2026-09-01T08:00:00-03:00
P001166,CR0023,creator_ficticio_023,YouTube,2026-07-20T05:13:00-03:00,carrossel,False,,,351,9,2,1,api_da_plataforma_ficticia,2026-09-01T08:00:00-03:00
P001167,CR0121,creator_ficticio_121,TikTok,2026-07-24T10:06:00-03:00,video,False,,,85,4,0,0,api_da_plataforma_ficticia,2026-09-01T08:00:00-03:00
P001168,CR0046,creator_ficticio_046,TikTok,2026-06-22T14:50:00-03:00,video,False,,,59452,3634,449,473,api_da_plataforma_ficticia,2026-09-01T08:00:00-03:00
P001169,CR0055,creator_ficticio_055,Instagram,2026-07-07T00:38:00-03:00,imagem,True,CRM-00045,500.0,7082,185,21,22,api_da_plataforma_ficticia,2026-09-01T08:00:00-03:00
P001170,CR0037,creator_ficticio_037,TikTok,2026-07-12T14:13:00-03:00,video,False,,,2129,118,14,14,api_da_plataforma_ficticia,2026-09-01T08:00:00-03:00
P001171,CR0108,creator_ficticio_108,TikTok,2026-08-27T08:23:00-03:00,video,True,CRM-00011,3000.0,23729,695,83,71,api_da_plataforma_ficticia,2026-09-01T08:00:00-03:00
P001172,CR0021,creator_ficticio_021,YouTube,2026-06-15T21:04:00-03:00,carrossel,True,CRM-00018,15000.0,757,5,0,2,api_da_plataforma_ficticia,2026-09-01T08:00:00-03:00
P001173,CR0013,creator_ficticio_013,TikTok,2026-08-08T22:50:00-03:00,video,False,,,12653,664,74,76,api_da_plataforma_ficticia,2026-09-01T08:00:00-03:00
P001174,CR0087,creator_ficticio_087,Instagram,2026-06-23T16:03:00-03:00,imagem,False,,,369,22,3,2,api_da_plataforma_ficticia,2026-09-01T08:00:00-03:00
P001175,CR0093,creator_ficticio_093,Instagram,2026-06-09T22:10:00-03:00,carrossel,False,,,4338,318,33,56,api_da_plataforma_ficticia,2026-09-01T08:00:00-03:00
P001176,CR0095,creator_ficticio_095,TikTok,2026-06-04T23:06:00-03:00,imagem,True,CRM-00046,15000.0,139842,3668,428,438,api_da_plataforma_ficticia,2026-09-01T08:00:00-03:00
P001177,CR0078,creator_ficticio_078,Instagram,2026-08-26T21:42:00-03:00,video,False,,,8495,268,28,23,api_da_plataforma_ficticia,2026-09-01T08:00:00-03:00
P001178,CR0037,creator_ficticio_037,TikTok,2026-08-05T16:11:00-03:00,carrossel,True,CRM-00048,500.0,1923,20,0,3,api_da_plataforma_ficticia,2026-09-01T08:00:00-03:00
P001179,CR0124,creator_ficticio_124,TikTok,2026-06-01T15:41:00-03:00,imagem,False,,,378,40,4,3,api_da_plataforma_ficticia,2026-09-01T08:00:00-03:00
P001180,CR0147,creator_ficticio_147,YouTube,2026-06-19T18:31:00-03:00,carrossel,False,,,7877,267,34,38,api_da_plataforma_ficticia,2026-09-01T08:00:00-03:00
P001181,CR0017,creator_ficticio_017,YouTube,2026-07-09T19:05:00-03:00,video,True,CRM-00034,1200.0,586,10,0,0,api_da_plataforma_ficticia,2026-09-01T08:00:00-03:00
P001182,CR0046,creator_ficticio_046,TikTok,2026-07-22T18:36:00-03:00,video,False,,,31141,768,115,108,api_da_plataforma_ficticia,2026-09-01T08:00:00-03:00
P001183,CR0078,creator_ficticio_078,YouTube,2026-06-02T22:57:00-03:00,carrossel,False,,,7759,476,69,49,api_da_plataforma_ficticia,2026-09-01T08:00:00-03:00
P001184,CR0062,creator_ficticio_062,Instagram,2026-08-16T16:48:00-03:00,video,True,CRM-00010,1200.0,5522,421,53,38,api_da_plataforma_ficticia,2026-09-01T08:00:00-03:00
P001185,CR0129,creator_ficticio_129,YouTube,2026-08-22T10:54:00-03:00,video,False,,,64,2,0,0,api_da_plataforma_ficticia,2026-09-01T08:00:00-03:00
P001186,CR0144,creator_ficticio_144,YouTube,2026-08-10T16:33:00-03:00,video,True,CRM-00015,500.0,563,50,9,4,api_da_plataforma_ficticia,2026-09-01T08:00:00-03:00
P001187,CR0104,creator_ficticio_104,TikTok,2026-08-04T17:31:00-03:00,video,False,,,1837,92,18,8,api_da_plataforma_ficticia,2026-09-01T08:00:00-03:00
P001188,CR0059,creator_ficticio_059,TikTok,2026-07-05T08:50:00-03:00,video,False,,,20511,908,105,107,api_da_plataforma_ficticia,2026-09-01T08:00:00-03:00
P001189,CR0024,creator_ficticio_024,TikTok,2026-08-27T05:49:00-03:00,video,False,,,18744,1257,158,136,api_da_plataforma_ficticia,2026-09-01T08:00:00-03:00
P001190,CR0112,creator_ficticio_112,TikTok,2026-08-04T01:42:00-03:00,video,True,CRM-00033,1200.0,10785,148,14,17,api_da_plataforma_ficticia,2026-09-01T08:00:00-03:00
P001191,CR0128,creator_ficticio_128,TikTok,2026-07-02T22:58:00-03:00,carrossel,False,,,8925,304,37,35,api_da_plataforma_ficticia,2026-09-01T08:00:00-03:00
P001192,CR0144,creator_ficticio_144,Instagram,2026-06-24T16:34:00-03:00,video,False,,,191,19,3,0,api_da_plataforma_ficticia,2026-09-01T08:00:00-03:00
P001193,CR0034,creator_ficticio_034,YouTube,2026-06-09T13:09:00-03:00,video,True,CRM-00024,500.0,575,60,8,8,api_da_plataforma_ficticia,2026-09-01T08:00:00-03:00
P001194,CR0093,creator_ficticio_093,YouTube,2026-08-07T12:31:00-03:00,video,True,CRM-00022,500.0,1457,59,7,6,api_da_plataforma_ficticia,2026-09-01T08:00:00-03:00
P001195,CR0011,creator_ficticio_011,Instagram,2026-07-18T19:41:00-03:00,video,False,,,294,20,3,2,api_da_plataforma_ficticia,2026-09-01T08:00:00-03:00
P001196,CR0142,creator_ficticio_142,Instagram,2026-06-10T14:14:00-03:00,imagem,False,,,2164,115,13,13,api_da_plataforma_ficticia,2026-09-01T08:00:00-03:00
P001197,CR0012,creator_ficticio_012,TikTok,2026-06-11T04:06:00-03:00,video,True,CRM-00005,15000.0,11771,35,6,8,api_da_plataforma_ficticia,2026-09-01T08:00:00-03:00
P001198,CR0118,creator_ficticio_118,YouTube,2026-08-16T06:22:00-03:00,carrossel,False,,,69106,6316,799,764,api_da_plataforma_ficticia,2026-09-01T08:00:00-03:00
P001199,CR0117,creator_ficticio_117,YouTube,2026-08-08T22:41:00-03:00,video,False,,,1943,43,10,12,api_da_plataforma_ficticia,2026-09-01T08:00:00-03:00
P001200,CR0068,creator_ficticio_068,TikTok,2026-08-02T04:08:00-03:00,carrossel,False,,,151,7,0,1,api_da_plataforma_ficticia,2026-09-01T08:00:00-03:00
P001201,CR0126,creator_ficticio_126,Instagram,2026-07-26T04:46:00-03:00,video,True,CRM-00032,500.0,3223,272,41,29,api_da_plataforma_ficticia,2026-09-01T08:00:00-03:00
P001202,CR0009,creator_ficticio_009,TikTok,2026-08-29T06:45:00-03:00,carrossel,True,CRM-00006,15000.0,4976,471,50,39,api_da_plataforma_ficticia,2026-09-01T08:00:00-03:00
P001203,CR0132,creator_ficticio_132,Instagram,2026-08-02T18:39:00-03:00,imagem,False,,,4490,54,4,5,api_da_plataforma_ficticia,2026-09-01T08:00:00-03:00
P001204,CR0053,creator_ficticio_053,TikTok,2026-08-17T22:57:00-03:00,imagem,True,CRM-00005,1200.0,13899,458,56,58,api_da_plataforma_ficticia,2026-09-01T08:00:00-03:00
P001205,CR0113,creator_ficticio_113,Instagram,2026-07-17T23:02:00-03:00,video,False,,,2229,60,9,4,api_da_plataforma_ficticia,2026-09-01T08:00:00-03:00
P001206,CR0018,creator_ficticio_018,YouTube,2026-06-30T15:03:00-03:00,imagem,False,,,9852,1178,140,153,api_da_plataforma_ficticia,2026-09-01T08:00:00-03:00
P001207,CR0134,creator_ficticio_134,TikTok,2026-07-27T06:57:00-03:00,video,False,,,6850,174,35,24,api_da_plataforma_ficticia,2026-09-01T08:00:00-03:00
P001208,CR0023,creator_ficticio_023,Instagram,2026-06-03T11:07:00-03:00,video,False,,,507,29,2,2,api_da_plataforma_ficticia,2026-09-01T08:00:00-03:00
P001209,CR0139,creator_ficticio_139,Instagram,2026-08-12T10:19:00-03:00,video,False,,,122,6,3,1,api_da_plataforma_ficticia,2026-09-01T08:00:00-03:00
P001210,CR0044,creator_ficticio_044,TikTok,2026-08-15T05:01:00-03:00,imagem,True,CRM-00041,1200.0,1009,70,12,8,api_da_plataforma_ficticia,2026-09-01T08:00:00-03:00
P001211,CR0080,creator_ficticio_080,Instagram,2026-07-02T00:23:00-03:00,carrossel,False,,,219985,14386,1914,1785,api_da_plataforma_ficticia,2026-09-01T08:00:00-03:00
P001212,CR0103,creator_ficticio_103,TikTok,2026-07-08T04:34:00-03:00,video,False,,,1406,62,6,8,api_da_plataforma_ficticia,2026-09-01T08:00:00-03:00
P001213,CR0094,creator_ficticio_094,Instagram,2026-08-26T18:21:00-03:00,video,True,CRM-00057,15000.0,3790,15,3,1,api_da_plataforma_ficticia,2026-09-01T08:00:00-03:00
P001214,CR0083,creator_ficticio_083,Instagram,2026-06-17T11:42:00-03:00,carrossel,False,,,1458,74,4,11,api_da_plataforma_ficticia,2026-09-01T08:00:00-03:00
P001215,CR0143,creator_ficticio_143,YouTube,2026-08-02T04:32:00-03:00,imagem,False,,,3943,172,15,18,api_da_plataforma_ficticia,2026-09-01T08:00:00-03:00
P001216,CR0090,creator_ficticio_090,TikTok,2026-07-03T19:58:00-03:00,carrossel,False,,,10307,495,62,53,api_da_plataforma_ficticia,2026-09-01T08:00:00-03:00
P001217,CR0077,creator_ficticio_077,Instagram,2026-06-13T20:42:00-03:00,carrossel,False,,,16962,797,90,108,api_da_plataforma_ficticia,2026-09-01T08:00:00-03:00
P001218,CR0011,creator_ficticio_011,Instagram,2026-07-04T13:26:00-03:00,video,False,,,3030,243,32,30,api_da_plataforma_ficticia,2026-09-01T08:00:00-03:00
P001219,CR0036,creator_ficticio_036,Instagram,2026-08-27T19:23:00-03:00,carrossel,False,,,541,53,4,13,api_da_plataforma_ficticia,2026-09-01T08:00:00-03:00
P001220,CR0068,creator_ficticio_068,YouTube,2026-07-17T03:18:00-03:00,video,False,,,317,30,2,1,api_da_plataforma_ficticia,2026-09-01T08:00:00-03:00
P001221,CR0140,creator_ficticio_140,TikTok,2026-06-06T13:44:00-03:00,video,False,,,17574,915,123,122,api_da_plataforma_ficticia,2026-09-01T08:00:00-03:00
P001222,CR0078,creator_ficticio_078,TikTok,2026-07-28T10:50:00-03:00,video,False,,,69744,1549,198,199,api_da_plataforma_ficticia,2026-09-01T08:00:00-03:00
P001223,CR0007,creator_ficticio_007,TikTok,2026-06-17T22:05:00-03:00,video,False,,,9273,732,103,96,api_da_plataforma_ficticia,2026-09-01T08:00:00-03:00
P001224,CR0031,creator_ficticio_031,Instagram,2026-08-02T08:47:00-03:00,video,False,,,21025,933,119,126,api_da_plataforma_ficticia,2026-09-01T08:00:00-03:00
P001225,CR0087,creator_ficticio_087,TikTok,2026-07-28T01:08:00-03:00,video,False,,,103,1,0,2,api_da_plataforma_ficticia,2026-09-01T08:00:00-03:00
P001226,CR0021,creator_ficticio_021,Instagram,2026-06-30T20:09:00-03:00,imagem,False,,,13091,372,46,54,api_da_plataforma_ficticia,2026-09-01T08:00:00-03:00
P001227,CR0139,creator_ficticio_139,TikTok,2026-08-06T16:01:00-03:00,video,True,CRM-00051,15000.0,202,4,1,1,api_da_plataforma_ficticia,2026-09-01T08:00:00-03:00
P001228,CR0030,creator_ficticio_030,TikTok,2026-06-01T09:56:00-03:00,imagem,False,,,1692,111,11,16,api_da_plataforma_ficticia,2026-09-01T08:00:00-03:00
P001229,CR0111,creator_ficticio_111,Instagram,2026-08-18T17:03:00-03:00,video,False,,,1695,71,11,4,api_da_plataforma_ficticia,2026-09-01T08:00:00-03:00
P001230,CR0113,creator_ficticio_113,YouTube,2026-07-08T11:49:00-03:00,imagem,True,CRM-00029,1200.0,361,26,3,0,api_da_plataforma_ficticia,2026-09-01T08:00:00-03:00
P001231,CR0090,creator_ficticio_090,YouTube,2026-07-14T02:03:00-03:00,video,False,,,32334,2688,343,322,api_da_plataforma_ficticia,2026-09-01T08:00:00-03:00
P001232,CR0086,creator_ficticio_086,Instagram,2026-07-05T09:39:00-03:00,carrossel,True,CRM-00038,3000.0,1973,82,8,13,api_da_plataforma_ficticia,2026-09-01T08:00:00-03:00
P001233,CR0072,creator_ficticio_072,TikTok,2026-07-14T14:33:00-03:00,carrossel,False,,,17009,109,6,4,api_da_plataforma_ficticia,2026-09-01T08:00:00-03:00
P001234,CR0029,creator_ficticio_029,Instagram,2026-08-02T11:22:00-03:00,video,True,CRM-00055,3000.0,5231,259,39,30,api_da_plataforma_ficticia,2026-09-01T08:00:00-03:00
P001235,CR0040,creator_ficticio_040,Instagram,2026-07-06T03:19:00-03:00,imagem,False,,,594,30,4,2,api_da_plataforma_ficticia,2026-09-01T08:00:00-03:00
P001236,CR0067,creator_ficticio_067,Instagram,2026-06-12T16:44:00-03:00,carrossel,False,,,265,16,1,1,api_da_plataforma_ficticia,2026-09-01T08:00:00-03:00
P001237,CR0084,creator_ficticio_084,YouTube,2026-08-27T08:57:00-03:00,carrossel,False,,,7762,634,85,85,api_da_plataforma_ficticia,2026-09-01T08:00:00-03:00
P001238,CR0129,creator_ficticio_129,YouTube,2026-06-17T16:32:00-03:00,carrossel,False,,,131,1,0,0,api_da_plataforma_ficticia,2026-09-01T08:00:00-03:00
P001239,CR0110,creator_ficticio_110,YouTube,2026-07-14T19:22:00-03:00,video,False,,,661,34,6,3,api_da_plataforma_ficticia,2026-09-01T08:00:00-03:00
P001240,CR0147,creator_ficticio_147,Instagram,2026-06-25T04:32:00-03:00,imagem,True,CRM-00052,1200.0,4768,284,49,35,api_da_plataforma_ficticia,2026-09-01T08:00:00-03:00
P001241,CR0084,creator_ficticio_084,TikTok,2026-08-23T10:35:00-03:00,imagem,False,,,1903,153,20,9,api_da_plataforma_ficticia,2026-09-01T08:00:00-03:00
P001242,CR0067,creator_ficticio_067,YouTube,2026-06-24T16:55:00-03:00,video,False,,,7884,301,43,33,api_da_plataforma_ficticia,2026-09-01T08:00:00-03:00
P001243,CR0114,creator_ficticio_114,YouTube,2026-06-26T00:59:00-03:00,video,False,,,45335,3570,462,450,api_da_plataforma_ficticia,2026-09-01T08:00:00-03:00
P001244,CR0072,creator_ficticio_072,TikTok,2026-06-30T17:11:00-03:00,imagem,False,,,42530,595,87,84,api_da_plataforma_ficticia,2026-09-01T08:00:00-03:00
P001245,CR0145,creator_ficticio_145,YouTube,2026-07-11T11:17:00-03:00,video,False,,,6533,253,38,36,api_da_plataforma_ficticia,2026-09-01T08:00:00-03:00
P001246,CR0081,creator_ficticio_081,Instagram,2026-08-23T14:01:00-03:00,imagem,True,CRM-00019,1200.0,214,12,4,1,api_da_plataforma_ficticia,2026-09-01T08:00:00-03:00
P001247,CR0095,creator_ficticio_095,Instagram,2026-07-12T10:16:00-03:00,carrossel,True,CRM-00051,15000.0,28324,3374,432,421,api_da_plataforma_ficticia,2026-09-01T08:00:00-03:00
P001248,CR0140,creator_ficticio_140,TikTok,2026-07-12T20:32:00-03:00,video,False,,,459995,17222,2207,2165,api_da_plataforma_ficticia,2026-09-01T08:00:00-03:00
P001249,CR0106,creator_ficticio_106,Instagram,2026-07-13T05:06:00-03:00,imagem,False,,,5933,363,46,38,api_da_plataforma_ficticia,2026-09-01T08:00:00-03:00
P001250,CR0055,creator_ficticio_055,TikTok,2026-08-23T08:57:00-03:00,carrossel,False,,,118316,6948,859,856,api_da_plataforma_ficticia,2026-09-01T08:00:00-03:00
P001251,CR0127,creator_ficticio_127,TikTok,2026-08-09T16:06:00-03:00,imagem,False,,,20341,1595,210,224,api_da_plataforma_ficticia,2026-09-01T08:00:00-03:00
P001252,CR0139,creator_ficticio_139,YouTube,2026-07-28T18:30:00-03:00,video,False,,,66,7,0,2,api_da_plataforma_ficticia,2026-09-01T08:00:00-03:00
P001253,CR0082,creator_ficticio_082,YouTube,2026-08-12T09:55:00-03:00,imagem,False,,,7319,57,8,13,api_da_plataforma_ficticia,2026-09-01T08:00:00-03:00
P001254,CR0126,creator_ficticio_126,TikTok,2026-06-14T13:19:00-03:00,video,False,,,4293,87,9,14,api_da_plataforma_ficticia,2026-09-01T08:00:00-03:00
P001255,CR0043,creator_ficticio_043,Instagram,2026-08-14T04:43:00-03:00,imagem,False,,,24390,278,42,41,api_da_plataforma_ficticia,2026-09-01T08:00:00-03:00
P001256,CR0072,creator_ficticio_072,TikTok,2026-06-15T05:42:00-03:00,carrossel,True,CRM-00055,15000.0,146565,15253,1856,1898,api_da_plataforma_ficticia,2026-09-01T08:00:00-03:00
P001257,CR0119,creator_ficticio_119,Instagram,2026-07-17T10:52:00-03:00,video,True,CRM-00019,15000.0,35629,2526,316,342,api_da_plataforma_ficticia,2026-09-01T08:00:00-03:00
P001258,CR0028,creator_ficticio_028,TikTok,2026-06-19T09:23:00-03:00,video,False,,,29,2,1,1,api_da_plataforma_ficticia,2026-09-01T08:00:00-03:00
P001259,CR0123,creator_ficticio_123,Instagram,2026-08-15T03:57:00-03:00,carrossel,False,,,27653,811,113,98,api_da_plataforma_ficticia,2026-09-01T08:00:00-03:00
P001260,CR0137,creator_ficticio_137,Instagram,2026-06-18T23:30:00-03:00,video,False,,,3217,286,43,38,api_da_plataforma_ficticia,2026-09-01T08:00:00-03:00
P001261,CR0146,creator_ficticio_146,Instagram,2026-07-04T03:11:00-03:00,video,False,,,43105,2858,342,341,api_da_plataforma_ficticia,2026-09-01T08:00:00-03:00
P001262,CR0022,creator_ficticio_022,YouTube,2026-06-05T13:29:00-03:00,video,False,,,645,53,7,4,api_da_plataforma_ficticia,2026-09-01T08:00:00-03:00
P001263,CR0003,creator_ficticio_003,YouTube,2026-06-24T02:24:00-03:00,imagem,True,CRM-00036,1200.0,34960,563,71,69,api_da_plataforma_ficticia,2026-09-01T08:00:00-03:00
P001264,CR0054,creator_ficticio_054,TikTok,2026-08-11T20:28:00-03:00,video,True,CRM-00020,3000.0,765,44,6,2,api_da_plataforma_ficticia,2026-09-01T08:00:00-03:00
P001265,CR0076,creator_ficticio_076,Instagram,2026-06-27T00:18:00-03:00,video,True,CRM-00027,500.0,1213,75,8,9,api_da_plataforma_ficticia,2026-09-01T08:00:00-03:00
P001266,CR0077,creator_ficticio_077,TikTok,2026-06-12T03:51:00-03:00,imagem,True,CRM-00042,1200.0,73,4,0,0,api_da_plataforma_ficticia,2026-09-01T08:00:00-03:00
P001267,CR0009,creator_ficticio_009,Instagram,2026-07-18T09:00:00-03:00,video,False,,,3517,351,35,46,api_da_plataforma_ficticia,2026-09-01T08:00:00-03:00
P001268,CR0099,creator_ficticio_099,TikTok,2026-06-26T23:32:00-03:00,video,False,,,130,8,0,1,api_da_plataforma_ficticia,2026-09-01T08:00:00-03:00
P001269,CR0074,creator_ficticio_074,Instagram,2026-07-03T13:43:00-03:00,video,True,CRM-00046,15000.0,2149,42,6,4,api_da_plataforma_ficticia,2026-09-01T08:00:00-03:00
P001270,CR0051,creator_ficticio_051,Instagram,2026-07-17T22:11:00-03:00,carrossel,False,,,6705,641,84,75,api_da_plataforma_ficticia,2026-09-01T08:00:00-03:00
P001271,CR0071,creator_ficticio_071,YouTube,2026-06-03T14:35:00-03:00,carrossel,False,,,1135,97,14,7,api_da_plataforma_ficticia,2026-09-01T08:00:00-03:00
P001272,CR0084,creator_ficticio_084,Instagram,2026-08-11T23:15:00-03:00,carrossel,False,,,5574,431,57,53,api_da_plataforma_ficticia,2026-09-01T08:00:00-03:00
P001273,CR0032,creator_ficticio_032,TikTok,2026-07-15T18:16:00-03:00,carrossel,True,CRM-00010,500.0,1729,59,6,5,api_da_plataforma_ficticia,2026-09-01T08:00:00-03:00
P001274,CR0113,creator_ficticio_113,Instagram,2026-07-27T21:19:00-03:00,video,False,,,3566,304,38,28,api_da_plataforma_ficticia,2026-09-01T08:00:00-03:00
P001275,CR0149,creator_ficticio_149,Instagram,2026-07-26T15:16:00-03:00,imagem,True,CRM-00035,15000.0,10591,196,15,32,api_da_plataforma_ficticia,2026-09-01T08:00:00-03:00
P001276,CR0053,creator_ficticio_053,YouTube,2026-07-18T15:59:00-03:00,video,False,,,78376,4790,602,590,api_da_plataforma_ficticia,2026-09-01T08:00:00-03:00
P001277,CR0111,creator_ficticio_111,TikTok,2026-06-15T17:44:00-03:00,video,True,CRM-00036,500.0,457,20,3,1,api_da_plataforma_ficticia,2026-09-01T08:00:00-03:00
P001278,CR0009,creator_ficticio_009,Instagram,2026-08-26T17:01:00-03:00,imagem,True,CRM-00015,1200.0,20679,496,60,62,api_da_plataforma_ficticia,2026-09-01T08:00:00-03:00
P001279,CR0057,creator_ficticio_057,YouTube,2026-07-05T03:40:00-03:00,carrossel,True,CRM-00015,1200.0,30131,418,52,64,api_da_plataforma_ficticia,2026-09-01T08:00:00-03:00
P001280,CR0083,creator_ficticio_083,TikTok,2026-08-04T04:42:00-03:00,video,False,,,104667,3137,357,402,api_da_plataforma_ficticia,2026-09-01T08:00:00-03:00
P001281,CR0119,creator_ficticio_119,TikTok,2026-08-19T14:28:00-03:00,video,True,CRM-00057,1200.0,4449,391,58,57,api_da_plataforma_ficticia,2026-09-01T08:00:00-03:00
P001282,CR0046,creator_ficticio_046,TikTok,2026-07-27T20:40:00-03:00,imagem,False,,,70694,1925,229,261,api_da_plataforma_ficticia,2026-09-01T08:00:00-03:00
P001283,CR0037,creator_ficticio_037,TikTok,2026-08-12T09:15:00-03:00,imagem,True,CRM-00019,500.0,543,36,5,2,api_da_plataforma_ficticia,2026-09-01T08:00:00-03:00
P001284,CR0129,creator_ficticio_129,TikTok,2026-06-14T00:54:00-03:00,video,False,,,12405,344,43,35,api_da_plataforma_ficticia,2026-09-01T08:00:00-03:00
P001285,CR0042,creator_ficticio_042,TikTok,2026-08-15T19:28:00-03:00,carrossel,False,,,2703,102,8,11,api_da_plataforma_ficticia,2026-09-01T08:00:00-03:00
P001286,CR0031,creator_ficticio_031,YouTube,2026-07-09T09:36:00-03:00,video,True,CRM-00008,1200.0,44861,5291,676,602,api_da_plataforma_ficticia,2026-09-01T08:00:00-03:00
P001287,CR0116,creator_ficticio_116,TikTok,2026-07-30T15:18:00-03:00,video,False,,,4036,354,46,54,api_da_plataforma_ficticia,2026-09-01T08:00:00-03:00
P001288,CR0013,creator_ficticio_013,Instagram,2026-07-26T06:15:00-03:00,carrossel,False,,,25839,1780,199,196,api_da_plataforma_ficticia,2026-09-01T08:00:00-03:00
P001289,CR0104,creator_ficticio_104,YouTube,2026-08-19T18:13:00-03:00,video,False,,,29780,803,112,106,api_da_plataforma_ficticia,2026-09-01T08:00:00-03:00
P001290,CR0070,creator_ficticio_070,YouTube,2026-07-10T23:04:00-03:00,imagem,True,CRM-00032,15000.0,400,26,1,5,api_da_plataforma_ficticia,2026-09-01T08:00:00-03:00
P001291,CR0117,creator_ficticio_117,TikTok,2026-06-20T20:52:00-03:00,carrossel,True,CRM-00050,1200.0,27400,1903,262,251,api_da_plataforma_ficticia,2026-09-01T08:00:00-03:00
P001292,CR0128,creator_ficticio_128,YouTube,2026-07-18T06:08:00-03:00,video,False,,,353,20,1,1,api_da_plataforma_ficticia,2026-09-01T08:00:00-03:00
P001293,CR0058,creator_ficticio_058,Instagram,2026-07-10T22:59:00-03:00,video,True,CRM-00054,500.0,4674,115,9,22,api_da_plataforma_ficticia,2026-09-01T08:00:00-03:00
P001294,CR0037,creator_ficticio_037,TikTok,2026-07-23T01:49:00-03:00,imagem,False,,,52315,1606,194,213,api_da_plataforma_ficticia,2026-09-01T08:00:00-03:00
P001295,CR0027,creator_ficticio_027,TikTok,2026-06-07T07:25:00-03:00,video,False,,,9600,402,46,38,api_da_plataforma_ficticia,2026-09-01T08:00:00-03:00
P001296,CR0108,creator_ficticio_108,YouTube,2026-07-08T14:22:00-03:00,video,False,,,689,18,3,5,api_da_plataforma_ficticia,2026-09-01T08:00:00-03:00
P001297,CR0065,creator_ficticio_065,Instagram,2026-06-15T19:10:00-03:00,imagem,False,,,8151,760,107,113,api_da_plataforma_ficticia,2026-09-01T08:00:00-03:00
P001298,CR0120,creator_ficticio_120,TikTok,2026-07-16T00:03:00-03:00,video,False,,,21908,1534,194,192,api_da_plataforma_ficticia,2026-09-01T08:00:00-03:00
P001299,CR0111,creator_ficticio_111,YouTube,2026-08-05T18:04:00-03:00,imagem,False,,,206,12,0,2,api_da_plataforma_ficticia,2026-09-01T08:00:00-03:00
P001300,CR0149,creator_ficticio_149,TikTok,2026-07-13T09:45:00-03:00,carrossel,True,CRM-00008,1200.0,7229,351,27,29,api_da_plataforma_ficticia,2026-09-01T08:00:00-03:00
P001301,CR0126,creator_ficticio_126,TikTok,2026-07-17T00:51:00-03:00,carrossel,False,,,7962,811,111,104,api_da_plataforma_ficticia,2026-09-01T08:00:00-03:00
P001302,CR0137,creator_ficticio_137,Instagram,2026-08-02T05:44:00-03:00,carrossel,True,CRM-00022,1200.0,49455,1583,196,195,api_da_plataforma_ficticia,2026-09-01T08:00:00-03:00
P001303,CR0135,creator_ficticio_135,YouTube,2026-07-28T21:53:00-03:00,video,False,,,21094,1114,137,130,api_da_plataforma_ficticia,2026-09-01T08:00:00-03:00
P001304,CR0136,creator_ficticio_136,YouTube,2026-08-22T20:22:00-03:00,video,False,,,26307,506,59,51,api_da_plataforma_ficticia,2026-09-01T08:00:00-03:00
P001305,CR0148,creator_ficticio_148,TikTok,2026-08-20T08:12:00-03:00,video,False,,,5579,192,25,28,api_da_plataforma_ficticia,2026-09-01T08:00:00-03:00
P001306,CR0056,creator_ficticio_056,TikTok,2026-07-05T00:37:00-03:00,carrossel,False,,,726,24,3,4,api_da_plataforma_ficticia,2026-09-01T08:00:00-03:00
P001307,CR0046,creator_ficticio_046,Instagram,2026-06-04T05:39:00-03:00,imagem,True,CRM-00038,15000.0,16307,1381,167,141,api_da_plataforma_ficticia,2026-09-01T08:00:00-03:00
P001308,CR0089,creator_ficticio_089,YouTube,2026-06-11T04:34:00-03:00,video,False,,,2914,106,8,11,api_da_plataforma_ficticia,2026-09-01T08:00:00-03:00
P001309,CR0125,creator_ficticio_125,Instagram,2026-08-15T22:41:00-03:00,imagem,False,,,979,14,0,3,api_da_plataforma_ficticia,2026-09-01T08:00:00-03:00
P001310,CR0027,creator_ficticio_027,YouTube,2026-07-06T05:15:00-03:00,video,True,CRM-00028,1200.0,75400,1235,153,161,api_da_plataforma_ficticia,2026-09-01T08:00:00-03:00
P001311,CR0149,creator_ficticio_149,YouTube,2026-06-23T07:30:00-03:00,imagem,True,CRM-00048,3000.0,1334,61,5,6,api_da_plataforma_ficticia,2026-09-01T08:00:00-03:00
P001312,CR0045,creator_ficticio_045,TikTok,2026-08-17T01:33:00-03:00,carrossel,False,,,994,38,4,2,api_da_plataforma_ficticia,2026-09-01T08:00:00-03:00
P001313,CR0041,creator_ficticio_041,TikTok,2026-06-10T09:32:00-03:00,video,False,,,580,26,2,2,api_da_plataforma_ficticia,2026-09-01T08:00:00-03:00
P001314,CR0059,creator_ficticio_059,Instagram,2026-06-10T15:05:00-03:00,carrossel,True,CRM-00010,500.0,266,19,3,2,api_da_plataforma_ficticia,2026-09-01T08:00:00-03:00
P001315,CR0000,creator_ficticio_000,TikTok,2026-06-25T20:03:00-03:00,video,True,CRM-00025,15000.0,469,38,4,4,api_da_plataforma_ficticia,2026-09-01T08:00:00-03:00
P001316,CR0059,creator_ficticio_059,Instagram,2026-07-23T07:29:00-03:00,imagem,True,CRM-00050,500.0,3404,156,22,18,api_da_plataforma_ficticia,2026-09-01T08:00:00-03:00
P001317,CR0021,creator_ficticio_021,YouTube,2026-08-04T10:16:00-03:00,imagem,False,,,3193,199,26,39,api_da_plataforma_ficticia,2026-09-01T08:00:00-03:00
P001318,CR0120,creator_ficticio_120,TikTok,2026-07-15T01:56:00-03:00,video,False,,,14281,2001,251,232,api_da_plataforma_ficticia,2026-09-01T08:00:00-03:00
P001319,CR0116,creator_ficticio_116,TikTok,2026-07-03T01:56:00-03:00,video,False,,,9710,352,46,50,api_da_plataforma_ficticia,2026-09-01T08:00:00-03:00
P001320,CR0094,creator_ficticio_094,YouTube,2026-06-29T13:54:00-03:00,video,False,,,14579,63,5,8,api_da_plataforma_ficticia,2026-09-01T08:00:00-03:00
P001321,CR0120,creator_ficticio_120,YouTube,2026-07-04T20:23:00-03:00,carrossel,False,,,54606,1525,214,178,api_da_plataforma_ficticia,2026-09-01T08:00:00-03:00
P001322,CR0024,creator_ficticio_024,Instagram,2026-08-21T14:53:00-03:00,imagem,True,CRM-00008,3000.0,111346,7418,955,867,api_da_plataforma_ficticia,2026-09-01T08:00:00-03:00
P001323,CR0038,creator_ficticio_038,Instagram,2026-07-10T15:09:00-03:00,video,False,,,35738,377,39,39,api_da_plataforma_ficticia,2026-09-01T08:00:00-03:00
P001324,CR0132,creator_ficticio_132,Instagram,2026-08-19T08:48:00-03:00,video,False,,,201,11,2,0,api_da_plataforma_ficticia,2026-09-01T08:00:00-03:00
P001325,CR0141,creator_ficticio_141,YouTube,2026-08-07T11:32:00-03:00,video,False,,,305,3,1,1,api_da_plataforma_ficticia,2026-09-01T08:00:00-03:00
P001326,CR0040,creator_ficticio_040,Instagram,2026-07-20T20:20:00-03:00,carrossel,False,,,31111,490,63,88,api_da_plataforma_ficticia,2026-09-01T08:00:00-03:00
P001327,CR0035,creator_ficticio_035,YouTube,2026-07-14T05:05:00-03:00,imagem,False,,,25597,1171,157,157,api_da_plataforma_ficticia,2026-09-01T08:00:00-03:00
P001328,CR0017,creator_ficticio_017,TikTok,2026-08-10T01:21:00-03:00,imagem,False,,,662,19,1,2,api_da_plataforma_ficticia,2026-09-01T08:00:00-03:00
P001329,CR0109,creator_ficticio_109,YouTube,2026-06-28T10:52:00-03:00,video,True,CRM-00015,3000.0,8049,699,66,81,api_da_plataforma_ficticia,2026-09-01T08:00:00-03:00
P001330,CR0099,creator_ficticio_099,YouTube,2026-07-10T10:39:00-03:00,carrossel,False,,,1489,109,12,11,api_da_plataforma_ficticia,2026-09-01T08:00:00-03:00
P001331,CR0027,creator_ficticio_027,TikTok,2026-07-25T17:18:00-03:00,video,False,,,8309,833,109,111,api_da_plataforma_ficticia,2026-09-01T08:00:00-03:00
P001332,CR0092,creator_ficticio_092,TikTok,2026-08-20T00:27:00-03:00,video,False,,,60,4,0,0,api_da_plataforma_ficticia,2026-09-01T08:00:00-03:00
P001333,CR0113,creator_ficticio_113,TikTok,2026-08-02T12:57:00-03:00,video,True,CRM-00000,500.0,18,1,0,0,api_da_plataforma_ficticia,2026-09-01T08:00:00-03:00
P001334,CR0044,creator_ficticio_044,Instagram,2026-06-03T05:20:00-03:00,carrossel,True,CRM-00034,500.0,32222,307,45,38,api_da_plataforma_ficticia,2026-09-01T08:00:00-03:00
P001335,CR0007,creator_ficticio_007,YouTube,2026-06-15T15:36:00-03:00,carrossel,False,,,17349,1273,181,155,api_da_plataforma_ficticia,2026-09-01T08:00:00-03:00
P001336,CR0033,creator_ficticio_033,Instagram,2026-07-11T05:14:00-03:00,carrossel,False,,,28483,1987,236,250,api_da_plataforma_ficticia,2026-09-01T08:00:00-03:00
P001337,CR0088,creator_ficticio_088,Instagram,2026-07-02T21:03:00-03:00,imagem,True,CRM-00049,1200.0,9012,175,19,24,api_da_plataforma_ficticia,2026-09-01T08:00:00-03:00
P001338,CR0077,creator_ficticio_077,TikTok,2026-08-16T09:56:00-03:00,imagem,True,CRM-00051,15000.0,1647,61,3,7,api_da_plataforma_ficticia,2026-09-01T08:00:00-03:00
P001339,CR0052,creator_ficticio_052,YouTube,2026-08-25T15:03:00-03:00,imagem,False,,,339,10,1,1,api_da_plataforma_ficticia,2026-09-01T08:00:00-03:00
P001340,CR0083,creator_ficticio_083,Instagram,2026-07-30T05:51:00-03:00,video,False,,,7016,222,23,27,api_da_plataforma_ficticia,2026-09-01T08:00:00-03:00
P001341,CR0098,creator_ficticio_098,TikTok,2026-08-06T15:30:00-03:00,video,False,,,6977,72,7,10,api_da_plataforma_ficticia,2026-09-01T08:00:00-03:00
P001342,CR0142,creator_ficticio_142,Instagram,2026-08-07T10:11:00-03:00,video,False,,,76,4,2,1,api_da_plataforma_ficticia,2026-09-01T08:00:00-03:00
P001343,CR0133,creator_ficticio_133,YouTube,2026-07-06T08:39:00-03:00,imagem,False,,,577,19,4,4,api_da_plataforma_ficticia,2026-09-01T08:00:00-03:00
P001344,CR0102,creator_ficticio_102,TikTok,2026-08-18T01:05:00-03:00,imagem,False,,,11250,688,100,81,api_da_plataforma_ficticia,2026-09-01T08:00:00-03:00
P001345,CR0048,creator_ficticio_048,TikTok,2026-06-05T02:19:00-03:00,imagem,True,CRM-00043,1200.0,13754,255,23,39,api_da_plataforma_ficticia,2026-09-01T08:00:00-03:00
P001346,CR0059,creator_ficticio_059,Instagram,2026-07-08T08:07:00-03:00,video,False,,,3699,147,10,14,api_da_plataforma_ficticia,2026-09-01T08:00:00-03:00
P001347,CR0142,creator_ficticio_142,Instagram,2026-07-14T13:02:00-03:00,video,True,CRM-00008,500.0,8864,141,21,20,api_da_plataforma_ficticia,2026-09-01T08:00:00-03:00
P001348,CR0049,creator_ficticio_049,TikTok,2026-08-25T03:01:00-03:00,video,True,CRM-00048,3000.0,182317,4350,506,569,api_da_plataforma_ficticia,2026-09-01T08:00:00-03:00
P001349,CR0067,creator_ficticio_067,Instagram,2026-06-15T19:17:00-03:00,imagem,False,,,3645,144,12,25,api_da_plataforma_ficticia,2026-09-01T08:00:00-03:00
P001350,CR0148,creator_ficticio_148,TikTok,2026-08-08T19:18:00-03:00,carrossel,True,CRM-00005,500.0,811,42,3,4,api_da_plataforma_ficticia,2026-09-01T08:00:00-03:00
P001351,CR0059,creator_ficticio_059,YouTube,2026-07-29T00:06:00-03:00,video,False,,,1751,57,7,8,api_da_plataforma_ficticia,2026-09-01T08:00:00-03:00
P001352,CR0118,creator_ficticio_118,Instagram,2026-08-15T08:23:00-03:00,carrossel,False,,,6854,178,28,16,api_da_plataforma_ficticia,2026-09-01T08:00:00-03:00
P001353,CR0030,creator_ficticio_030,Instagram,2026-07-15T22:34:00-03:00,video,False,,,645,28,3,2,api_da_plataforma_ficticia,2026-09-01T08:00:00-03:00
P001354,CR0059,creator_ficticio_059,TikTok,2026-07-11T13:18:00-03:00,video,True,CRM-00016,500.0,4725,167,22,30,api_da_plataforma_ficticia,2026-09-01T08:00:00-03:00
P001355,CR0008,creator_ficticio_008,YouTube,2026-07-15T04:32:00-03:00,video,False,,,21384,999,127,138,api_da_plataforma_ficticia,2026-09-01T08:00:00-03:00
P001356,CR0126,creator_ficticio_126,TikTok,2026-07-11T09:22:00-03:00,carrossel,True,CRM-00003,1200.0,9106,378,41,45,api_da_plataforma_ficticia,2026-09-01T08:00:00-03:00
P001357,CR0009,creator_ficticio_009,YouTube,2026-06-28T07:40:00-03:00,video,False,,,1469,28,3,2,api_da_plataforma_ficticia,2026-09-01T08:00:00-03:00
P001358,CR0123,creator_ficticio_123,YouTube,2026-08-09T11:16:00-03:00,video,True,CRM-00058,15000.0,4033,234,32,36,api_da_plataforma_ficticia,2026-09-01T08:00:00-03:00
P001359,CR0127,creator_ficticio_127,Instagram,2026-07-17T06:47:00-03:00,carrossel,False,,,202910,10519,1291,1377,api_da_plataforma_ficticia,2026-09-01T08:00:00-03:00
P001360,CR0024,creator_ficticio_024,Instagram,2026-06-23T20:55:00-03:00,carrossel,True,CRM-00012,15000.0,6991,873,94,100,api_da_plataforma_ficticia,2026-09-01T08:00:00-03:00
P001361,CR0001,creator_ficticio_001,YouTube,2026-06-01T07:10:00-03:00,video,False,,,1473,83,11,7,api_da_plataforma_ficticia,2026-09-01T08:00:00-03:00
P001362,CR0144,creator_ficticio_144,YouTube,2026-06-19T16:19:00-03:00,carrossel,False,,,2442,82,13,12,api_da_plataforma_ficticia,2026-09-01T08:00:00-03:00
P001363,CR0097,creator_ficticio_097,Instagram,2026-08-21T12:29:00-03:00,video,False,,,3875,97,17,16,api_da_plataforma_ficticia,2026-09-01T08:00:00-03:00
P001364,CR0087,creator_ficticio_087,TikTok,2026-07-14T19:57:00-03:00,carrossel,False,,,4196,46,13,6,api_da_plataforma_ficticia,2026-09-01T08:00:00-03:00
P001365,CR0091,creator_ficticio_091,TikTok,2026-07-05T01:39:00-03:00,video,True,CRM-00030,3000.0,6,0,0,0,api_da_plataforma_ficticia,2026-09-01T08:00:00-03:00
P001366,CR0113,creator_ficticio_113,YouTube,2026-06-11T07:33:00-03:00,video,True,CRM-00037,15000.0,2091,78,8,11,api_da_plataforma_ficticia,2026-09-01T08:00:00-03:00
P001367,CR0088,creator_ficticio_088,Instagram,2026-06-30T23:43:00-03:00,video,False,,,775,22,3,3,api_da_plataforma_ficticia,2026-09-01T08:00:00-03:00
P001368,CR0113,creator_ficticio_113,Instagram,2026-07-25T03:55:00-03:00,carrossel,True,CRM-00002,500.0,10300,464,55,72,api_da_plataforma_ficticia,2026-09-01T08:00:00-03:00
P001369,CR0068,creator_ficticio_068,TikTok,2026-07-24T04:15:00-03:00,video,False,,,664,30,5,5,api_da_plataforma_ficticia,2026-09-01T08:00:00-03:00
P001370,CR0003,creator_ficticio_003,Instagram,2026-06-10T11:54:00-03:00,video,False,,,62679,2007,230,266,api_da_plataforma_ficticia,2026-09-01T08:00:00-03:00
P001371,CR0009,creator_ficticio_009,YouTube,2026-06-03T01:30:00-03:00,carrossel,False,,,42620,1493,179,210,api_da_plataforma_ficticia,2026-09-01T08:00:00-03:00
P001372,CR0113,creator_ficticio_113,YouTube,2026-08-16T15:17:00-03:00,video,False,,,339,8,0,2,api_da_plataforma_ficticia,2026-09-01T08:00:00-03:00
P001373,CR0028,creator_ficticio_028,TikTok,2026-06-01T18:49:00-03:00,carrossel,False,,,937,40,2,2,api_da_plataforma_ficticia,2026-09-01T08:00:00-03:00
P001374,CR0015,creator_ficticio_015,TikTok,2026-08-19T07:48:00-03:00,imagem,True,CRM-00042,1200.0,721,38,5,2,api_da_plataforma_ficticia,2026-09-01T08:00:00-03:00
P001375,CR0104,creator_ficticio_104,TikTok,2026-06-20T23:18:00-03:00,carrossel,True,CRM-00037,3000.0,54970,1148,167,136,api_da_plataforma_ficticia,2026-09-01T08:00:00-03:00
P001376,CR0023,creator_ficticio_023,YouTube,2026-07-19T15:31:00-03:00,video,False,,,77,2,0,1,api_da_plataforma_ficticia,2026-09-01T08:00:00-03:00
P001377,CR0133,creator_ficticio_133,Instagram,2026-08-17T07:11:00-03:00,video,False,,,367,14,3,1,api_da_plataforma_ficticia,2026-09-01T08:00:00-03:00
P001378,CR0046,creator_ficticio_046,YouTube,2026-08-04T12:52:00-03:00,imagem,False,,,33213,1100,138,137,api_da_plataforma_ficticia,2026-09-01T08:00:00-03:00
P001379,CR0072,creator_ficticio_072,YouTube,2026-08-14T13:25:00-03:00,imagem,False,,,72007,2599,305,315,api_da_plataforma_ficticia,2026-09-01T08:00:00-03:00
P001380,CR0065,creator_ficticio_065,Instagram,2026-08-17T11:01:00-03:00,video,False,,,18791,1861,225,223,api_da_plataforma_ficticia,2026-09-01T08:00:00-03:00
P001381,CR0058,creator_ficticio_058,TikTok,2026-07-20T00:54:00-03:00,video,False,,,932,80,4,11,api_da_plataforma_ficticia,2026-09-01T08:00:00-03:00
P001382,CR0092,creator_ficticio_092,YouTube,2026-08-18T03:39:00-03:00,video,False,,,107,3,1,0,api_da_plataforma_ficticia,2026-09-01T08:00:00-03:00
P001383,CR0125,creator_ficticio_125,Instagram,2026-06-15T06:29:00-03:00,imagem,False,,,19488,765,104,93,api_da_plataforma_ficticia,2026-09-01T08:00:00-03:00
P001384,CR0036,creator_ficticio_036,TikTok,2026-07-08T14:37:00-03:00,carrossel,False,,,40,0,0,0,api_da_plataforma_ficticia,2026-09-01T08:00:00-03:00
P001385,CR0006,creator_ficticio_006,TikTok,2026-07-14T09:57:00-03:00,video,True,CRM-00006,1200.0,1413,53,7,2,api_da_plataforma_ficticia,2026-09-01T08:00:00-03:00
P001386,CR0109,creator_ficticio_109,Instagram,2026-07-09T03:46:00-03:00,carrossel,True,CRM-00053,500.0,11760,805,99,102,api_da_plataforma_ficticia,2026-09-01T08:00:00-03:00
P001387,CR0089,creator_ficticio_089,YouTube,2026-07-04T19:46:00-03:00,imagem,False,,,20224,1119,128,144,api_da_plataforma_ficticia,2026-09-01T08:00:00-03:00
P001388,CR0067,creator_ficticio_067,YouTube,2026-07-30T19:58:00-03:00,carrossel,True,CRM-00003,1200.0,7293,236,35,28,api_da_plataforma_ficticia,2026-09-01T08:00:00-03:00
P001389,CR0145,creator_ficticio_145,YouTube,2026-06-15T21:01:00-03:00,video,False,,,12221,969,128,108,api_da_plataforma_ficticia,2026-09-01T08:00:00-03:00
P001390,CR0050,creator_ficticio_050,TikTok,2026-07-20T06:15:00-03:00,imagem,False,,,14879,257,29,33,api_da_plataforma_ficticia,2026-09-01T08:00:00-03:00
P001391,CR0064,creator_ficticio_064,YouTube,2026-06-30T21:44:00-03:00,video,False,,,102,18,1,2,api_da_plataforma_ficticia,2026-09-01T08:00:00-03:00
P001392,CR0129,creator_ficticio_129,Instagram,2026-07-10T18:10:00-03:00,imagem,False,,,43,4,1,1,api_da_plataforma_ficticia,2026-09-01T08:00:00-03:00
P001393,CR0045,creator_ficticio_045,YouTube,2026-07-05T20:31:00-03:00,video,False,,,8555,1130,161,139,api_da_plataforma_ficticia,2026-09-01T08:00:00-03:00
P001394,CR0148,creator_ficticio_148,TikTok,2026-06-29T10:31:00-03:00,imagem,False,,,1659,123,14,11,api_da_plataforma_ficticia,2026-09-01T08:00:00-03:00
P001395,CR0055,creator_ficticio_055,Instagram,2026-08-22T17:09:00-03:00,carrossel,False,,,12768,243,30,27,api_da_plataforma_ficticia,2026-09-01T08:00:00-03:00
P001396,CR0110,creator_ficticio_110,Instagram,2026-06-11T19:38:00-03:00,video,False,,,487,20,3,3,api_da_plataforma_ficticia,2026-09-01T08:00:00-03:00
P001397,CR0086,creator_ficticio_086,Instagram,2026-07-10T07:42:00-03:00,imagem,False,,,5434,170,18,23,api_da_plataforma_ficticia,2026-09-01T08:00:00-03:00
P001398,CR0116,creator_ficticio_116,YouTube,2026-07-17T11:28:00-03:00,carrossel,False,,,2871,118,13,11,api_da_plataforma_ficticia,2026-09-01T08:00:00-03:00
P001399,CR0132,creator_ficticio_132,YouTube,2026-06-26T21:55:00-03:00,video,True,CRM-00048,1200.0,28066,1074,117,118,api_da_plataforma_ficticia,2026-09-01T08:00:00-03:00
P001400,CR0023,creator_ficticio_023,Instagram,2026-08-06T00:00:00-03:00,video,True,CRM-00052,3000.0,7981,330,41,48,api_da_plataforma_ficticia,2026-09-01T08:00:00-03:00
P001401,CR0109,creator_ficticio_109,YouTube,2026-08-02T18:01:00-03:00,carrossel,False,,,870,50,7,6,api_da_plataforma_ficticia,2026-09-01T08:00:00-03:00
P001402,CR0062,creator_ficticio_062,TikTok,2026-08-11T02:20:00-03:00,imagem,False,,,680,32,8,3,api_da_plataforma_ficticia,2026-09-01T08:00:00-03:00
P001403,CR0051,creator_ficticio_051,TikTok,2026-08-17T22:09:00-03:00,video,False,,,3340,144,16,20,api_da_plataforma_ficticia,2026-09-01T08:00:00-03:00
P001404,CR0114,creator_ficticio_114,Instagram,2026-08-20T17:32:00-03:00,video,False,,,1204,50,8,3,api_da_plataforma_ficticia,2026-09-01T08:00:00-03:00
P001405,CR0057,creator_ficticio_057,TikTok,2026-06-01T01:52:00-03:00,video,False,,,7376,373,47,63,api_da_plataforma_ficticia,2026-09-01T08:00:00-03:00
P001406,CR0024,creator_ficticio_024,YouTube,2026-08-18T06:42:00-03:00,video,False,,,43198,1149,143,149,api_da_plataforma_ficticia,2026-09-01T08:00:00-03:00
P001407,CR0095,creator_ficticio_095,TikTok,2026-08-07T05:33:00-03:00,imagem,False,,,5614,121,17,11,api_da_plataforma_ficticia,2026-09-01T08:00:00-03:00
P001408,CR0142,creator_ficticio_142,TikTok,2026-07-13T22:42:00-03:00,video,False,,,1192,52,7,6,api_da_plataforma_ficticia,2026-09-01T08:00:00-03:00
P001409,CR0094,creator_ficticio_094,Instagram,2026-07-10T01:22:00-03:00,video,False,,,917,74,9,12,api_da_plataforma_ficticia,2026-09-01T08:00:00-03:00
P001410,CR0047,creator_ficticio_047,YouTube,2026-07-18T16:37:00-03:00,imagem,False,,,1596,66,10,7,api_da_plataforma_ficticia,2026-09-01T08:00:00-03:00
P001411,CR0017,creator_ficticio_017,TikTok,2026-06-20T22:54:00-03:00,video,True,CRM-00000,3000.0,106370,1757,221,242,api_da_plataforma_ficticia,2026-09-01T08:00:00-03:00
P001412,CR0039,creator_ficticio_039,TikTok,2026-07-10T18:01:00-03:00,video,True,CRM-00046,1200.0,1832,36,10,5,api_da_plataforma_ficticia,2026-09-01T08:00:00-03:00
P001413,CR0086,creator_ficticio_086,YouTube,2026-07-16T13:44:00-03:00,carrossel,False,,,6041,356,47,53,api_da_plataforma_ficticia,2026-09-01T08:00:00-03:00
P001414,CR0040,creator_ficticio_040,Instagram,2026-06-02T18:56:00-03:00,video,True,CRM-00036,3000.0,8457,341,36,47,api_da_plataforma_ficticia,2026-09-01T08:00:00-03:00
P001415,CR0112,creator_ficticio_112,YouTube,2026-06-28T06:53:00-03:00,video,True,CRM-00012,1200.0,4822,229,30,20,api_da_plataforma_ficticia,2026-09-01T08:00:00-03:00
P001416,CR0055,creator_ficticio_055,Instagram,2026-08-10T03:23:00-03:00,video,False,,,34945,4601,582,599,api_da_plataforma_ficticia,2026-09-01T08:00:00-03:00
P001417,CR0019,creator_ficticio_019,YouTube,2026-06-22T08:37:00-03:00,video,False,,,225,3,0,0,api_da_plataforma_ficticia,2026-09-01T08:00:00-03:00
P001418,CR0097,creator_ficticio_097,Instagram,2026-08-17T10:17:00-03:00,video,False,,,34450,316,57,40,api_da_plataforma_ficticia,2026-09-01T08:00:00-03:00
P001419,CR0116,creator_ficticio_116,Instagram,2026-06-21T22:45:00-03:00,video,True,CRM-00046,15000.0,619,32,3,3,api_da_plataforma_ficticia,2026-09-01T08:00:00-03:00
P001420,CR0133,creator_ficticio_133,YouTube,2026-07-07T11:56:00-03:00,video,False,,,134,2,0,0,api_da_plataforma_ficticia,2026-09-01T08:00:00-03:00
P001421,CR0022,creator_ficticio_022,YouTube,2026-07-04T00:51:00-03:00,imagem,False,,,1303,48,0,9,api_da_plataforma_ficticia,2026-09-01T08:00:00-03:00
P001422,CR0121,creator_ficticio_121,Instagram,2026-07-27T20:47:00-03:00,video,False,,,5900,150,28,21,api_da_plataforma_ficticia,2026-09-01T08:00:00-03:00
P001423,CR0012,creator_ficticio_012,Instagram,2026-08-18T15:52:00-03:00,video,False,,,779,5,3,2,api_da_plataforma_ficticia,2026-09-01T08:00:00-03:00
P001424,CR0139,creator_ficticio_139,TikTok,2026-07-14T08:09:00-03:00,imagem,True,CRM-00043,3000.0,143,3,0,0,api_da_plataforma_ficticia,2026-09-01T08:00:00-03:00
P001425,CR0083,creator_ficticio_083,TikTok,2026-06-28T17:07:00-03:00,video,False,,,3987,197,27,35,api_da_plataforma_ficticia,2026-09-01T08:00:00-03:00
P001426,CR0024,creator_ficticio_024,YouTube,2026-08-24T07:10:00-03:00,carrossel,False,,,3640,32,1,4,api_da_plataforma_ficticia,2026-09-01T08:00:00-03:00
P001427,CR0117,creator_ficticio_117,Instagram,2026-08-03T05:37:00-03:00,video,False,,,15237,727,101,105,api_da_plataforma_ficticia,2026-09-01T08:00:00-03:00
P001428,CR0121,creator_ficticio_121,YouTube,2026-08-05T15:52:00-03:00,imagem,False,,,5460,679,89,96,api_da_plataforma_ficticia,2026-09-01T08:00:00-03:00
P001429,CR0092,creator_ficticio_092,Instagram,2026-08-28T04:06:00-03:00,video,False,,,161,8,0,0,api_da_plataforma_ficticia,2026-09-01T08:00:00-03:00
P001430,CR0067,creator_ficticio_067,TikTok,2026-08-23T08:45:00-03:00,video,False,,,80,2,1,0,api_da_plataforma_ficticia,2026-09-01T08:00:00-03:00
P001431,CR0091,creator_ficticio_091,Instagram,2026-08-12T11:13:00-03:00,imagem,False,,,305,56,7,6,api_da_plataforma_ficticia,2026-09-01T08:00:00-03:00
P001432,CR0114,creator_ficticio_114,TikTok,2026-06-04T22:05:00-03:00,video,False,,,9915,325,40,41,api_da_plataforma_ficticia,2026-09-01T08:00:00-03:00
P001433,CR0013,creator_ficticio_013,TikTok,2026-06-07T11:30:00-03:00,video,True,CRM-00002,3000.0,14812,612,84,82,api_da_plataforma_ficticia,2026-09-01T08:00:00-03:00
P001434,CR0001,creator_ficticio_001,YouTube,2026-08-10T03:47:00-03:00,video,False,,,538,23,1,1,api_da_plataforma_ficticia,2026-09-01T08:00:00-03:00
P001435,CR0086,creator_ficticio_086,TikTok,2026-08-28T19:36:00-03:00,imagem,True,CRM-00006,1200.0,122,3,0,1,api_da_plataforma_ficticia,2026-09-01T08:00:00-03:00
P001436,CR0125,creator_ficticio_125,TikTok,2026-07-18T18:50:00-03:00,video,False,,,4781,437,36,55,api_da_plataforma_ficticia,2026-09-01T08:00:00-03:00
P001437,CR0077,creator_ficticio_077,Instagram,2026-06-15T04:56:00-03:00,video,True,CRM-00027,1200.0,11525,601,72,89,api_da_plataforma_ficticia,2026-09-01T08:00:00-03:00
P001438,CR0002,creator_ficticio_002,TikTok,2026-06-06T01:08:00-03:00,video,False,,,829,33,4,10,api_da_plataforma_ficticia,2026-09-01T08:00:00-03:00
P001439,CR0002,creator_ficticio_002,TikTok,2026-06-06T12:49:00-03:00,carrossel,False,,,129,7,0,2,api_da_plataforma_ficticia,2026-09-01T08:00:00-03:00
P001440,CR0090,creator_ficticio_090,TikTok,2026-07-23T08:40:00-03:00,carrossel,False,,,419,24,2,6,api_da_plataforma_ficticia,2026-09-01T08:00:00-03:00
P001441,CR0114,creator_ficticio_114,YouTube,2026-07-09T18:42:00-03:00,carrossel,False,,,15510,679,79,96,api_da_plataforma_ficticia,2026-09-01T08:00:00-03:00
P001442,CR0080,creator_ficticio_080,YouTube,2026-07-20T19:35:00-03:00,video,False,,,7263,630,81,80,api_da_plataforma_ficticia,2026-09-01T08:00:00-03:00
P001443,CR0032,creator_ficticio_032,Instagram,2026-08-28T18:45:00-03:00,carrossel,False,,,68227,4056,504,521,api_da_plataforma_ficticia,2026-09-01T08:00:00-03:00
P001444,CR0039,creator_ficticio_039,YouTube,2026-06-21T18:28:00-03:00,imagem,True,CRM-00040,3000.0,3236,47,4,3,api_da_plataforma_ficticia,2026-09-01T08:00:00-03:00
P001445,CR0069,creator_ficticio_069,YouTube,2026-07-06T08:59:00-03:00,imagem,False,,,935,38,4,2,api_da_plataforma_ficticia,2026-09-01T08:00:00-03:00
P001446,CR0020,creator_ficticio_020,YouTube,2026-08-04T20:29:00-03:00,video,False,,,1702,125,12,16,api_da_plataforma_ficticia,2026-09-01T08:00:00-03:00
P001447,CR0068,creator_ficticio_068,YouTube,2026-08-22T01:24:00-03:00,video,False,,,332,26,0,0,api_da_plataforma_ficticia,2026-09-01T08:00:00-03:00
P001448,CR0023,creator_ficticio_023,Instagram,2026-06-05T12:15:00-03:00,video,False,,,484,8,2,0,api_da_plataforma_ficticia,2026-09-01T08:00:00-03:00
P001449,CR0102,creator_ficticio_102,YouTube,2026-08-27T10:13:00-03:00,video,False,,,59937,2769,346,340,api_da_plataforma_ficticia,2026-09-01T08:00:00-03:00
P001450,CR0109,creator_ficticio_109,YouTube,2026-06-28T17:38:00-03:00,imagem,False,,,3325,203,41,21,api_da_plataforma_ficticia,2026-09-01T08:00:00-03:00
P001451,CR0129,creator_ficticio_129,Instagram,2026-06-26T22:38:00-03:00,imagem,True,CRM-00008,15000.0,185,12,2,0,api_da_plataforma_ficticia,2026-09-01T08:00:00-03:00
P001452,CR0030,creator_ficticio_030,TikTok,2026-06-14T17:05:00-03:00,video,False,,,262,9,1,2,api_da_plataforma_ficticia,2026-09-01T08:00:00-03:00
P001453,CR0117,creator_ficticio_117,Instagram,2026-06-20T07:52:00-03:00,video,False,,,13281,442,49,70,api_da_plataforma_ficticia,2026-09-01T08:00:00-03:00
P001454,CR0123,creator_ficticio_123,TikTok,2026-08-21T12:11:00-03:00,video,False,,,24379,1472,197,206,api_da_plataforma_ficticia,2026-09-01T08:00:00-03:00
P001455,CR0031,creator_ficticio_031,TikTok,2026-07-29T06:53:00-03:00,video,True,CRM-00030,1200.0,11703,879,113,111,api_da_plataforma_ficticia,2026-09-01T08:00:00-03:00
P001456,CR0133,creator_ficticio_133,Instagram,2026-06-08T07:40:00-03:00,video,False,,,944,55,5,11,api_da_plataforma_ficticia,2026-09-01T08:00:00-03:00
P001457,CR0034,creator_ficticio_034,YouTube,2026-07-29T10:40:00-03:00,imagem,True,CRM-00056,15000.0,986,133,20,18,api_da_plataforma_ficticia,2026-09-01T08:00:00-03:00
P001458,CR0042,creator_ficticio_042,TikTok,2026-08-17T17:59:00-03:00,carrossel,False,,,2858,103,7,13,api_da_plataforma_ficticia,2026-09-01T08:00:00-03:00
P001459,CR0064,creator_ficticio_064,Instagram,2026-07-14T09:44:00-03:00,imagem,True,CRM-00010,15000.0,243,12,0,2,api_da_plataforma_ficticia,2026-09-01T08:00:00-03:00
P001460,CR0122,creator_ficticio_122,YouTube,2026-07-07T09:22:00-03:00,video,False,,,2285,33,5,7,api_da_plataforma_ficticia,2026-09-01T08:00:00-03:00
P001461,CR0054,creator_ficticio_054,Instagram,2026-08-27T04:41:00-03:00,video,False,,,153,3,0,0,api_da_plataforma_ficticia,2026-09-01T08:00:00-03:00
P001462,CR0120,creator_ficticio_120,TikTok,2026-08-13T13:59:00-03:00,carrossel,True,CRM-00025,3000.0,24376,231,32,30,api_da_plataforma_ficticia,2026-09-01T08:00:00-03:00
P001463,CR0107,creator_ficticio_107,YouTube,2026-07-11T00:14:00-03:00,carrossel,False,,,38310,458,53,58,api_da_plataforma_ficticia,2026-09-01T08:00:00-03:00
P001464,CR0087,creator_ficticio_087,TikTok,2026-07-17T16:09:00-03:00,video,False,,,3875,69,11,5,api_da_plataforma_ficticia,2026-09-01T08:00:00-03:00
P001465,CR0082,creator_ficticio_082,Instagram,2026-06-18T10:16:00-03:00,imagem,False,,,10617,59,14,9,api_da_plataforma_ficticia,2026-09-01T08:00:00-03:00
P001466,CR0074,creator_ficticio_074,YouTube,2026-06-07T21:00:00-03:00,video,False,,,705,42,7,3,api_da_plataforma_ficticia,2026-09-01T08:00:00-03:00
P001467,CR0067,creator_ficticio_067,Instagram,2026-06-10T02:07:00-03:00,video,False,,,7889,280,30,35,api_da_plataforma_ficticia,2026-09-01T08:00:00-03:00
P001468,CR0045,creator_ficticio_045,YouTube,2026-06-25T05:10:00-03:00,imagem,True,CRM-00051,15000.0,2959,70,7,8,api_da_plataforma_ficticia,2026-09-01T08:00:00-03:00
P001469,CR0090,creator_ficticio_090,YouTube,2026-07-20T11:08:00-03:00,video,False,,,952,3,1,2,api_da_plataforma_ficticia,2026-09-01T08:00:00-03:00
P001470,CR0008,creator_ficticio_008,Instagram,2026-08-27T17:23:00-03:00,imagem,False,,,375,31,6,2,api_da_plataforma_ficticia,2026-09-01T08:00:00-03:00
P001471,CR0057,creator_ficticio_057,Instagram,2026-08-18T20:55:00-03:00,imagem,False,,,3761,95,8,18,api_da_plataforma_ficticia,2026-09-01T08:00:00-03:00
P001472,CR0067,creator_ficticio_067,Instagram,2026-08-09T22:05:00-03:00,video,False,,,14078,322,46,40,api_da_plataforma_ficticia,2026-09-01T08:00:00-03:00
P001473,CR0128,creator_ficticio_128,Instagram,2026-07-01T12:03:00-03:00,video,True,CRM-00038,15000.0,4966,213,30,20,api_da_plataforma_ficticia,2026-09-01T08:00:00-03:00
P001474,CR0133,creator_ficticio_133,TikTok,2026-06-06T19:44:00-03:00,video,False,,,64,6,0,2,api_da_plataforma_ficticia,2026-09-01T08:00:00-03:00
P001475,CR0112,creator_ficticio_112,Instagram,2026-08-19T07:58:00-03:00,carrossel,True,CRM-00008,3000.0,20473,1044,122,116,api_da_plataforma_ficticia,2026-09-01T08:00:00-03:00
P001476,CR0026,creator_ficticio_026,TikTok,2026-08-10T22:21:00-03:00,video,False,,,189,24,3,2,api_da_plataforma_ficticia,2026-09-01T08:00:00-03:00
P001477,CR0119,creator_ficticio_119,TikTok,2026-08-26T01:01:00-03:00,video,False,,,4569,420,43,47,api_da_plataforma_ficticia,2026-09-01T08:00:00-03:00
P001478,CR0118,creator_ficticio_118,Instagram,2026-08-23T03:03:00-03:00,video,False,,,2509,135,17,21,api_da_plataforma_ficticia,2026-09-01T08:00:00-03:00
P001479,CR0148,creator_ficticio_148,TikTok,2026-06-12T10:04:00-03:00,imagem,False,,,17798,1504,190,180,api_da_plataforma_ficticia,2026-09-01T08:00:00-03:00
P001480,CR0090,creator_ficticio_090,YouTube,2026-06-12T08:39:00-03:00,video,False,,,877,85,10,9,api_da_plataforma_ficticia,2026-09-01T08:00:00-03:00
P001481,CR0103,creator_ficticio_103,YouTube,2026-06-21T21:02:00-03:00,video,False,,,1338,96,9,11,api_da_plataforma_ficticia,2026-09-01T08:00:00-03:00
P001482,CR0047,creator_ficticio_047,Instagram,2026-08-09T14:19:00-03:00,video,True,CRM-00013,500.0,7289,247,20,37,api_da_plataforma_ficticia,2026-09-01T08:00:00-03:00
P001483,CR0097,creator_ficticio_097,YouTube,2026-06-04T06:44:00-03:00,carrossel,True,CRM-00020,1200.0,1320,127,15,15,api_da_plataforma_ficticia,2026-09-01T08:00:00-03:00
P001484,CR0075,creator_ficticio_075,TikTok,2026-08-10T22:49:00-03:00,carrossel,True,CRM-00011,15000.0,3030,143,22,22,api_da_plataforma_ficticia,2026-09-01T08:00:00-03:00
P001485,CR0114,creator_ficticio_114,YouTube,2026-06-12T07:46:00-03:00,video,False,,,1463,88,11,19,api_da_plataforma_ficticia,2026-09-01T08:00:00-03:00
P001486,CR0008,creator_ficticio_008,TikTok,2026-06-21T10:04:00-03:00,video,True,CRM-00038,1200.0,1862,87,8,9,api_da_plataforma_ficticia,2026-09-01T08:00:00-03:00
P001487,CR0094,creator_ficticio_094,Instagram,2026-08-26T13:53:00-03:00,video,False,,,1062,46,1,8,api_da_plataforma_ficticia,2026-09-01T08:00:00-03:00
P001488,CR0088,creator_ficticio_088,TikTok,2026-07-30T21:07:00-03:00,video,True,CRM-00053,500.0,338,33,6,0,api_da_plataforma_ficticia,2026-09-01T08:00:00-03:00
P001489,CR0143,creator_ficticio_143,TikTok,2026-07-07T11:26:00-03:00,carrossel,True,CRM-00012,500.0,4145,235,22,21,api_da_plataforma_ficticia,2026-09-01T08:00:00-03:00
P001490,CR0148,creator_ficticio_148,YouTube,2026-06-15T22:45:00-03:00,video,False,,,13116,523,70,61,api_da_plataforma_ficticia,2026-09-01T08:00:00-03:00
P001491,CR0060,creator_ficticio_060,YouTube,2026-07-23T16:38:00-03:00,carrossel,False,,,1290,47,4,5,api_da_plataforma_ficticia,2026-09-01T08:00:00-03:00
P001492,CR0078,creator_ficticio_078,Instagram,2026-08-06T00:11:00-03:00,imagem,False,,,134990,7067,924,918,api_da_plataforma_ficticia,2026-09-01T08:00:00-03:00
P001493,CR0055,creator_ficticio_055,TikTok,2026-08-11T17:57:00-03:00,video,False,,,292,5,1,1,api_da_plataforma_ficticia,2026-09-01T08:00:00-03:00
P001494,CR0007,creator_ficticio_007,YouTube,2026-06-16T14:37:00-03:00,video,False,,,14000,425,49,66,api_da_plataforma_ficticia,2026-09-01T08:00:00-03:00
P001495,CR0012,creator_ficticio_012,Instagram,2026-06-03T21:14:00-03:00,video,False,,,4223,42,7,12,api_da_plataforma_ficticia,2026-09-01T08:00:00-03:00
P001496,CR0013,creator_ficticio_013,TikTok,2026-06-26T14:35:00-03:00,video,False,,,449,7,0,1,api_da_plataforma_ficticia,2026-09-01T08:00:00-03:00
P001497,CR0141,creator_ficticio_141,YouTube,2026-06-12T14:00:00-03:00,video,True,CRM-00037,1200.0,88,9,1,0,api_da_plataforma_ficticia,2026-09-01T08:00:00-03:00
P001498,CR0062,creator_ficticio_062,TikTok,2026-07-19T07:05:00-03:00,video,False,,,489,44,5,5,api_da_plataforma_ficticia,2026-09-01T08:00:00-03:00
P001499,CR0012,creator_ficticio_012,YouTube,2026-06-15T08:53:00-03:00,carrossel,False,,,4870,187,28,29,api_da_plataforma_ficticia,2026-09-01T08:00:00-03:00
P001500,CR0041,creator_ficticio_041,YouTube,2026-06-16T12:49:00-03:00,carrossel,False,,,3671,55,4,7,api_da_plataforma_ficticia,2026-09-01T08:00:00-03:00
P001501,CR0136,creator_ficticio_136,YouTube,2026-08-03T04:11:00-03:00,imagem,False,,,22620,245,26,38,api_da_plataforma_ficticia,2026-09-01T08:00:00-03:00
P001502,CR0112,creator_ficticio_112,TikTok,2026-06-16T08:41:00-03:00,carrossel,True,CRM-00028,1200.0,2732,260,28,32,api_da_plataforma_ficticia,2026-09-01T08:00:00-03:00
P001503,CR0053,creator_ficticio_053,TikTok,2026-07-18T08:28:00-03:00,imagem,True,CRM-00001,500.0,267,8,3,1,api_da_plataforma_ficticia,2026-09-01T08:00:00-03:00
P001504,CR0052,creator_ficticio_052,YouTube,2026-07-09T11:35:00-03:00,imagem,True,CRM-00014,3000.0,198,5,0,0,api_da_plataforma_ficticia,2026-09-01T08:00:00-03:00
P001505,CR0148,creator_ficticio_148,YouTube,2026-08-16T21:56:00-03:00,imagem,False,,,19865,253,39,21,api_da_plataforma_ficticia,2026-09-01T08:00:00-03:00
P001506,CR0062,creator_ficticio_062,Instagram,2026-06-20T05:34:00-03:00,video,False,,,879,71,12,11,api_da_plataforma_ficticia,2026-09-01T08:00:00-03:00
P001507,CR0019,creator_ficticio_019,TikTok,2026-07-20T12:57:00-03:00,imagem,False,,,137,9,2,2,api_da_plataforma_ficticia,2026-09-01T08:00:00-03:00
P001508,CR0100,creator_ficticio_100,Instagram,2026-08-09T12:01:00-03:00,video,True,CRM-00028,15000.0,178,0,0,0,api_da_plataforma_ficticia,2026-09-01T08:00:00-03:00
P001509,CR0036,creator_ficticio_036,TikTok,2026-06-16T08:06:00-03:00,imagem,False,,,1355,91,13,14,api_da_plataforma_ficticia,2026-09-01T08:00:00-03:00
P001510,CR0095,creator_ficticio_095,YouTube,2026-07-28T01:12:00-03:00,video,True,CRM-00054,1200.0,22611,1002,116,102,api_da_plataforma_ficticia,2026-09-01T08:00:00-03:00
P001511,CR0118,creator_ficticio_118,TikTok,2026-06-28T19:53:00-03:00,carrossel,False,,,3905,76,8,7,api_da_plataforma_ficticia,2026-09-01T08:00:00-03:00
P001512,CR0085,creator_ficticio_085,Instagram,2026-08-18T22:44:00-03:00,carrossel,False,,,157,4,0,0,api_da_plataforma_ficticia,2026-09-01T08:00:00-03:00
P001513,CR0058,creator_ficticio_058,YouTube,2026-06-22T17:21:00-03:00,video,False,,,167109,11004,1372,1434,api_da_plataforma_ficticia,2026-09-01T08:00:00-03:00
P001514,CR0091,creator_ficticio_091,YouTube,2026-08-04T07:10:00-03:00,video,True,CRM-00004,500.0,16,0,0,0,api_da_plataforma_ficticia,2026-09-01T08:00:00-03:00
P001515,CR0066,creator_ficticio_066,YouTube,2026-06-27T14:20:00-03:00,video,False,,,623,32,1,3,api_da_plataforma_ficticia,2026-09-01T08:00:00-03:00
P001516,CR0090,creator_ficticio_090,TikTok,2026-07-26T05:55:00-03:00,video,False,,,14980,628,86,77,api_da_plataforma_ficticia,2026-09-01T08:00:00-03:00
P001517,CR0030,creator_ficticio_030,YouTube,2026-07-11T12:12:00-03:00,carrossel,True,CRM-00018,15000.0,1516,42,3,8,api_da_plataforma_ficticia,2026-09-01T08:00:00-03:00
P001518,CR0114,creator_ficticio_114,TikTok,2026-07-22T00:23:00-03:00,carrossel,False,,,6184,62,7,8,api_da_plataforma_ficticia,2026-09-01T08:00:00-03:00
P001519,CR0023,creator_ficticio_023,TikTok,2026-08-06T19:57:00-03:00,video,True,CRM-00057,3000.0,18,1,0,0,api_da_plataforma_ficticia,2026-09-01T08:00:00-03:00
P001520,CR0042,creator_ficticio_042,TikTok,2026-06-14T06:26:00-03:00,carrossel,False,,,1029,54,7,1,api_da_plataforma_ficticia,2026-09-01T08:00:00-03:00
P001521,CR0128,creator_ficticio_128,Instagram,2026-07-18T22:44:00-03:00,imagem,False,,,4645,230,26,41,api_da_plataforma_ficticia,2026-09-01T08:00:00-03:00
P001522,CR0079,creator_ficticio_079,YouTube,2026-07-23T18:32:00-03:00,video,False,,,7828,415,50,54,api_da_plataforma_ficticia,2026-09-01T08:00:00-03:00
P001523,CR0088,creator_ficticio_088,YouTube,2026-07-23T14:38:00-03:00,imagem,False,,,1615,9,3,0,api_da_plataforma_ficticia,2026-09-01T08:00:00-03:00
P001524,CR0103,creator_ficticio_103,Instagram,2026-07-20T13:21:00-03:00,video,False,,,939,8,0,3,api_da_plataforma_ficticia,2026-09-01T08:00:00-03:00
P001525,CR0117,creator_ficticio_117,TikTok,2026-08-13T12:01:00-03:00,video,False,,,154,15,1,3,api_da_plataforma_ficticia,2026-09-01T08:00:00-03:00
P001526,CR0012,creator_ficticio_012,TikTok,2026-06-12T13:41:00-03:00,imagem,False,,,333,10,2,1,api_da_plataforma_ficticia,2026-09-01T08:00:00-03:00
P001527,CR0054,creator_ficticio_054,Instagram,2026-08-19T01:35:00-03:00,imagem,False,,,1474,70,6,8,api_da_plataforma_ficticia,2026-09-01T08:00:00-03:00
P001528,CR0110,creator_ficticio_110,TikTok,2026-07-08T13:01:00-03:00,imagem,False,,,752,18,1,1,api_da_plataforma_ficticia,2026-09-01T08:00:00-03:00
P001529,CR0073,creator_ficticio_073,YouTube,2026-08-28T11:41:00-03:00,carrossel,False,,,261,6,0,1,api_da_plataforma_ficticia,2026-09-01T08:00:00-03:00
P001530,CR0068,creator_ficticio_068,YouTube,2026-08-18T05:46:00-03:00,carrossel,False,,,319,11,1,1,api_da_plataforma_ficticia,2026-09-01T08:00:00-03:00
P001531,CR0137,creator_ficticio_137,Instagram,2026-08-28T10:17:00-03:00,imagem,True,CRM-00051,3000.0,29620,3171,382,389,api_da_plataforma_ficticia,2026-09-01T08:00:00-03:00
P001532,CR0144,creator_ficticio_144,TikTok,2026-07-17T13:10:00-03:00,carrossel,False,,,102,5,2,1,api_da_plataforma_ficticia,2026-09-01T08:00:00-03:00
P001533,CR0135,creator_ficticio_135,YouTube,2026-07-25T01:22:00-03:00,video,True,CRM-00023,1200.0,140143,3900,519,509,api_da_plataforma_ficticia,2026-09-01T08:00:00-03:00
P001534,CR0007,creator_ficticio_007,YouTube,2026-06-22T18:37:00-03:00,video,True,CRM-00025,500.0,55840,6570,826,826,api_da_plataforma_ficticia,2026-09-01T08:00:00-03:00
P001535,CR0089,creator_ficticio_089,YouTube,2026-07-19T08:51:00-03:00,carrossel,False,,,10868,370,45,52,api_da_plataforma_ficticia,2026-09-01T08:00:00-03:00
P001536,CR0020,creator_ficticio_020,YouTube,2026-07-06T04:13:00-03:00,carrossel,False,,,107,7,1,0,api_da_plataforma_ficticia,2026-09-01T08:00:00-03:00
P001537,CR0102,creator_ficticio_102,YouTube,2026-06-02T06:54:00-03:00,video,False,,,14518,1001,134,135,api_da_plataforma_ficticia,2026-09-01T08:00:00-03:00
P001538,CR0037,creator_ficticio_037,TikTok,2026-08-22T02:51:00-03:00,video,True,CRM-00016,500.0,11282,423,54,60,api_da_plataforma_ficticia,2026-09-01T08:00:00-03:00
P001539,CR0011,creator_ficticio_011,TikTok,2026-06-07T13:23:00-03:00,video,False,,,10116,501,64,60,api_da_plataforma_ficticia,2026-09-01T08:00:00-03:00
P001540,CR0097,creator_ficticio_097,TikTok,2026-06-22T05:50:00-03:00,carrossel,True,CRM-00055,3000.0,3295,209,21,19,api_da_plataforma_ficticia,2026-09-01T08:00:00-03:00
P001541,CR0051,creator_ficticio_051,YouTube,2026-06-19T01:27:00-03:00,video,False,,,2722,201,21,25,api_da_plataforma_ficticia,2026-09-01T08:00:00-03:00
P001542,CR0139,creator_ficticio_139,YouTube,2026-07-30T02:33:00-03:00,carrossel,True,CRM-00053,500.0,214,8,1,0,api_da_plataforma_ficticia,2026-09-01T08:00:00-03:00
P001543,CR0085,creator_ficticio_085,TikTok,2026-06-04T09:36:00-03:00,imagem,False,,,142,2,0,0,api_da_plataforma_ficticia,2026-09-01T08:00:00-03:00
P001544,CR0015,creator_ficticio_015,YouTube,2026-08-27T22:03:00-03:00,carrossel,False,,,346,38,4,3,api_da_plataforma_ficticia,2026-09-01T08:00:00-03:00
P001545,CR0066,creator_ficticio_066,TikTok,2026-06-13T06:23:00-03:00,video,False,,,3573,480,45,54,api_da_plataforma_ficticia,2026-09-01T08:00:00-03:00
P001546,CR0125,creator_ficticio_125,TikTok,2026-07-10T19:26:00-03:00,video,False,,,2513,95,10,8,api_da_plataforma_ficticia,2026-09-01T08:00:00-03:00
P001547,CR0046,creator_ficticio_046,Instagram,2026-08-11T14:36:00-03:00,video,False,,,8003,1001,130,131,api_da_plataforma_ficticia,2026-09-01T08:00:00-03:00
P001548,CR0100,creator_ficticio_100,TikTok,2026-07-19T04:44:00-03:00,video,False,,,1561,142,22,9,api_da_plataforma_ficticia,2026-09-01T08:00:00-03:00
P001549,CR0105,creator_ficticio_105,Instagram,2026-07-07T03:03:00-03:00,imagem,True,CRM-00029,500.0,928,5,2,1,api_da_plataforma_ficticia,2026-09-01T08:00:00-03:00
P001550,CR0043,creator_ficticio_043,TikTok,2026-07-12T04:28:00-03:00,carrossel,False,,,10668,774,91,104,api_da_plataforma_ficticia,2026-09-01T08:00:00-03:00
P001551,CR0035,creator_ficticio_035,TikTok,2026-06-06T19:11:00-03:00,carrossel,True,CRM-00044,1200.0,9819,369,55,60,api_da_plataforma_ficticia,2026-09-01T08:00:00-03:00
P001552,CR0111,creator_ficticio_111,Instagram,2026-08-12T08:02:00-03:00,imagem,False,,,165,0,0,1,api_da_plataforma_ficticia,2026-09-01T08:00:00-03:00
P001553,CR0136,creator_ficticio_136,Instagram,2026-07-23T13:11:00-03:00,imagem,True,CRM-00029,1200.0,6635,391,40,41,api_da_plataforma_ficticia,2026-09-01T08:00:00-03:00
P001554,CR0060,creator_ficticio_060,YouTube,2026-07-01T02:34:00-03:00,video,False,,,1248,58,6,6,api_da_plataforma_ficticia,2026-09-01T08:00:00-03:00
P001555,CR0031,creator_ficticio_031,Instagram,2026-08-05T19:54:00-03:00,video,False,,,1747,46,6,6,api_da_plataforma_ficticia,2026-09-01T08:00:00-03:00
P001556,CR0078,creator_ficticio_078,Instagram,2026-08-22T22:59:00-03:00,video,False,,,21390,1555,213,197,api_da_plataforma_ficticia,2026-09-01T08:00:00-03:00
P001557,CR0107,creator_ficticio_107,YouTube,2026-08-27T19:44:00-03:00,video,False,,,2901,99,15,12,api_da_plataforma_ficticia,2026-09-01T08:00:00-03:00
P001558,CR0089,creator_ficticio_089,TikTok,2026-08-10T00:31:00-03:00,carrossel,False,,,4437,60,9,5,api_da_plataforma_ficticia,2026-09-01T08:00:00-03:00
P001559,CR0074,creator_ficticio_074,Instagram,2026-06-01T17:18:00-03:00,imagem,False,,,56415,4271,509,531,api_da_plataforma_ficticia,2026-09-01T08:00:00-03:00
P001560,CR0029,creator_ficticio_029,Instagram,2026-08-24T00:47:00-03:00,video,True,CRM-00028,500.0,8754,2944,358,370,api_da_plataforma_ficticia,2026-09-01T08:00:00-03:00
P001561,CR0109,creator_ficticio_109,TikTok,2026-06-05T10:31:00-03:00,carrossel,False,,,6564,374,51,35,api_da_plataforma_ficticia,2026-09-01T08:00:00-03:00
P001562,CR0084,creator_ficticio_084,YouTube,2026-06-19T02:38:00-03:00,carrossel,False,,,10902,1995,220,256,api_da_plataforma_ficticia,2026-09-01T08:00:00-03:00
P001563,CR0060,creator_ficticio_060,Instagram,2026-08-28T21:55:00-03:00,video,False,,,8315,554,72,60,api_da_plataforma_ficticia,2026-09-01T08:00:00-03:00
P001564,CR0099,creator_ficticio_099,YouTube,2026-07-01T19:09:00-03:00,video,True,CRM-00012,1200.0,514,22,2,4,api_da_plataforma_ficticia,2026-09-01T08:00:00-03:00
P001565,CR0053,creator_ficticio_053,Instagram,2026-08-16T23:48:00-03:00,imagem,True,CRM-00046,15000.0,4110,107,18,11,api_da_plataforma_ficticia,2026-09-01T08:00:00-03:00
P001566,CR0025,creator_ficticio_025,Instagram,2026-08-27T07:35:00-03:00,video,False,,,87925,9117,1103,1113,api_da_plataforma_ficticia,2026-09-01T08:00:00-03:00
P001567,CR0096,creator_ficticio_096,TikTok,2026-07-04T21:34:00-03:00,video,False,,,247,0,0,1,api_da_plataforma_ficticia,2026-09-01T08:00:00-03:00
P001568,CR0040,creator_ficticio_040,Instagram,2026-06-22T12:36:00-03:00,video,False,,,3913,177,17,25,api_da_plataforma_ficticia,2026-09-01T08:00:00-03:00
P001569,CR0144,creator_ficticio_144,YouTube,2026-06-25T21:50:00-03:00,video,False,,,2065,137,16,21,api_da_plataforma_ficticia,2026-09-01T08:00:00-03:00
P001570,CR0048,creator_ficticio_048,Instagram,2026-07-10T18:47:00-03:00,carrossel,True,CRM-00021,1200.0,57032,661,85,83,api_da_plataforma_ficticia,2026-09-01T08:00:00-03:00
P001571,CR0103,creator_ficticio_103,Instagram,2026-08-15T14:16:00-03:00,imagem,False,,,3033,116,12,11,api_da_plataforma_ficticia,2026-09-01T08:00:00-03:00
P001572,CR0029,creator_ficticio_029,Instagram,2026-06-26T17:58:00-03:00,video,False,,,1489,95,10,4,api_da_plataforma_ficticia,2026-09-01T08:00:00-03:00
P001573,CR0002,creator_ficticio_002,Instagram,2026-08-01T04:37:00-03:00,imagem,True,CRM-00027,1200.0,1784,192,28,21,api_da_plataforma_ficticia,2026-09-01T08:00:00-03:00
P001574,CR0147,creator_ficticio_147,YouTube,2026-08-18T13:36:00-03:00,video,False,,,5406,217,33,28,api_da_plataforma_ficticia,2026-09-01T08:00:00-03:00
P001575,CR0004,creator_ficticio_004,TikTok,2026-07-04T18:52:00-03:00,video,False,,,53086,264,39,35,api_da_plataforma_ficticia,2026-09-01T08:00:00-03:00
P001576,CR0000,creator_ficticio_000,Instagram,2026-07-05T12:58:00-03:00,carrossel,True,CRM-00029,3000.0,669,17,3,5,api_da_plataforma_ficticia,2026-09-01T08:00:00-03:00
P001577,CR0031,creator_ficticio_031,Instagram,2026-08-25T07:38:00-03:00,carrossel,False,,,21426,759,90,91,api_da_plataforma_ficticia,2026-09-01T08:00:00-03:00
P001578,CR0011,creator_ficticio_011,YouTube,2026-07-19T00:20:00-03:00,video,True,CRM-00035,15000.0,1813,158,16,32,api_da_plataforma_ficticia,2026-09-01T08:00:00-03:00
P001579,CR0052,creator_ficticio_052,Instagram,2026-07-02T02:29:00-03:00,video,False,,,11982,201,21,23,api_da_plataforma_ficticia,2026-09-01T08:00:00-03:00
P001580,CR0113,creator_ficticio_113,TikTok,2026-08-17T11:13:00-03:00,imagem,True,CRM-00045,3000.0,1344,134,10,17,api_da_plataforma_ficticia,2026-09-01T08:00:00-03:00
P001581,CR0023,creator_ficticio_023,Instagram,2026-08-10T11:20:00-03:00,video,False,,,1448,25,1,4,api_da_plataforma_ficticia,2026-09-01T08:00:00-03:00
P001582,CR0149,creator_ficticio_149,Instagram,2026-08-05T15:35:00-03:00,carrossel,True,CRM-00029,1200.0,1231,45,4,5,api_da_plataforma_ficticia,2026-09-01T08:00:00-03:00
P001583,CR0143,creator_ficticio_143,Instagram,2026-08-02T03:42:00-03:00,video,True,CRM-00003,1200.0,1907,91,8,14,api_da_plataforma_ficticia,2026-09-01T08:00:00-03:00
P001584,CR0059,creator_ficticio_059,YouTube,2026-07-09T04:30:00-03:00,carrossel,False,,,1400,21,2,1,api_da_plataforma_ficticia,2026-09-01T08:00:00-03:00
P001585,CR0039,creator_ficticio_039,Instagram,2026-06-20T03:40:00-03:00,carrossel,True,CRM-00044,15000.0,42464,2987,355,333,api_da_plataforma_ficticia,2026-09-01T08:00:00-03:00
P001586,CR0015,creator_ficticio_015,YouTube,2026-07-22T22:07:00-03:00,imagem,True,CRM-00036,500.0,2169,153,21,14,api_da_plataforma_ficticia,2026-09-01T08:00:00-03:00
P001587,CR0068,creator_ficticio_068,Instagram,2026-06-18T08:44:00-03:00,video,False,,,16715,1212,152,156,api_da_plataforma_ficticia,2026-09-01T08:00:00-03:00
P001588,CR0084,creator_ficticio_084,TikTok,2026-06-27T09:31:00-03:00,carrossel,False,,,2310,88,11,16,api_da_plataforma_ficticia,2026-09-01T08:00:00-03:00
P001589,CR0021,creator_ficticio_021,TikTok,2026-08-13T06:38:00-03:00,video,False,,,9298,419,47,48,api_da_plataforma_ficticia,2026-09-01T08:00:00-03:00
P001590,CR0145,creator_ficticio_145,YouTube,2026-07-26T13:44:00-03:00,video,False,,,59904,2625,307,352,api_da_plataforma_ficticia,2026-09-01T08:00:00-03:00
P001591,CR0045,creator_ficticio_045,Instagram,2026-08-17T22:13:00-03:00,video,False,,,2222,82,7,9,api_da_plataforma_ficticia,2026-09-01T08:00:00-03:00
P001592,CR0090,creator_ficticio_090,TikTok,2026-06-17T11:16:00-03:00,imagem,False,,,5752,571,62,70,api_da_plataforma_ficticia,2026-09-01T08:00:00-03:00
P001593,CR0081,creator_ficticio_081,Instagram,2026-06-23T14:02:00-03:00,imagem,True,CRM-00039,500.0,1011,37,5,3,api_da_plataforma_ficticia,2026-09-01T08:00:00-03:00
P001594,CR0103,creator_ficticio_103,Instagram,2026-07-08T15:55:00-03:00,imagem,True,CRM-00011,3000.0,2973,7,1,1,api_da_plataforma_ficticia,2026-09-01T08:00:00-03:00
P001595,CR0062,creator_ficticio_062,YouTube,2026-06-26T03:37:00-03:00,video,False,,,115,9,0,0,api_da_plataforma_ficticia,2026-09-01T08:00:00-03:00
P001596,CR0128,creator_ficticio_128,Instagram,2026-07-10T00:00:00-03:00,carrossel,False,,,824,31,5,6,api_da_plataforma_ficticia,2026-09-01T08:00:00-03:00
P001597,CR0013,creator_ficticio_013,Instagram,2026-08-06T04:43:00-03:00,carrossel,False,,,175055,2148,276,264,api_da_plataforma_ficticia,2026-09-01T08:00:00-03:00
P001598,CR0097,creator_ficticio_097,YouTube,2026-06-26T23:50:00-03:00,imagem,False,,,1177,53,9,7,api_da_plataforma_ficticia,2026-09-01T08:00:00-03:00
P001599,CR0112,creator_ficticio_112,YouTube,2026-08-23T22:52:00-03:00,carrossel,True,CRM-00018,1200.0,17628,711,103,82,api_da_plataforma_ficticia,2026-09-01T08:00:00-03:00
P001600,CR0116,creator_ficticio_116,YouTube,2026-07-31T16:17:00-03:00,video,False,,,140,0,0,0,api_da_plataforma_ficticia,2026-09-01T08:00:00-03:00
P001601,CR0145,creator_ficticio_145,YouTube,2026-06-21T13:31:00-03:00,carrossel,True,CRM-00003,1200.0,8840,284,37,31,api_da_plataforma_ficticia,2026-09-01T08:00:00-03:00
P001602,CR0137,creator_ficticio_137,TikTok,2026-07-14T00:11:00-03:00,video,False,,,51925,1385,184,180,api_da_plataforma_ficticia,2026-09-01T08:00:00-03:00
P001603,CR0035,creator_ficticio_035,Instagram,2026-07-02T12:51:00-03:00,video,False,,,43295,5246,673,654,api_da_plataforma_ficticia,2026-09-01T08:00:00-03:00
P001604,CR0056,creator_ficticio_056,Instagram,2026-07-31T05:27:00-03:00,carrossel,True,CRM-00032,1200.0,2088,120,15,14,api_da_plataforma_ficticia,2026-09-01T08:00:00-03:00
P001605,CR0033,creator_ficticio_033,TikTok,2026-08-20T05:24:00-03:00,imagem,False,,,17009,1007,143,120,api_da_plataforma_ficticia,2026-09-01T08:00:00-03:00
P001606,CR0015,creator_ficticio_015,Instagram,2026-06-05T22:03:00-03:00,carrossel,False,,,233,18,0,1,api_da_plataforma_ficticia,2026-09-01T08:00:00-03:00
P001607,CR0113,creator_ficticio_113,YouTube,2026-08-06T01:49:00-03:00,imagem,False,,,561,21,4,1,api_da_plataforma_ficticia,2026-09-01T08:00:00-03:00
P001608,CR0138,creator_ficticio_138,Instagram,2026-08-18T17:43:00-03:00,carrossel,True,CRM-00015,500.0,107,7,1,0,api_da_plataforma_ficticia,2026-09-01T08:00:00-03:00
P001609,CR0068,creator_ficticio_068,TikTok,2026-08-11T11:43:00-03:00,carrossel,False,,,1143,29,2,5,api_da_plataforma_ficticia,2026-09-01T08:00:00-03:00
P001610,CR0135,creator_ficticio_135,YouTube,2026-07-22T21:22:00-03:00,video,False,,,15183,623,91,67,api_da_plataforma_ficticia,2026-09-01T08:00:00-03:00
P001611,CR0006,creator_ficticio_006,TikTok,2026-08-07T16:41:00-03:00,carrossel,False,,,76,5,1,1,api_da_plataforma_ficticia,2026-09-01T08:00:00-03:00
P001612,CR0113,creator_ficticio_113,Instagram,2026-07-03T22:37:00-03:00,video,False,,,573,10,2,1,api_da_plataforma_ficticia,2026-09-01T08:00:00-03:00
P001613,CR0007,creator_ficticio_007,Instagram,2026-07-09T05:45:00-03:00,imagem,False,,,7681,85,5,12,api_da_plataforma_ficticia,2026-09-01T08:00:00-03:00
P001614,CR0095,creator_ficticio_095,TikTok,2026-08-09T22:59:00-03:00,carrossel,False,,,9084,96,6,12,api_da_plataforma_ficticia,2026-09-01T08:00:00-03:00
P001615,CR0147,creator_ficticio_147,YouTube,2026-08-23T06:46:00-03:00,video,False,,,1491,96,9,15,api_da_plataforma_ficticia,2026-09-01T08:00:00-03:00
P001616,CR0059,creator_ficticio_059,Instagram,2026-07-26T05:40:00-03:00,carrossel,False,,,19595,1040,132,124,api_da_plataforma_ficticia,2026-09-01T08:00:00-03:00
P001617,CR0108,creator_ficticio_108,TikTok,2026-07-22T12:04:00-03:00,imagem,False,,,3963,118,11,14,api_da_plataforma_ficticia,2026-09-01T08:00:00-03:00
P001618,CR0117,creator_ficticio_117,YouTube,2026-06-17T07:46:00-03:00,imagem,False,,,3891,326,39,42,api_da_plataforma_ficticia,2026-09-01T08:00:00-03:00
P001619,CR0077,creator_ficticio_077,YouTube,2026-06-27T02:40:00-03:00,video,True,CRM-00000,3000.0,2168,74,7,11,api_da_plataforma_ficticia,2026-09-01T08:00:00-03:00
P001620,CR0062,creator_ficticio_062,Instagram,2026-06-05T12:41:00-03:00,carrossel,False,,,4361,131,15,18,api_da_plataforma_ficticia,2026-09-01T08:00:00-03:00
P001621,CR0023,creator_ficticio_023,Instagram,2026-06-04T17:11:00-03:00,carrossel,False,,,5276,109,14,20,api_da_plataforma_ficticia,2026-09-01T08:00:00-03:00
P001622,CR0105,creator_ficticio_105,YouTube,2026-07-28T14:09:00-03:00,carrossel,True,CRM-00001,15000.0,26162,942,116,93,api_da_plataforma_ficticia,2026-09-01T08:00:00-03:00
P001623,CR0136,creator_ficticio_136,YouTube,2026-06-13T10:01:00-03:00,video,False,,,1062,4,1,0,api_da_plataforma_ficticia,2026-09-01T08:00:00-03:00
P001624,CR0056,creator_ficticio_056,Instagram,2026-07-11T05:49:00-03:00,carrossel,True,CRM-00055,1200.0,8087,158,26,20,api_da_plataforma_ficticia,2026-09-01T08:00:00-03:00
P001625,CR0056,creator_ficticio_056,TikTok,2026-06-28T17:18:00-03:00,imagem,False,,,3451,199,24,24,api_da_plataforma_ficticia,2026-09-01T08:00:00-03:00
P001626,CR0026,creator_ficticio_026,YouTube,2026-06-26T23:40:00-03:00,imagem,False,,,333,31,7,4,api_da_plataforma_ficticia,2026-09-01T08:00:00-03:00
P001627,CR0049,creator_ficticio_049,TikTok,2026-07-20T13:06:00-03:00,video,False,,,654290,47021,5870,5951,api_da_plataforma_ficticia,2026-09-01T08:00:00-03:00
P001628,CR0093,creator_ficticio_093,YouTube,2026-08-28T21:53:00-03:00,video,False,,,11190,848,101,95,api_da_plataforma_ficticia,2026-09-01T08:00:00-03:00
P001629,CR0118,creator_ficticio_118,TikTok,2026-06-30T10:48:00-03:00,video,False,,,8779,470,58,48,api_da_plataforma_ficticia,2026-09-01T08:00:00-03:00
P001630,CR0140,creator_ficticio_140,Instagram,2026-08-19T18:10:00-03:00,video,False,,,42760,2422,296,283,api_da_plataforma_ficticia,2026-09-01T08:00:00-03:00
P001631,CR0122,creator_ficticio_122,Instagram,2026-07-09T14:01:00-03:00,carrossel,False,,,647,46,8,9,api_da_plataforma_ficticia,2026-09-01T08:00:00-03:00
P001632,CR0076,creator_ficticio_076,TikTok,2026-07-27T20:41:00-03:00,video,True,CRM-00018,15000.0,1989,201,21,26,api_da_plataforma_ficticia,2026-09-01T08:00:00-03:00
P001633,CR0002,creator_ficticio_002,YouTube,2026-08-02T02:54:00-03:00,carrossel,False,,,8,1,0,0,api_da_plataforma_ficticia,2026-09-01T08:00:00-03:00
P001634,CR0028,creator_ficticio_028,Instagram,2026-08-03T20:07:00-03:00,video,True,CRM-00050,3000.0,144,15,0,0,api_da_plataforma_ficticia,2026-09-01T08:00:00-03:00
P001635,CR0082,creator_ficticio_082,TikTok,2026-08-20T14:41:00-03:00,imagem,False,,,989,44,4,4,api_da_plataforma_ficticia,2026-09-01T08:00:00-03:00
P001636,CR0094,creator_ficticio_094,Instagram,2026-06-05T17:25:00-03:00,imagem,False,,,9058,163,18,17,api_da_plataforma_ficticia,2026-09-01T08:00:00-03:00
P001637,CR0052,creator_ficticio_052,TikTok,2026-06-30T22:30:00-03:00,carrossel,True,CRM-00008,500.0,189,18,4,2,api_da_plataforma_ficticia,2026-09-01T08:00:00-03:00
P001638,CR0087,creator_ficticio_087,Instagram,2026-07-07T05:57:00-03:00,imagem,False,,,2232,131,22,23,api_da_plataforma_ficticia,2026-09-01T08:00:00-03:00
P001639,CR0145,creator_ficticio_145,TikTok,2026-07-13T12:29:00-03:00,carrossel,False,,,14076,691,70,74,api_da_plataforma_ficticia,2026-09-01T08:00:00-03:00
P001640,CR0111,creator_ficticio_111,TikTok,2026-06-29T23:53:00-03:00,video,False,,,711,66,6,7,api_da_plataforma_ficticia,2026-09-01T08:00:00-03:00
P001641,CR0047,creator_ficticio_047,YouTube,2026-08-13T06:41:00-03:00,video,True,CRM-00035,1200.0,2505,169,26,26,api_da_plataforma_ficticia,2026-09-01T08:00:00-03:00
P001642,CR0147,creator_ficticio_147,Instagram,2026-06-13T16:27:00-03:00,carrossel,False,,,9155,435,63,58,api_da_plataforma_ficticia,2026-09-01T08:00:00-03:00
P001643,CR0045,creator_ficticio_045,YouTube,2026-08-29T21:13:00-03:00,video,False,,,3006,294,31,18,api_da_plataforma_ficticia,2026-09-01T08:00:00-03:00
P001644,CR0021,creator_ficticio_021,YouTube,2026-07-07T12:55:00-03:00,carrossel,True,CRM-00014,3000.0,80253,11011,1358,1355,api_da_plataforma_ficticia,2026-09-01T08:00:00-03:00
P001645,CR0098,creator_ficticio_098,TikTok,2026-07-26T14:18:00-03:00,video,False,,,569,43,3,2,api_da_plataforma_ficticia,2026-09-01T08:00:00-03:00
P001646,CR0109,creator_ficticio_109,Instagram,2026-06-04T04:31:00-03:00,video,True,CRM-00055,15000.0,24848,5868,667,721,api_da_plataforma_ficticia,2026-09-01T08:00:00-03:00
P001647,CR0135,creator_ficticio_135,YouTube,2026-06-05T23:24:00-03:00,video,False,,,25756,87,11,15,api_da_plataforma_ficticia,2026-09-01T08:00:00-03:00
P001648,CR0013,creator_ficticio_013,YouTube,2026-07-31T09:09:00-03:00,video,False,,,2032,84,6,12,api_da_plataforma_ficticia,2026-09-01T08:00:00-03:00
P001649,CR0096,creator_ficticio_096,Instagram,2026-06-11T19:30:00-03:00,video,True,CRM-00026,1200.0,1160,201,22,22,api_da_plataforma_ficticia,2026-09-01T08:00:00-03:00
P001650,CR0144,creator_ficticio_144,YouTube,2026-06-13T10:41:00-03:00,video,False,,,162,3,0,0,api_da_plataforma_ficticia,2026-09-01T08:00:00-03:00
P001651,CR0083,creator_ficticio_083,YouTube,2026-07-25T00:24:00-03:00,carrossel,False,,,3360,130,26,14,api_da_plataforma_ficticia,2026-09-01T08:00:00-03:00
P001652,CR0129,creator_ficticio_129,TikTok,2026-08-03T09:13:00-03:00,imagem,False,,,34347,1660,210,213,api_da_plataforma_ficticia,2026-09-01T08:00:00-03:00
P001653,CR0018,creator_ficticio_018,YouTube,2026-06-02T05:31:00-03:00,carrossel,False,,,25363,1841,219,233,api_da_plataforma_ficticia,2026-09-01T08:00:00-03:00
P001654,CR0001,creator_ficticio_001,YouTube,2026-07-13T13:56:00-03:00,video,True,CRM-00030,1200.0,2078,46,5,4,api_da_plataforma_ficticia,2026-09-01T08:00:00-03:00
P001655,CR0038,creator_ficticio_038,Instagram,2026-07-20T18:16:00-03:00,video,False,,,1493,51,4,8,api_da_plataforma_ficticia,2026-09-01T08:00:00-03:00
P001656,CR0136,creator_ficticio_136,Instagram,2026-08-13T02:40:00-03:00,video,False,,,1352,82,9,12,api_da_plataforma_ficticia,2026-09-01T08:00:00-03:00
P001657,CR0119,creator_ficticio_119,Instagram,2026-07-25T07:22:00-03:00,imagem,False,,,12006,303,43,41,api_da_plataforma_ficticia,2026-09-01T08:00:00-03:00
P001658,CR0110,creator_ficticio_110,YouTube,2026-06-23T15:54:00-03:00,video,False,,,9246,543,72,69,api_da_plataforma_ficticia,2026-09-01T08:00:00-03:00
P001659,CR0020,creator_ficticio_020,YouTube,2026-07-21T05:31:00-03:00,imagem,False,,,2406,82,16,9,api_da_plataforma_ficticia,2026-09-01T08:00:00-03:00
P001660,CR0140,creator_ficticio_140,YouTube,2026-07-23T01:34:00-03:00,carrossel,True,CRM-00049,3000.0,2350,93,14,16,api_da_plataforma_ficticia,2026-09-01T08:00:00-03:00
P001661,CR0141,creator_ficticio_141,YouTube,2026-07-10T09:03:00-03:00,imagem,True,CRM-00007,15000.0,289,20,6,2,api_da_plataforma_ficticia,2026-09-01T08:00:00-03:00
P001662,CR0056,creator_ficticio_056,TikTok,2026-08-20T15:00:00-03:00,carrossel,True,CRM-00056,15000.0,543,11,2,1,api_da_plataforma_ficticia,2026-09-01T08:00:00-03:00
P001663,CR0142,creator_ficticio_142,YouTube,2026-06-09T03:40:00-03:00,video,False,,,5748,299,42,31,api_da_plataforma_ficticia,2026-09-01T08:00:00-03:00
P001664,CR0037,creator_ficticio_037,TikTok,2026-06-13T02:17:00-03:00,video,False,,,3609,623,83,101,api_da_plataforma_ficticia,2026-09-01T08:00:00-03:00
P001665,CR0095,creator_ficticio_095,Instagram,2026-06-30T12:56:00-03:00,carrossel,False,,,215681,3800,443,475,api_da_plataforma_ficticia,2026-09-01T08:00:00-03:00
P001666,CR0076,creator_ficticio_076,Instagram,2026-06-07T17:47:00-03:00,video,False,,,323,7,2,2,api_da_plataforma_ficticia,2026-09-01T08:00:00-03:00
P001667,CR0045,creator_ficticio_045,TikTok,2026-08-16T23:14:00-03:00,video,False,,,13491,273,35,31,api_da_plataforma_ficticia,2026-09-01T08:00:00-03:00
P001668,CR0030,creator_ficticio_030,TikTok,2026-06-08T04:29:00-03:00,carrossel,False,,,453,43,3,6,api_da_plataforma_ficticia,2026-09-01T08:00:00-03:00
P001669,CR0138,creator_ficticio_138,TikTok,2026-06-20T00:56:00-03:00,carrossel,True,CRM-00044,15000.0,125,2,0,1,api_da_plataforma_ficticia,2026-09-01T08:00:00-03:00
P001670,CR0126,creator_ficticio_126,TikTok,2026-07-02T10:58:00-03:00,video,False,,,5025,71,6,6,api_da_plataforma_ficticia,2026-09-01T08:00:00-03:00
P001671,CR0119,creator_ficticio_119,Instagram,2026-07-07T19:07:00-03:00,carrossel,False,,,11736,831,111,122,api_da_plataforma_ficticia,2026-09-01T08:00:00-03:00
P001672,CR0052,creator_ficticio_052,YouTube,2026-07-18T16:48:00-03:00,imagem,False,,,5676,588,75,79,api_da_plataforma_ficticia,2026-09-01T08:00:00-03:00
P001673,CR0110,creator_ficticio_110,TikTok,2026-06-19T00:36:00-03:00,video,False,,,2165,100,12,12,api_da_plataforma_ficticia,2026-09-01T08:00:00-03:00
P001674,CR0142,creator_ficticio_142,TikTok,2026-08-29T11:09:00-03:00,imagem,False,,,1735,14,1,2,api_da_plataforma_ficticia,2026-09-01T08:00:00-03:00
P001675,CR0021,creator_ficticio_021,Instagram,2026-08-16T14:44:00-03:00,imagem,False,,,10937,1284,179,149,api_da_plataforma_ficticia,2026-09-01T08:00:00-03:00
P001676,CR0116,creator_ficticio_116,Instagram,2026-06-21T01:27:00-03:00,video,False,,,5105,333,50,43,api_da_plataforma_ficticia,2026-09-01T08:00:00-03:00
P001677,CR0091,creator_ficticio_091,YouTube,2026-06-30T21:40:00-03:00,imagem,False,,,1735,58,9,13,api_da_plataforma_ficticia,2026-09-01T08:00:00-03:00
P001678,CR0071,creator_ficticio_071,YouTube,2026-06-19T01:29:00-03:00,video,False,,,8512,493,59,58,api_da_plataforma_ficticia,2026-09-01T08:00:00-03:00
P001679,CR0122,creator_ficticio_122,Instagram,2026-07-31T00:22:00-03:00,video,True,CRM-00057,15000.0,1075,181,29,24,api_da_plataforma_ficticia,2026-09-01T08:00:00-03:00
P001680,CR0090,creator_ficticio_090,TikTok,2026-07-02T02:26:00-03:00,carrossel,False,,,11664,662,86,80,api_da_plataforma_ficticia,2026-09-01T08:00:00-03:00
P001681,CR0034,creator_ficticio_034,TikTok,2026-06-16T19:37:00-03:00,video,False,,,319,15,3,3,api_da_plataforma_ficticia,2026-09-01T08:00:00-03:00
P001682,CR0101,creator_ficticio_101,YouTube,2026-07-16T20:50:00-03:00,video,False,,,998,74,8,10,api_da_plataforma_ficticia,2026-09-01T08:00:00-03:00
P001683,CR0038,creator_ficticio_038,TikTok,2026-07-06T19:24:00-03:00,video,False,,,12367,173,22,17,api_da_plataforma_ficticia,2026-09-01T08:00:00-03:00
P001684,CR0054,creator_ficticio_054,YouTube,2026-07-21T15:42:00-03:00,carrossel,False,,,287,18,2,1,api_da_plataforma_ficticia,2026-09-01T08:00:00-03:00
P001685,CR0067,creator_ficticio_067,Instagram,2026-06-27T15:51:00-03:00,video,True,CRM-00047,3000.0,61661,905,125,124,api_da_plataforma_ficticia,2026-09-01T08:00:00-03:00
P001686,CR0076,creator_ficticio_076,Instagram,2026-07-08T15:36:00-03:00,carrossel,False,,,1278,172,19,18,api_da_plataforma_ficticia,2026-09-01T08:00:00-03:00
P001687,CR0120,creator_ficticio_120,YouTube,2026-06-29T13:33:00-03:00,imagem,False,,,2633,130,8,14,api_da_plataforma_ficticia,2026-09-01T08:00:00-03:00
P001688,CR0037,creator_ficticio_037,TikTok,2026-06-27T08:14:00-03:00,video,False,,,1777,118,13,17,api_da_plataforma_ficticia,2026-09-01T08:00:00-03:00
P001689,CR0014,creator_ficticio_014,Instagram,2026-06-09T18:49:00-03:00,video,False,,,7150,314,31,36,api_da_plataforma_ficticia,2026-09-01T08:00:00-03:00
P001690,CR0101,creator_ficticio_101,YouTube,2026-08-04T02:55:00-03:00,video,False,,,20467,805,91,81,api_da_plataforma_ficticia,2026-09-01T08:00:00-03:00
P001691,CR0105,creator_ficticio_105,Instagram,2026-07-02T22:38:00-03:00,carrossel,True,CRM-00014,500.0,16045,366,51,53,api_da_plataforma_ficticia,2026-09-01T08:00:00-03:00
P001692,CR0021,creator_ficticio_021,TikTok,2026-06-02T02:18:00-03:00,video,True,CRM-00020,3000.0,29096,998,125,121,api_da_plataforma_ficticia,2026-09-01T08:00:00-03:00
P001693,CR0086,creator_ficticio_086,Instagram,2026-06-27T11:26:00-03:00,video,True,CRM-00019,1200.0,3718,149,23,29,api_da_plataforma_ficticia,2026-09-01T08:00:00-03:00
P001694,CR0072,creator_ficticio_072,TikTok,2026-08-14T02:05:00-03:00,video,False,,,153600,3381,401,415,api_da_plataforma_ficticia,2026-09-01T08:00:00-03:00
P001695,CR0106,creator_ficticio_106,TikTok,2026-07-03T11:35:00-03:00,imagem,False,,,4004,234,33,29,api_da_plataforma_ficticia,2026-09-01T08:00:00-03:00
P001696,CR0011,creator_ficticio_011,YouTube,2026-08-09T06:10:00-03:00,video,False,,,1949,80,12,16,api_da_plataforma_ficticia,2026-09-01T08:00:00-03:00
P001697,CR0023,creator_ficticio_023,YouTube,2026-07-05T16:38:00-03:00,video,False,,,1018,30,5,3,api_da_plataforma_ficticia,2026-09-01T08:00:00-03:00
P001698,CR0015,creator_ficticio_015,TikTok,2026-08-14T00:30:00-03:00,video,True,CRM-00003,15000.0,6983,302,38,30,api_da_plataforma_ficticia,2026-09-01T08:00:00-03:00
P001699,CR0144,creator_ficticio_144,Instagram,2026-06-27T07:55:00-03:00,video,False,,,1249,34,7,4,api_da_plataforma_ficticia,2026-09-01T08:00:00-03:00
P001700,CR0102,creator_ficticio_102,TikTok,2026-06-20T05:31:00-03:00,carrossel,False,,,30104,838,99,112,api_da_plataforma_ficticia,2026-09-01T08:00:00-03:00
P001701,CR0023,creator_ficticio_023,TikTok,2026-06-27T12:28:00-03:00,video,False,,,7220,122,13,13,api_da_plataforma_ficticia,2026-09-01T08:00:00-03:00
P001702,CR0000,creator_ficticio_000,TikTok,2026-07-19T22:31:00-03:00,video,False,,,3812,105,21,13,api_da_plataforma_ficticia,2026-09-01T08:00:00-03:00
P001703,CR0123,creator_ficticio_123,Instagram,2026-06-18T16:49:00-03:00,video,True,CRM-00027,1200.0,282,15,2,2,api_da_plataforma_ficticia,2026-09-01T08:00:00-03:00
P001704,CR0072,creator_ficticio_072,YouTube,2026-07-12T00:44:00-03:00,video,True,CRM-00016,3000.0,430511,25215,3110,3144,api_da_plataforma_ficticia,2026-09-01T08:00:00-03:00
P001705,CR0001,creator_ficticio_001,TikTok,2026-08-29T21:09:00-03:00,video,True,CRM-00018,15000.0,28204,1919,251,231,api_da_plataforma_ficticia,2026-09-01T08:00:00-03:00
P001706,CR0098,creator_ficticio_098,TikTok,2026-06-10T11:08:00-03:00,video,False,,,1329,95,11,12,api_da_plataforma_ficticia,2026-09-01T08:00:00-03:00
P001707,CR0107,creator_ficticio_107,YouTube,2026-08-27T18:02:00-03:00,carrossel,False,,,31225,986,123,128,api_da_plataforma_ficticia,2026-09-01T08:00:00-03:00
P001708,CR0061,creator_ficticio_061,Instagram,2026-06-24T19:51:00-03:00,video,False,,,1405,82,12,13,api_da_plataforma_ficticia,2026-09-01T08:00:00-03:00
P001709,CR0045,creator_ficticio_045,YouTube,2026-07-07T06:52:00-03:00,video,True,CRM-00005,15000.0,37718,1769,240,220,api_da_plataforma_ficticia,2026-09-01T08:00:00-03:00
P001710,CR0023,creator_ficticio_023,TikTok,2026-06-15T02:37:00-03:00,carrossel,False,,,11201,233,26,30,api_da_plataforma_ficticia,2026-09-01T08:00:00-03:00
P001711,CR0056,creator_ficticio_056,TikTok,2026-06-21T15:09:00-03:00,carrossel,False,,,3335,135,18,19,api_da_plataforma_ficticia,2026-09-01T08:00:00-03:00
P001712,CR0115,creator_ficticio_115,Instagram,2026-08-01T21:09:00-03:00,video,True,CRM-00021,3000.0,124483,7070,933,822,api_da_plataforma_ficticia,2026-09-01T08:00:00-03:00
P001713,CR0131,creator_ficticio_131,YouTube,2026-07-19T10:07:00-03:00,video,False,,,192,5,0,1,api_da_plataforma_ficticia,2026-09-01T08:00:00-03:00
P001714,CR0031,creator_ficticio_031,YouTube,2026-07-02T03:52:00-03:00,video,True,CRM-00014,3000.0,10249,355,30,47,api_da_plataforma_ficticia,2026-09-01T08:00:00-03:00
P001715,CR0059,creator_ficticio_059,TikTok,2026-06-16T03:14:00-03:00,imagem,False,,,11364,504,62,65,api_da_plataforma_ficticia,2026-09-01T08:00:00-03:00
P001716,CR0068,creator_ficticio_068,TikTok,2026-06-05T04:04:00-03:00,imagem,False,,,2190,86,11,15,api_da_plataforma_ficticia,2026-09-01T08:00:00-03:00
P001717,CR0080,creator_ficticio_080,YouTube,2026-08-11T13:22:00-03:00,carrossel,False,,,5645,61,9,12,api_da_plataforma_ficticia,2026-09-01T08:00:00-03:00
P001718,CR0059,creator_ficticio_059,Instagram,2026-06-09T20:10:00-03:00,video,False,,,12377,402,58,61,api_da_plataforma_ficticia,2026-09-01T08:00:00-03:00
P001719,CR0092,creator_ficticio_092,Instagram,2026-06-16T01:47:00-03:00,imagem,True,CRM-00020,3000.0,696,47,6,3,api_da_plataforma_ficticia,2026-09-01T08:00:00-03:00
P001720,CR0097,creator_ficticio_097,Instagram,2026-06-20T22:15:00-03:00,carrossel,False,,,2811,92,13,16,api_da_plataforma_ficticia,2026-09-01T08:00:00-03:00
P001721,CR0001,creator_ficticio_001,YouTube,2026-06-20T17:52:00-03:00,imagem,False,,,13190,1170,146,171,api_da_plataforma_ficticia,2026-09-01T08:00:00-03:00
P001722,CR0002,creator_ficticio_002,YouTube,2026-07-31T15:31:00-03:00,video,True,CRM-00034,3000.0,3,0,0,0,api_da_plataforma_ficticia,2026-09-01T08:00:00-03:00
P001723,CR0103,creator_ficticio_103,Instagram,2026-07-24T10:33:00-03:00,imagem,True,CRM-00020,15000.0,4168,85,9,9,api_da_plataforma_ficticia,2026-09-01T08:00:00-03:00
P001724,CR0120,creator_ficticio_120,TikTok,2026-08-18T23:49:00-03:00,video,False,,,2288,155,25,17,api_da_plataforma_ficticia,2026-09-01T08:00:00-03:00
P001725,CR0142,creator_ficticio_142,Instagram,2026-06-29T15:03:00-03:00,imagem,False,,,2180,167,23,20,api_da_plataforma_ficticia,2026-09-01T08:00:00-03:00
P001726,CR0079,creator_ficticio_079,Instagram,2026-06-10T15:41:00-03:00,video,False,,,1347,85,15,12,api_da_plataforma_ficticia,2026-09-01T08:00:00-03:00
P001727,CR0060,creator_ficticio_060,Instagram,2026-07-23T19:43:00-03:00,imagem,False,,,2857,244,33,32,api_da_plataforma_ficticia,2026-09-01T08:00:00-03:00
P001728,CR0028,creator_ficticio_028,YouTube,2026-08-08T15:53:00-03:00,video,False,,,1117,41,7,5,api_da_plataforma_ficticia,2026-09-01T08:00:00-03:00
P001729,CR0126,creator_ficticio_126,Instagram,2026-07-17T04:57:00-03:00,carrossel,True,CRM-00051,500.0,674,54,7,3,api_da_plataforma_ficticia,2026-09-01T08:00:00-03:00
P001730,CR0017,creator_ficticio_017,Instagram,2026-07-15T11:34:00-03:00,carrossel,False,,,4909,16,3,0,api_da_plataforma_ficticia,2026-09-01T08:00:00-03:00
P001731,CR0034,creator_ficticio_034,Instagram,2026-08-10T16:58:00-03:00,imagem,False,,,284,10,0,1,api_da_plataforma_ficticia,2026-09-01T08:00:00-03:00
P001732,CR0071,creator_ficticio_071,YouTube,2026-06-21T01:22:00-03:00,carrossel,True,CRM-00029,3000.0,2429,170,35,20,api_da_plataforma_ficticia,2026-09-01T08:00:00-03:00
P001733,CR0081,creator_ficticio_081,TikTok,2026-07-07T01:04:00-03:00,video,False,,,2050,265,40,33,api_da_plataforma_ficticia,2026-09-01T08:00:00-03:00
P001734,CR0085,creator_ficticio_085,TikTok,2026-07-03T02:45:00-03:00,carrossel,False,,,153,10,1,2,api_da_plataforma_ficticia,2026-09-01T08:00:00-03:00
P001735,CR0036,creator_ficticio_036,YouTube,2026-07-18T21:17:00-03:00,carrossel,False,,,1591,69,11,9,api_da_plataforma_ficticia,2026-09-01T08:00:00-03:00
P001736,CR0036,creator_ficticio_036,Instagram,2026-06-03T10:21:00-03:00,imagem,False,,,3112,125,16,20,api_da_plataforma_ficticia,2026-09-01T08:00:00-03:00
P001737,CR0031,creator_ficticio_031,Instagram,2026-08-22T18:16:00-03:00,video,False,,,425519,7530,982,917,api_da_plataforma_ficticia,2026-09-01T08:00:00-03:00
P001738,CR0046,creator_ficticio_046,Instagram,2026-08-21T09:39:00-03:00,video,True,CRM-00035,15000.0,13687,2701,341,330,api_da_plataforma_ficticia,2026-09-01T08:00:00-03:00
P001739,CR0095,creator_ficticio_095,Instagram,2026-06-10T02:05:00-03:00,carrossel,True,CRM-00056,500.0,593031,27319,3472,3499,api_da_plataforma_ficticia,2026-09-01T08:00:00-03:00
P001740,CR0032,creator_ficticio_032,TikTok,2026-07-14T22:39:00-03:00,video,False,,,15789,873,106,98,api_da_plataforma_ficticia,2026-09-01T08:00:00-03:00
P001741,CR0004,creator_ficticio_004,Instagram,2026-08-09T21:27:00-03:00,carrossel,False,,,4920,69,9,5,api_da_plataforma_ficticia,2026-09-01T08:00:00-03:00
P001742,CR0097,creator_ficticio_097,YouTube,2026-07-28T06:35:00-03:00,video,False,,,5091,121,17,15,api_da_plataforma_ficticia,2026-09-01T08:00:00-03:00
P001743,CR0148,creator_ficticio_148,Instagram,2026-08-08T22:54:00-03:00,video,False,,,10913,433,64,54,api_da_plataforma_ficticia,2026-09-01T08:00:00-03:00
P001744,CR0111,creator_ficticio_111,TikTok,2026-08-02T15:06:00-03:00,video,True,CRM-00028,500.0,163,10,2,0,api_da_plataforma_ficticia,2026-09-01T08:00:00-03:00
P001745,CR0105,creator_ficticio_105,Instagram,2026-06-15T05:51:00-03:00,video,False,,,2443,99,12,13,api_da_plataforma_ficticia,2026-09-01T08:00:00-03:00
P001746,CR0059,creator_ficticio_059,TikTok,2026-06-18T21:28:00-03:00,video,False,,,4486,327,52,40,api_da_plataforma_ficticia,2026-09-01T08:00:00-03:00
P001747,CR0040,creator_ficticio_040,YouTube,2026-07-25T10:55:00-03:00,video,False,,,6073,333,39,37,api_da_plataforma_ficticia,2026-09-01T08:00:00-03:00
P001748,CR0098,creator_ficticio_098,YouTube,2026-07-28T06:39:00-03:00,imagem,False,,,530,26,2,3,api_da_plataforma_ficticia,2026-09-01T08:00:00-03:00
P001749,CR0090,creator_ficticio_090,YouTube,2026-07-19T03:05:00-03:00,imagem,True,CRM-00059,15000.0,5113,420,82,57,api_da_plataforma_ficticia,2026-09-01T08:00:00-03:00
P001750,CR0113,creator_ficticio_113,YouTube,2026-08-02T13:36:00-03:00,video,True,CRM-00049,500.0,62261,2389,296,300,api_da_plataforma_ficticia,2026-09-01T08:00:00-03:00
P001751,CR0008,creator_ficticio_008,TikTok,2026-06-11T06:43:00-03:00,carrossel,False,,,1250,77,15,11,api_da_plataforma_ficticia,2026-09-01T08:00:00-03:00
P001752,CR0035,creator_ficticio_035,YouTube,2026-06-13T23:05:00-03:00,imagem,False,,,182885,5218,631,661,api_da_plataforma_ficticia,2026-09-01T08:00:00-03:00
P001753,CR0099,creator_ficticio_099,YouTube,2026-08-18T13:05:00-03:00,carrossel,False,,,13241,77,13,6,api_da_plataforma_ficticia,2026-09-01T08:00:00-03:00
P001754,CR0136,creator_ficticio_136,TikTok,2026-06-14T17:06:00-03:00,imagem,False,,,4831,398,52,47,api_da_plataforma_ficticia,2026-09-01T08:00:00-03:00
P001755,CR0126,creator_ficticio_126,YouTube,2026-07-23T04:53:00-03:00,video,False,,,2174,97,10,19,api_da_plataforma_ficticia,2026-09-01T08:00:00-03:00
P001756,CR0111,creator_ficticio_111,YouTube,2026-07-10T12:54:00-03:00,imagem,False,,,233,5,2,1,api_da_plataforma_ficticia,2026-09-01T08:00:00-03:00
P001757,CR0121,creator_ficticio_121,TikTok,2026-08-25T02:35:00-03:00,imagem,False,,,1383,20,5,2,api_da_plataforma_ficticia,2026-09-01T08:00:00-03:00
P001758,CR0140,creator_ficticio_140,TikTok,2026-07-17T00:11:00-03:00,imagem,False,,,8320,1147,128,112,api_da_plataforma_ficticia,2026-09-01T08:00:00-03:00
P001759,CR0019,creator_ficticio_019,YouTube,2026-07-16T00:47:00-03:00,video,True,CRM-00033,3000.0,687,10,2,1,api_da_plataforma_ficticia,2026-09-01T08:00:00-03:00
P001760,CR0117,creator_ficticio_117,TikTok,2026-07-17T11:02:00-03:00,video,False,,,3808,202,15,30,api_da_plataforma_ficticia,2026-09-01T08:00:00-03:00
P001761,CR0022,creator_ficticio_022,Instagram,2026-06-29T20:32:00-03:00,video,False,,,697,18,1,3,api_da_plataforma_ficticia,2026-09-01T08:00:00-03:00
P001762,CR0067,creator_ficticio_067,YouTube,2026-08-04T17:07:00-03:00,video,True,CRM-00055,3000.0,13576,1003,123,125,api_da_plataforma_ficticia,2026-09-01T08:00:00-03:00
P001763,CR0098,creator_ficticio_098,YouTube,2026-07-29T13:49:00-03:00,video,False,,,1075,9,1,2,api_da_plataforma_ficticia,2026-09-01T08:00:00-03:00
P001764,CR0051,creator_ficticio_051,YouTube,2026-07-16T20:30:00-03:00,video,True,CRM-00033,1200.0,48914,1548,188,195,api_da_plataforma_ficticia,2026-09-01T08:00:00-03:00
P001765,CR0042,creator_ficticio_042,YouTube,2026-08-19T06:18:00-03:00,video,False,,,1295,14,2,1,api_da_plataforma_ficticia,2026-09-01T08:00:00-03:00
P001766,CR0035,creator_ficticio_035,Instagram,2026-08-05T05:47:00-03:00,imagem,False,,,36784,3043,399,391,api_da_plataforma_ficticia,2026-09-01T08:00:00-03:00
P001767,CR0139,creator_ficticio_139,YouTube,2026-08-14T01:56:00-03:00,carrossel,False,,,1458,39,4,3,api_da_plataforma_ficticia,2026-09-01T08:00:00-03:00
P001768,CR0004,creator_ficticio_004,Instagram,2026-07-25T09:00:00-03:00,video,True,CRM-00037,1200.0,23941,533,70,57,api_da_plataforma_ficticia,2026-09-01T08:00:00-03:00
P001769,CR0085,creator_ficticio_085,TikTok,2026-08-01T10:06:00-03:00,video,False,,,3052,20,2,1,api_da_plataforma_ficticia,2026-09-01T08:00:00-03:00
P001770,CR0017,creator_ficticio_017,Instagram,2026-07-09T19:38:00-03:00,imagem,False,,,1821,131,17,20,api_da_plataforma_ficticia,2026-09-01T08:00:00-03:00
P001771,CR0084,creator_ficticio_084,TikTok,2026-07-18T23:56:00-03:00,carrossel,False,,,60842,2211,264,256,api_da_plataforma_ficticia,2026-09-01T08:00:00-03:00
P001772,CR0110,creator_ficticio_110,TikTok,2026-08-21T20:21:00-03:00,video,False,,,5288,271,43,41,api_da_plataforma_ficticia,2026-09-01T08:00:00-03:00
P001773,CR0113,creator_ficticio_113,Instagram,2026-08-09T03:27:00-03:00,video,True,CRM-00026,3000.0,2650,71,7,3,api_da_plataforma_ficticia,2026-09-01T08:00:00-03:00
P001774,CR0028,creator_ficticio_028,Instagram,2026-06-18T02:25:00-03:00,video,False,,,4125,102,11,18,api_da_plataforma_ficticia,2026-09-01T08:00:00-03:00
P001775,CR0132,creator_ficticio_132,YouTube,2026-08-19T10:57:00-03:00,carrossel,True,CRM-00019,500.0,7996,397,46,36,api_da_plataforma_ficticia,2026-09-01T08:00:00-03:00
P001776,CR0049,creator_ficticio_049,TikTok,2026-06-24T13:10:00-03:00,imagem,True,CRM-00053,3000.0,265038,6595,880,829,api_da_plataforma_ficticia,2026-09-01T08:00:00-03:00
P001777,CR0069,creator_ficticio_069,YouTube,2026-08-18T17:26:00-03:00,imagem,True,CRM-00046,1200.0,7319,387,61,40,api_da_plataforma_ficticia,2026-09-01T08:00:00-03:00
P001778,CR0136,creator_ficticio_136,Instagram,2026-07-24T13:35:00-03:00,video,False,,,16149,788,97,99,api_da_plataforma_ficticia,2026-09-01T08:00:00-03:00
P001779,CR0084,creator_ficticio_084,Instagram,2026-06-05T07:49:00-03:00,video,False,,,2616,141,22,7,api_da_plataforma_ficticia,2026-09-01T08:00:00-03:00
P001780,CR0126,creator_ficticio_126,Instagram,2026-07-29T09:25:00-03:00,imagem,True,CRM-00019,3000.0,162,7,2,2,api_da_plataforma_ficticia,2026-09-01T08:00:00-03:00
P001781,CR0011,creator_ficticio_011,TikTok,2026-07-06T21:48:00-03:00,video,False,,,7860,204,28,20,api_da_plataforma_ficticia,2026-09-01T08:00:00-03:00
P001782,CR0126,creator_ficticio_126,YouTube,2026-06-02T02:31:00-03:00,video,True,CRM-00045,500.0,757,37,6,8,api_da_plataforma_ficticia,2026-09-01T08:00:00-03:00
P001783,CR0138,creator_ficticio_138,YouTube,2026-07-02T13:34:00-03:00,carrossel,False,,,2183,46,10,1,api_da_plataforma_ficticia,2026-09-01T08:00:00-03:00
P001784,CR0020,creator_ficticio_020,Instagram,2026-07-19T12:01:00-03:00,video,False,,,1034,71,10,10,api_da_plataforma_ficticia,2026-09-01T08:00:00-03:00
P001785,CR0134,creator_ficticio_134,Instagram,2026-07-28T10:53:00-03:00,video,True,CRM-00045,1200.0,1554,39,4,3,api_da_plataforma_ficticia,2026-09-01T08:00:00-03:00
P001786,CR0083,creator_ficticio_083,Instagram,2026-08-27T01:51:00-03:00,video,False,,,11588,686,90,69,api_da_plataforma_ficticia,2026-09-01T08:00:00-03:00
P001787,CR0008,creator_ficticio_008,TikTok,2026-08-16T22:01:00-03:00,video,False,,,320,3,1,1,api_da_plataforma_ficticia,2026-09-01T08:00:00-03:00
P001788,CR0108,creator_ficticio_108,TikTok,2026-06-04T18:39:00-03:00,imagem,False,,,598,14,0,3,api_da_plataforma_ficticia,2026-09-01T08:00:00-03:00
P001789,CR0052,creator_ficticio_052,Instagram,2026-08-04T03:29:00-03:00,carrossel,False,,,1927,50,4,3,api_da_plataforma_ficticia,2026-09-01T08:00:00-03:00
P001790,CR0035,creator_ficticio_035,YouTube,2026-06-11T08:10:00-03:00,imagem,False,,,5918,55,4,5,api_da_plataforma_ficticia,2026-09-01T08:00:00-03:00
P001791,CR0133,creator_ficticio_133,YouTube,2026-07-20T02:04:00-03:00,video,False,,,200,22,4,1,api_da_plataforma_ficticia,2026-09-01T08:00:00-03:00
P001792,CR0043,creator_ficticio_043,Instagram,2026-07-06T08:10:00-03:00,video,True,CRM-00037,15000.0,22193,664,84,80,api_da_plataforma_ficticia,2026-09-01T08:00:00-03:00
P001793,CR0087,creator_ficticio_087,TikTok,2026-08-22T21:10:00-03:00,video,False,,,885,18,3,3,api_da_plataforma_ficticia,2026-09-01T08:00:00-03:00
P001794,CR0045,creator_ficticio_045,Instagram,2026-07-03T06:08:00-03:00,carrossel,False,,,87,4,0,0,api_da_plataforma_ficticia,2026-09-01T08:00:00-03:00
P001795,CR0047,creator_ficticio_047,YouTube,2026-08-09T21:20:00-03:00,carrossel,False,,,2646,78,8,6,api_da_plataforma_ficticia,2026-09-01T08:00:00-03:00
P001796,CR0083,creator_ficticio_083,YouTube,2026-07-14T16:03:00-03:00,video,True,CRM-00030,15000.0,27169,199,24,23,api_da_plataforma_ficticia,2026-09-01T08:00:00-03:00
P001797,CR0052,creator_ficticio_052,YouTube,2026-08-01T18:47:00-03:00,video,False,,,1651,78,9,6,api_da_plataforma_ficticia,2026-09-01T08:00:00-03:00
P001798,CR0077,creator_ficticio_077,Instagram,2026-08-24T17:32:00-03:00,video,False,,,7575,122,19,9,api_da_plataforma_ficticia,2026-09-01T08:00:00-03:00
P001799,CR0099,creator_ficticio_099,Instagram,2026-06-06T17:31:00-03:00,carrossel,False,,,1109,36,4,7,api_da_plataforma_ficticia,2026-09-01T08:00:00-03:00
P001800,CR0078,creator_ficticio_078,Instagram,2026-07-22T03:02:00-03:00,carrossel,False,,,4728,151,23,20,api_da_plataforma_ficticia,2026-09-01T08:00:00-03:00
P001801,CR0103,creator_ficticio_103,Instagram,2026-06-29T05:42:00-03:00,video,False,,,3978,171,21,20,api_da_plataforma_ficticia,2026-09-01T08:00:00-03:00
P001802,CR0122,creator_ficticio_122,YouTube,2026-07-08T02:36:00-03:00,video,True,CRM-00004,3000.0,3684,289,32,28,api_da_plataforma_ficticia,2026-09-01T08:00:00-03:00
P001803,CR0022,creator_ficticio_022,TikTok,2026-07-27T22:41:00-03:00,video,True,CRM-00040,3000.0,2127,47,8,9,api_da_plataforma_ficticia,2026-09-01T08:00:00-03:00
P001804,CR0017,creator_ficticio_017,Instagram,2026-06-03T23:30:00-03:00,video,False,,,13849,1905,228,214,api_da_plataforma_ficticia,2026-09-01T08:00:00-03:00
P001805,CR0067,creator_ficticio_067,YouTube,2026-06-19T17:45:00-03:00,carrossel,False,,,1820,152,22,19,api_da_plataforma_ficticia,2026-09-01T08:00:00-03:00
P001806,CR0106,creator_ficticio_106,YouTube,2026-08-25T22:30:00-03:00,video,False,,,2981,242,29,25,api_da_plataforma_ficticia,2026-09-01T08:00:00-03:00
P001807,CR0125,creator_ficticio_125,YouTube,2026-07-15T16:53:00-03:00,video,True,CRM-00013,500.0,123452,3161,391,396,api_da_plataforma_ficticia,2026-09-01T08:00:00-03:00
P001808,CR0067,creator_ficticio_067,YouTube,2026-08-26T14:42:00-03:00,carrossel,False,,,360,5,0,0,api_da_plataforma_ficticia,2026-09-01T08:00:00-03:00
P001809,CR0125,creator_ficticio_125,YouTube,2026-08-08T10:14:00-03:00,video,False,,,35531,1211,119,140,api_da_plataforma_ficticia,2026-09-01T08:00:00-03:00
P001810,CR0028,creator_ficticio_028,TikTok,2026-08-22T17:21:00-03:00,imagem,False,,,2553,158,31,11,api_da_plataforma_ficticia,2026-09-01T08:00:00-03:00
P001811,CR0104,creator_ficticio_104,Instagram,2026-08-07T21:15:00-03:00,carrossel,False,,,2421,18,2,1,api_da_plataforma_ficticia,2026-09-01T08:00:00-03:00
P001812,CR0102,creator_ficticio_102,YouTube,2026-06-04T11:41:00-03:00,video,True,CRM-00058,15000.0,109601,6851,857,874,api_da_plataforma_ficticia,2026-09-01T08:00:00-03:00
P001813,CR0121,creator_ficticio_121,YouTube,2026-08-17T01:28:00-03:00,video,True,CRM-00014,15000.0,2324,133,14,11,api_da_plataforma_ficticia,2026-09-01T08:00:00-03:00
P001814,CR0001,creator_ficticio_001,Instagram,2026-06-02T04:59:00-03:00,carrossel,False,,,241,2,0,1,api_da_plataforma_ficticia,2026-09-01T08:00:00-03:00
P001815,CR0103,creator_ficticio_103,TikTok,2026-07-30T02:52:00-03:00,carrossel,True,CRM-00023,500.0,1616,39,8,2,api_da_plataforma_ficticia,2026-09-01T08:00:00-03:00
P001816,CR0079,creator_ficticio_079,TikTok,2026-06-28T21:36:00-03:00,video,False,,,18123,2524,330,304,api_da_plataforma_ficticia,2026-09-01T08:00:00-03:00
P001817,CR0125,creator_ficticio_125,YouTube,2026-08-15T02:25:00-03:00,video,False,,,20558,197,27,29,api_da_plataforma_ficticia,2026-09-01T08:00:00-03:00
P001818,CR0125,creator_ficticio_125,Instagram,2026-07-19T02:40:00-03:00,carrossel,False,,,2781,177,25,23,api_da_plataforma_ficticia,2026-09-01T08:00:00-03:00
P001819,CR0053,creator_ficticio_053,YouTube,2026-07-24T02:38:00-03:00,carrossel,True,CRM-00035,3000.0,29672,1592,198,196,api_da_plataforma_ficticia,2026-09-01T08:00:00-03:00
P001820,CR0084,creator_ficticio_084,TikTok,2026-06-07T17:10:00-03:00,video,True,CRM-00047,15000.0,13447,725,104,90,api_da_plataforma_ficticia,2026-09-01T08:00:00-03:00
P001821,CR0010,creator_ficticio_010,YouTube,2026-08-14T06:04:00-03:00,video,False,,,15926,573,59,62,api_da_plataforma_ficticia,2026-09-01T08:00:00-03:00
P001822,CR0015,creator_ficticio_015,Instagram,2026-07-08T11:53:00-03:00,imagem,False,,,122,1,0,0,api_da_plataforma_ficticia,2026-09-01T08:00:00-03:00
P001823,CR0014,creator_ficticio_014,Instagram,2026-07-20T02:17:00-03:00,video,False,,,285,2,0,0,api_da_plataforma_ficticia,2026-09-01T08:00:00-03:00
P001824,CR0095,creator_ficticio_095,YouTube,2026-06-05T08:15:00-03:00,carrossel,False,,,69024,3263,414,414,api_da_plataforma_ficticia,2026-09-01T08:00:00-03:00
P001825,CR0089,creator_ficticio_089,YouTube,2026-08-23T03:15:00-03:00,carrossel,True,CRM-00057,15000.0,4311,147,27,17,api_da_plataforma_ficticia,2026-09-01T08:00:00-03:00
P001826,CR0137,creator_ficticio_137,Instagram,2026-07-10T21:06:00-03:00,video,False,,,16159,906,119,104,api_da_plataforma_ficticia,2026-09-01T08:00:00-03:00
P001827,CR0001,creator_ficticio_001,YouTube,2026-06-10T16:45:00-03:00,imagem,False,,,6981,634,78,76,api_da_plataforma_ficticia,2026-09-01T08:00:00-03:00
P001828,CR0126,creator_ficticio_126,Instagram,2026-07-01T07:56:00-03:00,video,False,,,14087,788,87,101,api_da_plataforma_ficticia,2026-09-01T08:00:00-03:00
P001829,CR0126,creator_ficticio_126,TikTok,2026-06-26T22:27:00-03:00,video,False,,,29576,1383,183,165,api_da_plataforma_ficticia,2026-09-01T08:00:00-03:00
P001830,CR0023,creator_ficticio_023,Instagram,2026-08-11T07:51:00-03:00,video,False,,,164,27,2,9,api_da_plataforma_ficticia,2026-09-01T08:00:00-03:00
P001831,CR0028,creator_ficticio_028,Instagram,2026-07-04T18:54:00-03:00,video,True,CRM-00056,500.0,139,5,2,1,api_da_plataforma_ficticia,2026-09-01T08:00:00-03:00
P001832,CR0123,creator_ficticio_123,TikTok,2026-08-22T21:44:00-03:00,carrossel,True,CRM-00021,3000.0,14030,617,81,89,api_da_plataforma_ficticia,2026-09-01T08:00:00-03:00
P001833,CR0122,creator_ficticio_122,YouTube,2026-08-08T18:58:00-03:00,video,False,,,293,16,5,3,api_da_plataforma_ficticia,2026-09-01T08:00:00-03:00
P001834,CR0123,creator_ficticio_123,YouTube,2026-06-20T01:04:00-03:00,imagem,False,,,82632,2148,272,263,api_da_plataforma_ficticia,2026-09-01T08:00:00-03:00
P001835,CR0053,creator_ficticio_053,TikTok,2026-07-29T21:22:00-03:00,video,False,,,38272,3127,384,384,api_da_plataforma_ficticia,2026-09-01T08:00:00-03:00
P001836,CR0121,creator_ficticio_121,TikTok,2026-06-04T11:23:00-03:00,video,True,CRM-00008,15000.0,3667,71,9,3,api_da_plataforma_ficticia,2026-09-01T08:00:00-03:00
P001837,CR0015,creator_ficticio_015,YouTube,2026-08-06T12:44:00-03:00,carrossel,True,CRM-00010,15000.0,2327,153,17,14,api_da_plataforma_ficticia,2026-09-01T08:00:00-03:00
P001838,CR0149,creator_ficticio_149,Instagram,2026-06-13T02:08:00-03:00,video,True,CRM-00059,1200.0,5634,62,11,9,api_da_plataforma_ficticia,2026-09-01T08:00:00-03:00
P001839,CR0055,creator_ficticio_055,TikTok,2026-07-03T21:23:00-03:00,imagem,True,CRM-00041,500.0,1715,110,10,13,api_da_plataforma_ficticia,2026-09-01T08:00:00-03:00
P001840,CR0025,creator_ficticio_025,TikTok,2026-07-21T11:55:00-03:00,imagem,False,,,34031,747,90,114,api_da_plataforma_ficticia,2026-09-01T08:00:00-03:00
P001841,CR0001,creator_ficticio_001,TikTok,2026-07-26T04:28:00-03:00,video,False,,,10415,1583,183,183,api_da_plataforma_ficticia,2026-09-01T08:00:00-03:00
P001842,CR0112,creator_ficticio_112,Instagram,2026-07-07T12:37:00-03:00,carrossel,False,,,1134,66,5,8,api_da_plataforma_ficticia,2026-09-01T08:00:00-03:00
P001843,CR0030,creator_ficticio_030,Instagram,2026-08-16T09:50:00-03:00,video,False,,,122,6,0,0,api_da_plataforma_ficticia,2026-09-01T08:00:00-03:00
P001844,CR0001,creator_ficticio_001,TikTok,2026-08-07T11:13:00-03:00,imagem,False,,,3982,152,16,25,api_da_plataforma_ficticia,2026-09-01T08:00:00-03:00
P001845,CR0021,creator_ficticio_021,Instagram,2026-07-30T03:13:00-03:00,video,True,CRM-00036,3000.0,1601,19,2,0,api_da_plataforma_ficticia,2026-09-01T08:00:00-03:00
P001846,CR0065,creator_ficticio_065,TikTok,2026-07-26T06:18:00-03:00,video,True,CRM-00037,1200.0,5413,402,48,46,api_da_plataforma_ficticia,2026-09-01T08:00:00-03:00
P001847,CR0146,creator_ficticio_146,Instagram,2026-08-16T23:01:00-03:00,imagem,False,,,847,36,4,2,api_da_plataforma_ficticia,2026-09-01T08:00:00-03:00
P001848,CR0088,creator_ficticio_088,TikTok,2026-06-30T15:23:00-03:00,carrossel,False,,,16087,286,36,32,api_da_plataforma_ficticia,2026-09-01T08:00:00-03:00
P001849,CR0064,creator_ficticio_064,Instagram,2026-06-18T14:24:00-03:00,video,True,CRM-00009,3000.0,1426,58,9,6,api_da_plataforma_ficticia,2026-09-01T08:00:00-03:00
P001850,CR0081,creator_ficticio_081,TikTok,2026-08-26T21:13:00-03:00,imagem,False,,,5567,330,56,41,api_da_plataforma_ficticia,2026-09-01T08:00:00-03:00
P001851,CR0082,creator_ficticio_082,TikTok,2026-06-23T17:20:00-03:00,carrossel,False,,,579,5,2,1,api_da_plataforma_ficticia,2026-09-01T08:00:00-03:00
P001852,CR0024,creator_ficticio_024,TikTok,2026-06-27T11:47:00-03:00,imagem,True,CRM-00001,1200.0,633,37,1,1,api_da_plataforma_ficticia,2026-09-01T08:00:00-03:00
P001853,CR0008,creator_ficticio_008,TikTok,2026-08-10T10:11:00-03:00,carrossel,True,CRM-00050,1200.0,2269,34,2,2,api_da_plataforma_ficticia,2026-09-01T08:00:00-03:00
P001854,CR0023,creator_ficticio_023,TikTok,2026-07-13T20:37:00-03:00,video,False,,,876,23,1,3,api_da_plataforma_ficticia,2026-09-01T08:00:00-03:00
P001855,CR0008,creator_ficticio_008,YouTube,2026-07-22T15:49:00-03:00,video,False,,,491,10,2,2,api_da_plataforma_ficticia,2026-09-01T08:00:00-03:00
P001856,CR0109,creator_ficticio_109,YouTube,2026-08-03T21:58:00-03:00,carrossel,True,CRM-00038,500.0,10673,32,2,7,api_da_plataforma_ficticia,2026-09-01T08:00:00-03:00
P001857,CR0090,creator_ficticio_090,YouTube,2026-07-31T16:34:00-03:00,video,False,,,1354,14,1,3,api_da_plataforma_ficticia,2026-09-01T08:00:00-03:00
P001858,CR0110,creator_ficticio_110,Instagram,2026-08-29T23:34:00-03:00,imagem,True,CRM-00018,15000.0,9988,497,63,78,api_da_plataforma_ficticia,2026-09-01T08:00:00-03:00
P001859,CR0050,creator_ficticio_050,TikTok,2026-07-24T11:32:00-03:00,video,False,,,3529,261,34,32,api_da_plataforma_ficticia,2026-09-01T08:00:00-03:00
P001860,CR0076,creator_ficticio_076,Instagram,2026-06-30T19:06:00-03:00,imagem,False,,,1329,34,2,8,api_da_plataforma_ficticia,2026-09-01T08:00:00-03:00
P001861,CR0044,creator_ficticio_044,TikTok,2026-08-06T08:54:00-03:00,imagem,False,,,44842,485,54,85,api_da_plataforma_ficticia,2026-09-01T08:00:00-03:00
P001862,CR0093,creator_ficticio_093,Instagram,2026-07-06T20:57:00-03:00,video,False,,,168,18,2,2,api_da_plataforma_ficticia,2026-09-01T08:00:00-03:00
P001863,CR0024,creator_ficticio_024,Instagram,2026-07-14T09:42:00-03:00,carrossel,True,CRM-00002,500.0,1655,249,25,24,api_da_plataforma_ficticia,2026-09-01T08:00:00-03:00
P001864,CR0010,creator_ficticio_010,YouTube,2026-08-25T02:22:00-03:00,imagem,False,,,2750,81,10,7,api_da_plataforma_ficticia,2026-09-01T08:00:00-03:00
P001865,CR0113,creator_ficticio_113,Instagram,2026-08-13T00:57:00-03:00,video,True,CRM-00014,500.0,729,18,1,1,api_da_plataforma_ficticia,2026-09-01T08:00:00-03:00
P001866,CR0031,creator_ficticio_031,YouTube,2026-07-23T03:58:00-03:00,video,True,CRM-00010,500.0,4576,186,21,25,api_da_plataforma_ficticia,2026-09-01T08:00:00-03:00
P001867,CR0141,creator_ficticio_141,Instagram,2026-07-13T04:01:00-03:00,carrossel,True,CRM-00053,3000.0,236,10,2,1,api_da_plataforma_ficticia,2026-09-01T08:00:00-03:00
P001868,CR0042,creator_ficticio_042,Instagram,2026-06-13T06:09:00-03:00,carrossel,True,CRM-00031,3000.0,1151,26,4,1,api_da_plataforma_ficticia,2026-09-01T08:00:00-03:00
P001869,CR0055,creator_ficticio_055,YouTube,2026-08-01T02:27:00-03:00,imagem,False,,,1011,29,4,4,api_da_plataforma_ficticia,2026-09-01T08:00:00-03:00
P001870,CR0115,creator_ficticio_115,Instagram,2026-06-06T01:19:00-03:00,video,True,CRM-00021,3000.0,1602,90,14,8,api_da_plataforma_ficticia,2026-09-01T08:00:00-03:00
P001871,CR0056,creator_ficticio_056,YouTube,2026-07-27T19:27:00-03:00,imagem,False,,,16993,685,84,94,api_da_plataforma_ficticia,2026-09-01T08:00:00-03:00
P001872,CR0030,creator_ficticio_030,YouTube,2026-07-24T00:57:00-03:00,carrossel,False,,,1069,70,12,13,api_da_plataforma_ficticia,2026-09-01T08:00:00-03:00
P001873,CR0043,creator_ficticio_043,TikTok,2026-07-10T08:16:00-03:00,carrossel,False,,,39755,1733,188,196,api_da_plataforma_ficticia,2026-09-01T08:00:00-03:00
P001874,CR0116,creator_ficticio_116,Instagram,2026-07-09T03:03:00-03:00,carrossel,True,CRM-00027,3000.0,43,2,0,0,api_da_plataforma_ficticia,2026-09-01T08:00:00-03:00
P001875,CR0026,creator_ficticio_026,TikTok,2026-06-14T13:11:00-03:00,carrossel,False,,,4490,67,7,10,api_da_plataforma_ficticia,2026-09-01T08:00:00-03:00
P001876,CR0068,creator_ficticio_068,YouTube,2026-07-14T16:56:00-03:00,carrossel,False,,,3549,465,58,51,api_da_plataforma_ficticia,2026-09-01T08:00:00-03:00
P001877,CR0047,creator_ficticio_047,Instagram,2026-06-17T12:50:00-03:00,video,True,CRM-00026,500.0,1293,148,26,19,api_da_plataforma_ficticia,2026-09-01T08:00:00-03:00
P001878,CR0059,creator_ficticio_059,Instagram,2026-08-14T05:30:00-03:00,carrossel,False,,,2780,61,10,4,api_da_plataforma_ficticia,2026-09-01T08:00:00-03:00
P001879,CR0123,creator_ficticio_123,YouTube,2026-07-25T20:49:00-03:00,carrossel,False,,,36630,2809,324,340,api_da_plataforma_ficticia,2026-09-01T08:00:00-03:00
P001880,CR0095,creator_ficticio_095,YouTube,2026-07-30T01:27:00-03:00,video,False,,,213285,14051,1698,1786,api_da_plataforma_ficticia,2026-09-01T08:00:00-03:00
P001881,CR0012,creator_ficticio_012,TikTok,2026-07-03T17:45:00-03:00,video,True,CRM-00033,15000.0,2426,82,12,12,api_da_plataforma_ficticia,2026-09-01T08:00:00-03:00
P001882,CR0104,creator_ficticio_104,Instagram,2026-07-15T04:35:00-03:00,video,False,,,10683,630,90,87,api_da_plataforma_ficticia,2026-09-01T08:00:00-03:00
P001883,CR0122,creator_ficticio_122,YouTube,2026-07-04T09:01:00-03:00,carrossel,True,CRM-00037,500.0,3244,90,10,11,api_da_plataforma_ficticia,2026-09-01T08:00:00-03:00
P001884,CR0097,creator_ficticio_097,YouTube,2026-07-30T10:15:00-03:00,video,True,CRM-00037,500.0,13416,739,98,82,api_da_plataforma_ficticia,2026-09-01T08:00:00-03:00
P001885,CR0008,creator_ficticio_008,TikTok,2026-07-04T17:29:00-03:00,video,False,,,4971,165,18,22,api_da_plataforma_ficticia,2026-09-01T08:00:00-03:00
P001886,CR0076,creator_ficticio_076,Instagram,2026-08-04T21:18:00-03:00,carrossel,True,CRM-00055,3000.0,965,71,7,13,api_da_plataforma_ficticia,2026-09-01T08:00:00-03:00
P001887,CR0080,creator_ficticio_080,Instagram,2026-08-18T04:16:00-03:00,carrossel,True,CRM-00008,500.0,39336,1799,220,211,api_da_plataforma_ficticia,2026-09-01T08:00:00-03:00
P001888,CR0004,creator_ficticio_004,Instagram,2026-07-13T14:35:00-03:00,carrossel,False,,,1174,47,4,3,api_da_plataforma_ficticia,2026-09-01T08:00:00-03:00
P001889,CR0114,creator_ficticio_114,YouTube,2026-06-22T05:28:00-03:00,carrossel,False,,,7059,811,107,103,api_da_plataforma_ficticia,2026-09-01T08:00:00-03:00
P001890,CR0022,creator_ficticio_022,TikTok,2026-07-03T23:55:00-03:00,carrossel,False,,,14793,1026,127,136,api_da_plataforma_ficticia,2026-09-01T08:00:00-03:00
P001891,CR0050,creator_ficticio_050,Instagram,2026-07-31T23:30:00-03:00,video,True,CRM-00051,500.0,30779,775,91,94,api_da_plataforma_ficticia,2026-09-01T08:00:00-03:00
P001892,CR0047,creator_ficticio_047,TikTok,2026-06-22T05:41:00-03:00,video,False,,,239,12,3,1,api_da_plataforma_ficticia,2026-09-01T08:00:00-03:00
P001893,CR0131,creator_ficticio_131,Instagram,2026-06-15T03:48:00-03:00,video,False,,,60,4,2,1,api_da_plataforma_ficticia,2026-09-01T08:00:00-03:00
P001894,CR0141,creator_ficticio_141,TikTok,2026-06-07T06:25:00-03:00,imagem,False,,,6,0,0,0,api_da_plataforma_ficticia,2026-09-01T08:00:00-03:00
P001895,CR0114,creator_ficticio_114,Instagram,2026-07-09T16:14:00-03:00,imagem,False,,,27596,423,50,56,api_da_plataforma_ficticia,2026-09-01T08:00:00-03:00
P001896,CR0053,creator_ficticio_053,TikTok,2026-06-11T15:13:00-03:00,video,False,,,5711,58,5,10,api_da_plataforma_ficticia,2026-09-01T08:00:00-03:00
P001897,CR0096,creator_ficticio_096,TikTok,2026-06-26T09:46:00-03:00,carrossel,False,,,24456,980,109,117,api_da_plataforma_ficticia,2026-09-01T08:00:00-03:00
P001898,CR0097,creator_ficticio_097,Instagram,2026-06-25T10:37:00-03:00,video,True,CRM-00044,3000.0,4396,169,16,15,api_da_plataforma_ficticia,2026-09-01T08:00:00-03:00
P001899,CR0053,creator_ficticio_053,TikTok,2026-06-12T06:33:00-03:00,imagem,False,,,6876,388,62,53,api_da_plataforma_ficticia,2026-09-01T08:00:00-03:00
P001900,CR0038,creator_ficticio_038,TikTok,2026-06-09T03:09:00-03:00,video,True,CRM-00020,1200.0,8744,437,59,68,api_da_plataforma_ficticia,2026-09-01T08:00:00-03:00
P001901,CR0020,creator_ficticio_020,Instagram,2026-07-20T04:48:00-03:00,video,False,,,1606,226,32,29,api_da_plataforma_ficticia,2026-09-01T08:00:00-03:00
P001902,CR0068,creator_ficticio_068,TikTok,2026-08-14T10:47:00-03:00,imagem,False,,,830,80,8,10,api_da_plataforma_ficticia,2026-09-01T08:00:00-03:00
P001903,CR0089,creator_ficticio_089,YouTube,2026-06-24T18:08:00-03:00,imagem,False,,,5673,139,15,17,api_da_plataforma_ficticia,2026-09-01T08:00:00-03:00
P001904,CR0108,creator_ficticio_108,Instagram,2026-08-16T12:21:00-03:00,carrossel,True,CRM-00035,3000.0,224,10,1,1,api_da_plataforma_ficticia,2026-09-01T08:00:00-03:00
P001905,CR0030,creator_ficticio_030,Instagram,2026-07-30T01:34:00-03:00,video,True,CRM-00033,500.0,120,3,0,0,api_da_plataforma_ficticia,2026-09-01T08:00:00-03:00
P001906,CR0096,creator_ficticio_096,TikTok,2026-06-27T06:29:00-03:00,carrossel,True,CRM-00049,3000.0,2963,66,8,5,api_da_plataforma_ficticia,2026-09-01T08:00:00-03:00
P001907,CR0131,creator_ficticio_131,TikTok,2026-07-16T08:01:00-03:00,video,False,,,1254,138,10,19,api_da_plataforma_ficticia,2026-09-01T08:00:00-03:00
P001908,CR0115,creator_ficticio_115,YouTube,2026-06-22T16:38:00-03:00,video,False,,,80670,6509,792,790,api_da_plataforma_ficticia,2026-09-01T08:00:00-03:00
P001909,CR0131,creator_ficticio_131,YouTube,2026-06-15T21:50:00-03:00,video,False,,,352,43,8,4,api_da_plataforma_ficticia,2026-09-01T08:00:00-03:00
P001910,CR0119,creator_ficticio_119,TikTok,2026-06-30T00:52:00-03:00,video,True,CRM-00048,500.0,22415,563,66,66,api_da_plataforma_ficticia,2026-09-01T08:00:00-03:00
P001911,CR0074,creator_ficticio_074,YouTube,2026-07-16T03:58:00-03:00,carrossel,False,,,48275,1723,217,231,api_da_plataforma_ficticia,2026-09-01T08:00:00-03:00
P001912,CR0149,creator_ficticio_149,Instagram,2026-08-26T05:45:00-03:00,carrossel,False,,,25032,2191,288,273,api_da_plataforma_ficticia,2026-09-01T08:00:00-03:00
P001913,CR0103,creator_ficticio_103,Instagram,2026-06-19T12:47:00-03:00,video,False,,,150,11,1,0,api_da_plataforma_ficticia,2026-09-01T08:00:00-03:00
P001914,CR0069,creator_ficticio_069,Instagram,2026-08-16T22:12:00-03:00,video,False,,,1041,45,3,4,api_da_plataforma_ficticia,2026-09-01T08:00:00-03:00
P001915,CR0109,creator_ficticio_109,YouTube,2026-06-20T09:40:00-03:00,video,False,,,24820,1833,221,233,api_da_plataforma_ficticia,2026-09-01T08:00:00-03:00
P001916,CR0141,creator_ficticio_141,Instagram,2026-08-13T09:12:00-03:00,carrossel,False,,,856,47,12,7,api_da_plataforma_ficticia,2026-09-01T08:00:00-03:00
P001917,CR0051,creator_ficticio_051,TikTok,2026-06-17T13:22:00-03:00,imagem,False,,,3126,124,11,17,api_da_plataforma_ficticia,2026-09-01T08:00:00-03:00
P001918,CR0001,creator_ficticio_001,Instagram,2026-08-21T17:55:00-03:00,video,True,CRM-00046,500.0,986,4,0,1,api_da_plataforma_ficticia,2026-09-01T08:00:00-03:00
P001919,CR0023,creator_ficticio_023,TikTok,2026-08-11T08:12:00-03:00,imagem,True,CRM-00047,15000.0,17245,204,28,18,api_da_plataforma_ficticia,2026-09-01T08:00:00-03:00
P001920,CR0109,creator_ficticio_109,TikTok,2026-08-28T18:35:00-03:00,video,False,,,36497,1915,221,234,api_da_plataforma_ficticia,2026-09-01T08:00:00-03:00
P001921,CR0064,creator_ficticio_064,Instagram,2026-08-24T12:23:00-03:00,carrossel,False,,,826,30,1,5,api_da_plataforma_ficticia,2026-09-01T08:00:00-03:00
P001922,CR0004,creator_ficticio_004,YouTube,2026-06-02T00:41:00-03:00,imagem,False,,,454,24,1,7,api_da_plataforma_ficticia,2026-09-01T08:00:00-03:00
P001923,CR0075,creator_ficticio_075,Instagram,2026-06-20T04:26:00-03:00,imagem,False,,,14633,248,34,38,api_da_plataforma_ficticia,2026-09-01T08:00:00-03:00
P001924,CR0135,creator_ficticio_135,YouTube,2026-07-16T13:16:00-03:00,carrossel,True,CRM-00034,3000.0,115928,1659,215,201,api_da_plataforma_ficticia,2026-09-01T08:00:00-03:00
P001925,CR0103,creator_ficticio_103,TikTok,2026-06-22T05:39:00-03:00,video,True,CRM-00023,1200.0,340,16,0,1,api_da_plataforma_ficticia,2026-09-01T08:00:00-03:00
P001926,CR0140,creator_ficticio_140,TikTok,2026-08-06T16:58:00-03:00,carrossel,True,CRM-00058,1200.0,18558,75,9,8,api_da_plataforma_ficticia,2026-09-01T08:00:00-03:00
P001927,CR0102,creator_ficticio_102,YouTube,2026-08-15T07:57:00-03:00,video,False,,,6992,445,69,61,api_da_plataforma_ficticia,2026-09-01T08:00:00-03:00
P001928,CR0009,creator_ficticio_009,Instagram,2026-06-14T18:09:00-03:00,imagem,False,,,1176,24,2,3,api_da_plataforma_ficticia,2026-09-01T08:00:00-03:00
P001929,CR0008,creator_ficticio_008,YouTube,2026-07-20T16:35:00-03:00,video,False,,,6157,245,27,22,api_da_plataforma_ficticia,2026-09-01T08:00:00-03:00
P001930,CR0118,creator_ficticio_118,TikTok,2026-08-17T23:43:00-03:00,carrossel,False,,,2725,40,6,5,api_da_plataforma_ficticia,2026-09-01T08:00:00-03:00
P001931,CR0138,creator_ficticio_138,YouTube,2026-06-13T16:22:00-03:00,imagem,True,CRM-00043,3000.0,2496,57,7,7,api_da_plataforma_ficticia,2026-09-01T08:00:00-03:00
P001932,CR0080,creator_ficticio_080,TikTok,2026-07-01T19:36:00-03:00,carrossel,True,CRM-00012,500.0,83048,7559,960,941,api_da_plataforma_ficticia,2026-09-01T08:00:00-03:00
P001933,CR0030,creator_ficticio_030,TikTok,2026-07-14T09:10:00-03:00,imagem,True,CRM-00017,15000.0,656,25,4,7,api_da_plataforma_ficticia,2026-09-01T08:00:00-03:00
P001934,CR0126,creator_ficticio_126,TikTok,2026-06-13T23:08:00-03:00,carrossel,False,,,36409,3095,384,384,api_da_plataforma_ficticia,2026-09-01T08:00:00-03:00
P001935,CR0035,creator_ficticio_035,TikTok,2026-06-15T05:55:00-03:00,video,False,,,3272,145,16,22,api_da_plataforma_ficticia,2026-09-01T08:00:00-03:00
P001936,CR0117,creator_ficticio_117,TikTok,2026-07-13T16:53:00-03:00,imagem,False,,,11384,646,72,78,api_da_plataforma_ficticia,2026-09-01T08:00:00-03:00
P001937,CR0013,creator_ficticio_013,YouTube,2026-08-05T08:27:00-03:00,imagem,False,,,1650,92,8,17,api_da_plataforma_ficticia,2026-09-01T08:00:00-03:00
P001938,CR0066,creator_ficticio_066,TikTok,2026-08-22T21:53:00-03:00,video,False,,,1009,137,22,6,api_da_plataforma_ficticia,2026-09-01T08:00:00-03:00
P001939,CR0074,creator_ficticio_074,YouTube,2026-08-14T07:10:00-03:00,video,False,,,44066,405,46,46,api_da_plataforma_ficticia,2026-09-01T08:00:00-03:00
P001940,CR0085,creator_ficticio_085,YouTube,2026-07-26T09:24:00-03:00,imagem,True,CRM-00053,3000.0,1611,232,27,10,api_da_plataforma_ficticia,2026-09-01T08:00:00-03:00
P001941,CR0138,creator_ficticio_138,YouTube,2026-06-27T12:08:00-03:00,video,True,CRM-00055,1200.0,269,7,2,0,api_da_plataforma_ficticia,2026-09-01T08:00:00-03:00
P001942,CR0094,creator_ficticio_094,YouTube,2026-07-29T11:12:00-03:00,video,False,,,11442,846,107,95,api_da_plataforma_ficticia,2026-09-01T08:00:00-03:00
P001943,CR0099,creator_ficticio_099,Instagram,2026-08-06T08:29:00-03:00,carrossel,True,CRM-00025,15000.0,798,16,3,3,api_da_plataforma_ficticia,2026-09-01T08:00:00-03:00
P001944,CR0123,creator_ficticio_123,YouTube,2026-06-06T13:37:00-03:00,video,False,,,26157,389,44,50,api_da_plataforma_ficticia,2026-09-01T08:00:00-03:00
P001945,CR0073,creator_ficticio_073,YouTube,2026-07-15T12:04:00-03:00,imagem,False,,,1009,49,3,4,api_da_plataforma_ficticia,2026-09-01T08:00:00-03:00
P001946,CR0107,creator_ficticio_107,Instagram,2026-08-16T11:21:00-03:00,carrossel,False,,,926,74,11,5,api_da_plataforma_ficticia,2026-09-01T08:00:00-03:00
P001947,CR0128,creator_ficticio_128,YouTube,2026-06-17T19:16:00-03:00,carrossel,False,,,8230,650,72,84,api_da_plataforma_ficticia,2026-09-01T08:00:00-03:00
P001948,CR0003,creator_ficticio_003,TikTok,2026-06-20T03:06:00-03:00,carrossel,False,,,40748,211,27,27,api_da_plataforma_ficticia,2026-09-01T08:00:00-03:00
P001949,CR0142,creator_ficticio_142,YouTube,2026-08-02T04:26:00-03:00,video,False,,,10339,600,95,81,api_da_plataforma_ficticia,2026-09-01T08:00:00-03:00
P001950,CR0129,creator_ficticio_129,TikTok,2026-08-01T21:30:00-03:00,video,False,,,2427,119,9,13,api_da_plataforma_ficticia,2026-09-01T08:00:00-03:00
P001951,CR0084,creator_ficticio_084,TikTok,2026-06-06T14:23:00-03:00,carrossel,False,,,1382,135,8,17,api_da_plataforma_ficticia,2026-09-01T08:00:00-03:00
P001952,CR0096,creator_ficticio_096,Instagram,2026-07-27T04:13:00-03:00,video,False,,,1311,74,11,5,api_da_plataforma_ficticia,2026-09-01T08:00:00-03:00
P001953,CR0118,creator_ficticio_118,YouTube,2026-06-26T03:53:00-03:00,carrossel,False,,,12482,663,82,93,api_da_plataforma_ficticia,2026-09-01T08:00:00-03:00
P001954,CR0092,creator_ficticio_092,Instagram,2026-07-30T02:43:00-03:00,video,False,,,143,0,0,0,api_da_plataforma_ficticia,2026-09-01T08:00:00-03:00
P001955,CR0147,creator_ficticio_147,Instagram,2026-06-01T05:01:00-03:00,imagem,False,,,7874,125,16,14,api_da_plataforma_ficticia,2026-09-01T08:00:00-03:00
P001956,CR0097,creator_ficticio_097,YouTube,2026-08-13T11:49:00-03:00,video,False,,,10958,567,70,79,api_da_plataforma_ficticia,2026-09-01T08:00:00-03:00
P001957,CR0004,creator_ficticio_004,TikTok,2026-07-16T13:10:00-03:00,video,False,,,2082,74,7,10,api_da_plataforma_ficticia,2026-09-01T08:00:00-03:00
P001958,CR0043,creator_ficticio_043,YouTube,2026-06-23T10:32:00-03:00,video,False,,,104387,2135,286,264,api_da_plataforma_ficticia,2026-09-01T08:00:00-03:00
P001959,CR0087,creator_ficticio_087,Instagram,2026-06-04T15:01:00-03:00,imagem,False,,,15009,363,50,37,api_da_plataforma_ficticia,2026-09-01T08:00:00-03:00
P001960,CR0095,creator_ficticio_095,YouTube,2026-06-19T06:36:00-03:00,video,False,,,69755,1126,131,134,api_da_plataforma_ficticia,2026-09-01T08:00:00-03:00
P001961,CR0103,creator_ficticio_103,YouTube,2026-08-13T13:53:00-03:00,imagem,False,,,7991,163,15,11,api_da_plataforma_ficticia,2026-09-01T08:00:00-03:00
P001962,CR0110,creator_ficticio_110,Instagram,2026-06-28T10:51:00-03:00,carrossel,False,,,2011,91,8,11,api_da_plataforma_ficticia,2026-09-01T08:00:00-03:00
P001963,CR0081,creator_ficticio_081,YouTube,2026-07-15T01:21:00-03:00,imagem,False,,,6559,422,46,51,api_da_plataforma_ficticia,2026-09-01T08:00:00-03:00
P001964,CR0015,creator_ficticio_015,Instagram,2026-08-08T21:24:00-03:00,carrossel,False,,,3155,71,11,12,api_da_plataforma_ficticia,2026-09-01T08:00:00-03:00
P001965,CR0045,creator_ficticio_045,Instagram,2026-08-27T12:07:00-03:00,video,True,CRM-00031,15000.0,363,16,0,3,api_da_plataforma_ficticia,2026-09-01T08:00:00-03:00
P001966,CR0081,creator_ficticio_081,YouTube,2026-06-14T20:56:00-03:00,carrossel,True,CRM-00037,3000.0,1781,164,22,19,api_da_plataforma_ficticia,2026-09-01T08:00:00-03:00
P001967,CR0040,creator_ficticio_040,Instagram,2026-06-15T14:51:00-03:00,video,False,,,8630,192,21,20,api_da_plataforma_ficticia,2026-09-01T08:00:00-03:00
P001968,CR0071,creator_ficticio_071,YouTube,2026-06-22T17:28:00-03:00,video,True,CRM-00049,500.0,80,0,0,0,api_da_plataforma_ficticia,2026-09-01T08:00:00-03:00
P001969,CR0132,creator_ficticio_132,Instagram,2026-07-01T16:42:00-03:00,imagem,False,,,36050,1292,166,194,api_da_plataforma_ficticia,2026-09-01T08:00:00-03:00
P001970,CR0039,creator_ficticio_039,YouTube,2026-07-23T23:43:00-03:00,imagem,False,,,301,13,4,2,api_da_plataforma_ficticia,2026-09-01T08:00:00-03:00
P001971,CR0132,creator_ficticio_132,Instagram,2026-06-24T13:15:00-03:00,video,False,,,183092,2492,320,355,api_da_plataforma_ficticia,2026-09-01T08:00:00-03:00
P001972,CR0146,creator_ficticio_146,YouTube,2026-07-22T06:12:00-03:00,video,False,,,30047,783,101,100,api_da_plataforma_ficticia,2026-09-01T08:00:00-03:00
P001973,CR0020,creator_ficticio_020,YouTube,2026-06-16T19:26:00-03:00,imagem,False,,,3062,117,9,22,api_da_plataforma_ficticia,2026-09-01T08:00:00-03:00
P001974,CR0136,creator_ficticio_136,Instagram,2026-06-24T16:20:00-03:00,carrossel,False,,,123022,1145,139,149,api_da_plataforma_ficticia,2026-09-01T08:00:00-03:00
P001975,CR0111,creator_ficticio_111,YouTube,2026-08-24T11:49:00-03:00,carrossel,True,CRM-00027,1200.0,346,11,0,2,api_da_plataforma_ficticia,2026-09-01T08:00:00-03:00
P001976,CR0058,creator_ficticio_058,YouTube,2026-07-17T12:31:00-03:00,video,False,,,7898,672,80,83,api_da_plataforma_ficticia,2026-09-01T08:00:00-03:00
P001977,CR0104,creator_ficticio_104,Instagram,2026-08-21T13:43:00-03:00,video,False,,,2050,306,46,36,api_da_plataforma_ficticia,2026-09-01T08:00:00-03:00
P001978,CR0017,creator_ficticio_017,TikTok,2026-07-13T17:53:00-03:00,imagem,False,,,1278,60,9,11,api_da_plataforma_ficticia,2026-09-01T08:00:00-03:00
P001979,CR0069,creator_ficticio_069,YouTube,2026-08-09T03:49:00-03:00,carrossel,False,,,10928,915,113,126,api_da_plataforma_ficticia,2026-09-01T08:00:00-03:00
P001980,CR0055,creator_ficticio_055,Instagram,2026-07-29T02:01:00-03:00,imagem,False,,,755,22,3,4,api_da_plataforma_ficticia,2026-09-01T08:00:00-03:00
P001981,CR0059,creator_ficticio_059,Instagram,2026-08-26T03:00:00-03:00,video,False,,,385,9,1,0,api_da_plataforma_ficticia,2026-09-01T08:00:00-03:00
P001982,CR0122,creator_ficticio_122,YouTube,2026-06-02T08:33:00-03:00,video,False,,,2073,131,17,18,api_da_plataforma_ficticia,2026-09-01T08:00:00-03:00
P001983,CR0048,creator_ficticio_048,Instagram,2026-06-26T06:19:00-03:00,video,False,,,56679,2155,290,278,api_da_plataforma_ficticia,2026-09-01T08:00:00-03:00
P001984,CR0086,creator_ficticio_086,TikTok,2026-08-11T00:35:00-03:00,video,False,,,5329,51,6,3,api_da_plataforma_ficticia,2026-09-01T08:00:00-03:00
P001985,CR0107,creator_ficticio_107,YouTube,2026-08-12T18:00:00-03:00,video,False,,,5629,304,31,41,api_da_plataforma_ficticia,2026-09-01T08:00:00-03:00
P001986,CR0118,creator_ficticio_118,YouTube,2026-07-03T21:42:00-03:00,carrossel,False,,,2973,416,56,42,api_da_plataforma_ficticia,2026-09-01T08:00:00-03:00
P001987,CR0067,creator_ficticio_067,Instagram,2026-07-20T03:53:00-03:00,video,False,,,233,44,7,1,api_da_plataforma_ficticia,2026-09-01T08:00:00-03:00
P001988,CR0117,creator_ficticio_117,TikTok,2026-06-16T23:32:00-03:00,imagem,False,,,55678,2257,289,262,api_da_plataforma_ficticia,2026-09-01T08:00:00-03:00
P001989,CR0101,creator_ficticio_101,Instagram,2026-08-21T23:16:00-03:00,video,True,CRM-00027,500.0,17267,591,82,79,api_da_plataforma_ficticia,2026-09-01T08:00:00-03:00
P001990,CR0026,creator_ficticio_026,TikTok,2026-08-28T22:32:00-03:00,video,False,,,1083,19,3,4,api_da_plataforma_ficticia,2026-09-01T08:00:00-03:00
P001991,CR0104,creator_ficticio_104,YouTube,2026-07-17T00:03:00-03:00,video,False,,,8673,851,122,105,api_da_plataforma_ficticia,2026-09-01T08:00:00-03:00
P001992,CR0054,creator_ficticio_054,TikTok,2026-07-12T16:33:00-03:00,video,False,,,36,3,0,0,api_da_plataforma_ficticia,2026-09-01T08:00:00-03:00
P001993,CR0147,creator_ficticio_147,YouTube,2026-08-08T13:10:00-03:00,carrossel,False,,,9776,63,6,5,api_da_plataforma_ficticia,2026-09-01T08:00:00-03:00
P001994,CR0120,creator_ficticio_120,TikTok,2026-06-24T23:45:00-03:00,video,True,CRM-00012,3000.0,13462,1119,164,139,api_da_plataforma_ficticia,2026-09-01T08:00:00-03:00
P001995,CR0102,creator_ficticio_102,YouTube,2026-06-09T07:55:00-03:00,video,False,,,4648,285,46,29,api_da_plataforma_ficticia,2026-09-01T08:00:00-03:00
P001996,CR0104,creator_ficticio_104,YouTube,2026-07-16T05:16:00-03:00,imagem,False,,,12895,601,83,89,api_da_plataforma_ficticia,2026-09-01T08:00:00-03:00
P001997,CR0011,creator_ficticio_011,TikTok,2026-06-11T01:35:00-03:00,video,False,,,5610,316,51,49,api_da_plataforma_ficticia,2026-09-01T08:00:00-03:00
P001998,CR0122,creator_ficticio_122,Instagram,2026-08-02T00:21:00-03:00,carrossel,False,,,2574,91,12,9,api_da_plataforma_ficticia,2026-09-01T08:00:00-03:00
P001999,CR0033,creator_ficticio_033,TikTok,2026-08-15T02:01:00-03:00,video,False,,,19841,1565,195,211,api_da_plataforma_ficticia,2026-09-01T08:00:00-03:00
P002000,CR0113,creator_ficticio_113,YouTube,2026-07-13T19:53:00-03:00,carrossel,False,,,835,49,7,3,api_da_plataforma_ficticia,2026-09-01T08:00:00-03:00
P002001,CR0088,creator_ficticio_088,TikTok,2026-07-23T12:38:00-03:00,imagem,False,,,2645,215,33,28,api_da_plataforma_ficticia,2026-09-01T08:00:00-03:00
P002002,CR0147,creator_ficticio_147,TikTok,2026-06-08T13:08:00-03:00,carrossel,True,CRM-00057,1200.0,23598,1302,182,162,api_da_plataforma_ficticia,2026-09-01T08:00:00-03:00
P002003,CR0003,creator_ficticio_003,TikTok,2026-07-10T12:12:00-03:00,video,True,CRM-00011,3000.0,401181,3538,464,401,api_da_plataforma_ficticia,2026-09-01T08:00:00-03:00
P002004,CR0098,creator_ficticio_098,TikTok,2026-07-07T13:11:00-03:00,carrossel,True,CRM-00059,3000.0,242,12,1,0,api_da_plataforma_ficticia,2026-09-01T08:00:00-03:00
P002005,CR0068,creator_ficticio_068,YouTube,2026-08-10T11:25:00-03:00,imagem,False,,,1149,21,1,1,api_da_plataforma_ficticia,2026-09-01T08:00:00-03:00
P002006,CR0084,creator_ficticio_084,Instagram,2026-08-23T07:04:00-03:00,video,True,CRM-00021,500.0,20502,2116,269,269,api_da_plataforma_ficticia,2026-09-01T08:00:00-03:00
P002007,CR0045,creator_ficticio_045,TikTok,2026-08-21T14:24:00-03:00,video,False,,,11434,1131,145,145,api_da_plataforma_ficticia,2026-09-01T08:00:00-03:00
P002008,CR0102,creator_ficticio_102,YouTube,2026-08-17T22:51:00-03:00,carrossel,False,,,862,62,8,9,api_da_plataforma_ficticia,2026-09-01T08:00:00-03:00
P002009,CR0026,creator_ficticio_026,TikTok,2026-06-16T19:53:00-03:00,imagem,False,,,571,31,4,3,api_da_plataforma_ficticia,2026-09-01T08:00:00-03:00
P002010,CR0021,creator_ficticio_021,Instagram,2026-08-06T16:11:00-03:00,video,False,,,6000,378,33,39,api_da_plataforma_ficticia,2026-09-01T08:00:00-03:00
P002011,CR0006,creator_ficticio_006,YouTube,2026-08-16T23:28:00-03:00,carrossel,False,,,3310,76,12,7,api_da_plataforma_ficticia,2026-09-01T08:00:00-03:00
P002012,CR0014,creator_ficticio_014,Instagram,2026-07-23T06:54:00-03:00,video,True,CRM-00027,3000.0,1484,101,14,13,api_da_plataforma_ficticia,2026-09-01T08:00:00-03:00
P002013,CR0002,creator_ficticio_002,Instagram,2026-07-22T23:02:00-03:00,carrossel,True,CRM-00020,3000.0,760,68,16,11,api_da_plataforma_ficticia,2026-09-01T08:00:00-03:00
P002014,CR0052,creator_ficticio_052,YouTube,2026-06-25T19:06:00-03:00,video,True,CRM-00042,500.0,8070,707,102,92,api_da_plataforma_ficticia,2026-09-01T08:00:00-03:00
P002015,CR0025,creator_ficticio_025,TikTok,2026-07-05T18:15:00-03:00,video,False,,,8951,612,61,64,api_da_plataforma_ficticia,2026-09-01T08:00:00-03:00
P002016,CR0102,creator_ficticio_102,Instagram,2026-07-24T13:50:00-03:00,imagem,True,CRM-00049,15000.0,4991,232,27,30,api_da_plataforma_ficticia,2026-09-01T08:00:00-03:00
P002017,CR0140,creator_ficticio_140,TikTok,2026-07-18T13:19:00-03:00,video,False,,,238211,8421,1022,1046,api_da_plataforma_ficticia,2026-09-01T08:00:00-03:00
P002018,CR0147,creator_ficticio_147,YouTube,2026-06-04T08:06:00-03:00,video,False,,,969,5,0,0,api_da_plataforma_ficticia,2026-09-01T08:00:00-03:00
P002019,CR0049,creator_ficticio_049,TikTok,2026-06-16T15:39:00-03:00,video,False,,,217556,11415,1462,1403,api_da_plataforma_ficticia,2026-09-01T08:00:00-03:00
P002020,CR0132,creator_ficticio_132,YouTube,2026-06-17T18:25:00-03:00,video,True,CRM-00002,3000.0,745,68,10,6,api_da_plataforma_ficticia,2026-09-01T08:00:00-03:00
P002021,CR0140,creator_ficticio_140,TikTok,2026-06-07T11:40:00-03:00,video,False,,,9649,1139,147,166,api_da_plataforma_ficticia,2026-09-01T08:00:00-03:00
P002022,CR0088,creator_ficticio_088,TikTok,2026-07-07T15:37:00-03:00,carrossel,False,,,1381,103,13,13,api_da_plataforma_ficticia,2026-09-01T08:00:00-03:00
P002023,CR0014,creator_ficticio_014,Instagram,2026-06-25T21:06:00-03:00,video,False,,,1272,149,12,14,api_da_plataforma_ficticia,2026-09-01T08:00:00-03:00
P002024,CR0008,creator_ficticio_008,Instagram,2026-06-30T01:22:00-03:00,imagem,True,CRM-00007,1200.0,12774,705,83,101,api_da_plataforma_ficticia,2026-09-01T08:00:00-03:00
P002025,CR0090,creator_ficticio_090,YouTube,2026-06-18T22:16:00-03:00,video,True,CRM-00016,1200.0,15969,580,73,84,api_da_plataforma_ficticia,2026-09-01T08:00:00-03:00
P002026,CR0091,creator_ficticio_091,Instagram,2026-07-05T03:01:00-03:00,carrossel,False,,,10,1,0,0,api_da_plataforma_ficticia,2026-09-01T08:00:00-03:00
P002027,CR0079,creator_ficticio_079,TikTok,2026-08-17T04:24:00-03:00,carrossel,False,,,655,43,7,2,api_da_plataforma_ficticia,2026-09-01T08:00:00-03:00
P002028,CR0087,creator_ficticio_087,YouTube,2026-06-13T21:46:00-03:00,video,False,,,511,15,0,3,api_da_plataforma_ficticia,2026-09-01T08:00:00-03:00
P002029,CR0095,creator_ficticio_095,TikTok,2026-07-04T05:19:00-03:00,video,False,,,74849,2956,387,386,api_da_plataforma_ficticia,2026-09-01T08:00:00-03:00
P002030,CR0054,creator_ficticio_054,YouTube,2026-07-28T10:58:00-03:00,imagem,False,,,420,23,2,5,api_da_plataforma_ficticia,2026-09-01T08:00:00-03:00
P002031,CR0127,creator_ficticio_127,YouTube,2026-07-17T22:37:00-03:00,carrossel,False,,,2992,280,26,39,api_da_plataforma_ficticia,2026-09-01T08:00:00-03:00
P002032,CR0109,creator_ficticio_109,TikTok,2026-08-25T00:35:00-03:00,carrossel,True,CRM-00010,15000.0,988,8,1,0,api_da_plataforma_ficticia,2026-09-01T08:00:00-03:00
P002033,CR0058,creator_ficticio_058,Instagram,2026-06-29T03:47:00-03:00,imagem,True,CRM-00028,15000.0,7725,447,68,62,api_da_plataforma_ficticia,2026-09-01T08:00:00-03:00
P002034,CR0108,creator_ficticio_108,Instagram,2026-07-24T12:47:00-03:00,video,True,CRM-00049,15000.0,41129,3071,411,375,api_da_plataforma_ficticia,2026-09-01T08:00:00-03:00
P002035,CR0099,creator_ficticio_099,Instagram,2026-07-07T23:37:00-03:00,video,False,,,946,21,1,1,api_da_plataforma_ficticia,2026-09-01T08:00:00-03:00
P002036,CR0044,creator_ficticio_044,Instagram,2026-08-28T01:31:00-03:00,carrossel,True,CRM-00044,3000.0,1146,65,7,15,api_da_plataforma_ficticia,2026-09-01T08:00:00-03:00
P002037,CR0031,creator_ficticio_031,TikTok,2026-08-08T14:50:00-03:00,imagem,True,CRM-00008,3000.0,817,27,2,3,api_da_plataforma_ficticia,2026-09-01T08:00:00-03:00
P002038,CR0044,creator_ficticio_044,Instagram,2026-06-18T07:21:00-03:00,video,False,,,28332,913,115,118,api_da_plataforma_ficticia,2026-09-01T08:00:00-03:00
P002039,CR0117,creator_ficticio_117,YouTube,2026-06-19T11:03:00-03:00,video,True,CRM-00038,500.0,5281,144,13,15,api_da_plataforma_ficticia,2026-09-01T08:00:00-03:00
P002040,CR0022,creator_ficticio_022,YouTube,2026-06-16T01:06:00-03:00,video,False,,,1319,32,5,7,api_da_plataforma_ficticia,2026-09-01T08:00:00-03:00
P002041,CR0080,creator_ficticio_080,YouTube,2026-06-04T13:36:00-03:00,carrossel,False,,,3792,139,20,18,api_da_plataforma_ficticia,2026-09-01T08:00:00-03:00
P002042,CR0143,creator_ficticio_143,TikTok,2026-07-03T00:38:00-03:00,carrossel,False,,,38639,1029,155,139,api_da_plataforma_ficticia,2026-09-01T08:00:00-03:00
P002043,CR0012,creator_ficticio_012,YouTube,2026-07-08T12:51:00-03:00,imagem,True,CRM-00057,500.0,48858,790,82,111,api_da_plataforma_ficticia,2026-09-01T08:00:00-03:00
P002044,CR0082,creator_ficticio_082,TikTok,2026-06-04T04:38:00-03:00,video,True,CRM-00002,15000.0,72,0,0,0,api_da_plataforma_ficticia,2026-09-01T08:00:00-03:00
P002045,CR0043,creator_ficticio_043,TikTok,2026-08-06T23:19:00-03:00,video,False,,,38809,3144,410,352,api_da_plataforma_ficticia,2026-09-01T08:00:00-03:00
P002046,CR0125,creator_ficticio_125,Instagram,2026-08-22T15:26:00-03:00,video,True,CRM-00031,500.0,20182,766,90,93,api_da_plataforma_ficticia,2026-09-01T08:00:00-03:00
P002047,CR0020,creator_ficticio_020,YouTube,2026-08-16T18:19:00-03:00,imagem,False,,,1983,123,11,12,api_da_plataforma_ficticia,2026-09-01T08:00:00-03:00
P002048,CR0089,creator_ficticio_089,Instagram,2026-07-26T20:57:00-03:00,imagem,False,,,8009,1202,147,147,api_da_plataforma_ficticia,2026-09-01T08:00:00-03:00
P002049,CR0111,creator_ficticio_111,Instagram,2026-06-11T22:18:00-03:00,imagem,False,,,823,23,2,1,api_da_plataforma_ficticia,2026-09-01T08:00:00-03:00
P002050,CR0019,creator_ficticio_019,TikTok,2026-08-28T01:59:00-03:00,imagem,True,CRM-00020,3000.0,373,11,1,1,api_da_plataforma_ficticia,2026-09-01T08:00:00-03:00
P002051,CR0060,creator_ficticio_060,Instagram,2026-06-15T03:38:00-03:00,video,False,,,25,0,0,1,api_da_plataforma_ficticia,2026-09-01T08:00:00-03:00
P002052,CR0021,creator_ficticio_021,TikTok,2026-07-15T16:48:00-03:00,video,True,CRM-00032,15000.0,748,6,1,1,api_da_plataforma_ficticia,2026-09-01T08:00:00-03:00
P002053,CR0078,creator_ficticio_078,Instagram,2026-07-23T13:16:00-03:00,carrossel,False,,,19253,1062,122,123,api_da_plataforma_ficticia,2026-09-01T08:00:00-03:00
P002054,CR0000,creator_ficticio_000,YouTube,2026-07-30T17:07:00-03:00,video,False,,,101,1,0,0,api_da_plataforma_ficticia,2026-09-01T08:00:00-03:00
P002055,CR0091,creator_ficticio_091,YouTube,2026-08-26T22:25:00-03:00,video,False,,,317,5,2,0,api_da_plataforma_ficticia,2026-09-01T08:00:00-03:00
P002056,CR0044,creator_ficticio_044,YouTube,2026-08-03T23:48:00-03:00,imagem,False,,,11105,744,74,107,api_da_plataforma_ficticia,2026-09-01T08:00:00-03:00
P002057,CR0055,creator_ficticio_055,TikTok,2026-08-14T12:53:00-03:00,video,False,,,14630,423,61,47,api_da_plataforma_ficticia,2026-09-01T08:00:00-03:00
P002058,CR0118,creator_ficticio_118,Instagram,2026-07-14T06:02:00-03:00,carrossel,True,CRM-00023,500.0,2835,98,10,9,api_da_plataforma_ficticia,2026-09-01T08:00:00-03:00
P002059,CR0147,creator_ficticio_147,TikTok,2026-07-10T12:10:00-03:00,video,False,,,31981,556,67,68,api_da_plataforma_ficticia,2026-09-01T08:00:00-03:00
P002060,CR0073,creator_ficticio_073,TikTok,2026-06-13T02:01:00-03:00,imagem,False,,,13,1,0,0,api_da_plataforma_ficticia,2026-09-01T08:00:00-03:00
P002061,CR0112,creator_ficticio_112,TikTok,2026-06-28T04:56:00-03:00,video,False,,,840,17,0,0,api_da_plataforma_ficticia,2026-09-01T08:00:00-03:00
P002062,CR0058,creator_ficticio_058,Instagram,2026-07-22T09:03:00-03:00,imagem,False,,,209484,21640,2678,2692,api_da_plataforma_ficticia,2026-09-01T08:00:00-03:00
P002063,CR0097,creator_ficticio_097,Instagram,2026-06-04T20:11:00-03:00,video,False,,,3840,385,49,50,api_da_plataforma_ficticia,2026-09-01T08:00:00-03:00
P002064,CR0058,creator_ficticio_058,Instagram,2026-07-06T18:28:00-03:00,carrossel,False,,,2606,119,17,10,api_da_plataforma_ficticia,2026-09-01T08:00:00-03:00
P002065,CR0022,creator_ficticio_022,TikTok,2026-07-10T05:06:00-03:00,video,False,,,2711,201,21,26,api_da_plataforma_ficticia,2026-09-01T08:00:00-03:00
P002066,CR0130,creator_ficticio_130,YouTube,2026-07-18T05:04:00-03:00,video,True,CRM-00031,1200.0,723,21,2,2,api_da_plataforma_ficticia,2026-09-01T08:00:00-03:00
P002067,CR0055,creator_ficticio_055,YouTube,2026-08-23T15:29:00-03:00,video,False,,,2038,93,5,5,api_da_plataforma_ficticia,2026-09-01T08:00:00-03:00
P002068,CR0053,creator_ficticio_053,YouTube,2026-08-13T04:05:00-03:00,imagem,False,,,8397,447,53,54,api_da_plataforma_ficticia,2026-09-01T08:00:00-03:00
P002069,CR0056,creator_ficticio_056,Instagram,2026-07-19T12:00:00-03:00,carrossel,False,,,2489,53,7,8,api_da_plataforma_ficticia,2026-09-01T08:00:00-03:00
P002070,CR0121,creator_ficticio_121,Instagram,2026-07-08T07:23:00-03:00,video,True,CRM-00059,15000.0,13213,373,46,46,api_da_plataforma_ficticia,2026-09-01T08:00:00-03:00
P002071,CR0105,creator_ficticio_105,Instagram,2026-08-12T15:07:00-03:00,video,False,,,21886,391,42,46,api_da_plataforma_ficticia,2026-09-01T08:00:00-03:00
P002072,CR0026,creator_ficticio_026,Instagram,2026-08-02T00:15:00-03:00,video,True,CRM-00012,500.0,5527,55,7,4,api_da_plataforma_ficticia,2026-09-01T08:00:00-03:00
P002073,CR0012,creator_ficticio_012,TikTok,2026-06-29T12:43:00-03:00,video,False,,,2025,209,38,30,api_da_plataforma_ficticia,2026-09-01T08:00:00-03:00
P002074,CR0093,creator_ficticio_093,Instagram,2026-07-15T13:48:00-03:00,video,True,CRM-00057,15000.0,316,11,1,0,api_da_plataforma_ficticia,2026-09-01T08:00:00-03:00
P002075,CR0020,creator_ficticio_020,TikTok,2026-06-03T22:45:00-03:00,imagem,False,,,631,29,4,11,api_da_plataforma_ficticia,2026-09-01T08:00:00-03:00
P002076,CR0024,creator_ficticio_024,Instagram,2026-06-16T02:41:00-03:00,video,False,,,754,17,5,4,api_da_plataforma_ficticia,2026-09-01T08:00:00-03:00
P002077,CR0119,creator_ficticio_119,YouTube,2026-08-25T11:36:00-03:00,video,True,CRM-00035,500.0,5110,149,15,23,api_da_plataforma_ficticia,2026-09-01T08:00:00-03:00
P002078,CR0108,creator_ficticio_108,YouTube,2026-07-12T20:45:00-03:00,imagem,False,,,855,33,2,5,api_da_plataforma_ficticia,2026-09-01T08:00:00-03:00
P002079,CR0057,creator_ficticio_057,YouTube,2026-07-12T04:36:00-03:00,imagem,False,,,45667,3850,498,483,api_da_plataforma_ficticia,2026-09-01T08:00:00-03:00
P002080,CR0109,creator_ficticio_109,TikTok,2026-06-03T16:38:00-03:00,video,True,CRM-00009,15000.0,3012,498,64,59,api_da_plataforma_ficticia,2026-09-01T08:00:00-03:00
P002081,CR0044,creator_ficticio_044,YouTube,2026-07-14T20:04:00-03:00,video,True,CRM-00047,15000.0,7268,283,29,23,api_da_plataforma_ficticia,2026-09-01T08:00:00-03:00
P002082,CR0070,creator_ficticio_070,Instagram,2026-06-27T07:33:00-03:00,video,True,CRM-00006,15000.0,817,96,13,8,api_da_plataforma_ficticia,2026-09-01T08:00:00-03:00
P002083,CR0015,creator_ficticio_015,TikTok,2026-06-01T11:27:00-03:00,imagem,False,,,352,12,0,1,api_da_plataforma_ficticia,2026-09-01T08:00:00-03:00
P002084,CR0123,creator_ficticio_123,TikTok,2026-08-16T11:17:00-03:00,imagem,False,,,4375,185,26,25,api_da_plataforma_ficticia,2026-09-01T08:00:00-03:00
P002085,CR0012,creator_ficticio_012,YouTube,2026-07-06T15:47:00-03:00,carrossel,False,,,17000,652,74,79,api_da_plataforma_ficticia,2026-09-01T08:00:00-03:00
P002086,CR0141,creator_ficticio_141,Instagram,2026-06-17T01:55:00-03:00,video,False,,,249,11,3,0,api_da_plataforma_ficticia,2026-09-01T08:00:00-03:00
P002087,CR0062,creator_ficticio_062,Instagram,2026-08-06T19:19:00-03:00,video,False,,,3018,91,14,9,api_da_plataforma_ficticia,2026-09-01T08:00:00-03:00
P002088,CR0044,creator_ficticio_044,TikTok,2026-07-27T18:51:00-03:00,video,True,CRM-00007,15000.0,5905,59,2,7,api_da_plataforma_ficticia,2026-09-01T08:00:00-03:00
P002089,CR0068,creator_ficticio_068,YouTube,2026-07-21T12:57:00-03:00,video,False,,,652,18,3,5,api_da_plataforma_ficticia,2026-09-01T08:00:00-03:00
P002090,CR0093,creator_ficticio_093,Instagram,2026-07-07T05:18:00-03:00,video,True,CRM-00034,15000.0,487,24,1,6,api_da_plataforma_ficticia,2026-09-01T08:00:00-03:00
P002091,CR0145,creator_ficticio_145,TikTok,2026-08-18T21:08:00-03:00,imagem,True,CRM-00016,15000.0,30006,1626,199,204,api_da_plataforma_ficticia,2026-09-01T08:00:00-03:00
P002092,CR0142,creator_ficticio_142,YouTube,2026-08-12T05:30:00-03:00,video,False,,,7288,1009,144,129,api_da_plataforma_ficticia,2026-09-01T08:00:00-03:00
P002093,CR0099,creator_ficticio_099,TikTok,2026-06-10T18:09:00-03:00,carrossel,False,,,211,18,1,3,api_da_plataforma_ficticia,2026-09-01T08:00:00-03:00
P002094,CR0146,creator_ficticio_146,YouTube,2026-08-24T01:25:00-03:00,video,False,,,35923,4045,509,488,api_da_plataforma_ficticia,2026-09-01T08:00:00-03:00
P002095,CR0033,creator_ficticio_033,YouTube,2026-08-20T07:38:00-03:00,video,True,CRM-00020,1200.0,3318,360,38,51,api_da_plataforma_ficticia,2026-09-01T08:00:00-03:00
P002096,CR0003,creator_ficticio_003,YouTube,2026-07-25T18:04:00-03:00,video,False,,,40434,1137,148,154,api_da_plataforma_ficticia,2026-09-01T08:00:00-03:00
P002097,CR0102,creator_ficticio_102,Instagram,2026-06-02T05:41:00-03:00,video,True,CRM-00049,500.0,9692,725,85,89,api_da_plataforma_ficticia,2026-09-01T08:00:00-03:00
P002098,CR0141,creator_ficticio_141,TikTok,2026-07-22T02:23:00-03:00,video,False,,,841,7,1,1,api_da_plataforma_ficticia,2026-09-01T08:00:00-03:00
P002099,CR0001,creator_ficticio_001,YouTube,2026-08-03T07:29:00-03:00,carrossel,True,CRM-00045,1200.0,29095,1156,124,142,api_da_plataforma_ficticia,2026-09-01T08:00:00-03:00
P002100,CR0132,creator_ficticio_132,YouTube,2026-08-09T00:35:00-03:00,video,False,,,17410,950,86,106,api_da_plataforma_ficticia,2026-09-01T08:00:00-03:00
P002101,CR0111,creator_ficticio_111,YouTube,2026-08-03T07:43:00-03:00,imagem,True,CRM-00057,1200.0,190,5,2,1,api_da_plataforma_ficticia,2026-09-01T08:00:00-03:00
P002102,CR0112,creator_ficticio_112,TikTok,2026-07-14T03:50:00-03:00,carrossel,False,,,766,35,1,8,api_da_plataforma_ficticia,2026-09-01T08:00:00-03:00
P002103,CR0046,creator_ficticio_046,TikTok,2026-06-07T21:28:00-03:00,video,False,,,110951,2150,234,259,api_da_plataforma_ficticia,2026-09-01T08:00:00-03:00
P002104,CR0123,creator_ficticio_123,Instagram,2026-06-05T02:39:00-03:00,video,True,CRM-00047,500.0,19429,1867,244,250,api_da_plataforma_ficticia,2026-09-01T08:00:00-03:00
P002105,CR0101,creator_ficticio_101,TikTok,2026-07-10T05:54:00-03:00,video,True,CRM-00043,3000.0,1230,122,11,20,api_da_plataforma_ficticia,2026-09-01T08:00:00-03:00
P002106,CR0123,creator_ficticio_123,TikTok,2026-08-29T05:02:00-03:00,imagem,False,,,17204,611,80,91,api_da_plataforma_ficticia,2026-09-01T08:00:00-03:00
P002107,CR0143,creator_ficticio_143,TikTok,2026-08-18T12:51:00-03:00,video,False,,,1020,73,8,7,api_da_plataforma_ficticia,2026-09-01T08:00:00-03:00
P002108,CR0078,creator_ficticio_078,TikTok,2026-06-04T19:38:00-03:00,carrossel,False,,,66023,1533,201,186,api_da_plataforma_ficticia,2026-09-01T08:00:00-03:00
P002109,CR0148,creator_ficticio_148,YouTube,2026-06-26T12:27:00-03:00,imagem,True,CRM-00042,1200.0,7338,467,60,57,api_da_plataforma_ficticia,2026-09-01T08:00:00-03:00
P002110,CR0050,creator_ficticio_050,TikTok,2026-07-21T02:50:00-03:00,imagem,False,,,167030,6385,826,853,api_da_plataforma_ficticia,2026-09-01T08:00:00-03:00
P002111,CR0083,creator_ficticio_083,YouTube,2026-06-02T17:45:00-03:00,imagem,False,,,3584,219,22,22,api_da_plataforma_ficticia,2026-09-01T08:00:00-03:00
P002112,CR0137,creator_ficticio_137,YouTube,2026-06-28T00:53:00-03:00,video,False,,,193568,14042,1714,1807,api_da_plataforma_ficticia,2026-09-01T08:00:00-03:00
P002113,CR0010,creator_ficticio_010,YouTube,2026-07-05T23:20:00-03:00,imagem,False,,,21616,915,114,117,api_da_plataforma_ficticia,2026-09-01T08:00:00-03:00
P002114,CR0038,creator_ficticio_038,YouTube,2026-07-14T07:46:00-03:00,imagem,True,CRM-00021,15000.0,8675,538,56,74,api_da_plataforma_ficticia,2026-09-01T08:00:00-03:00
P002115,CR0009,creator_ficticio_009,YouTube,2026-06-27T19:19:00-03:00,video,False,,,18053,1464,182,177,api_da_plataforma_ficticia,2026-09-01T08:00:00-03:00
P002116,CR0105,creator_ficticio_105,Instagram,2026-08-03T22:33:00-03:00,video,False,,,12253,195,20,19,api_da_plataforma_ficticia,2026-09-01T08:00:00-03:00
P002117,CR0040,creator_ficticio_040,YouTube,2026-07-06T00:15:00-03:00,video,False,,,24272,1247,164,177,api_da_plataforma_ficticia,2026-09-01T08:00:00-03:00
P002118,CR0024,creator_ficticio_024,Instagram,2026-07-02T19:33:00-03:00,imagem,False,,,4583,393,46,56,api_da_plataforma_ficticia,2026-09-01T08:00:00-03:00
P002119,CR0014,creator_ficticio_014,TikTok,2026-06-10T03:46:00-03:00,imagem,False,,,10377,655,95,83,api_da_plataforma_ficticia,2026-09-01T08:00:00-03:00
P002120,CR0110,creator_ficticio_110,Instagram,2026-07-26T19:42:00-03:00,carrossel,False,,,817,48,4,5,api_da_plataforma_ficticia,2026-09-01T08:00:00-03:00
P002121,CR0043,creator_ficticio_043,TikTok,2026-06-27T21:42:00-03:00,imagem,True,CRM-00033,15000.0,30238,1511,217,180,api_da_plataforma_ficticia,2026-09-01T08:00:00-03:00
P002122,CR0141,creator_ficticio_141,TikTok,2026-08-05T12:04:00-03:00,carrossel,False,,,20,0,0,0,api_da_plataforma_ficticia,2026-09-01T08:00:00-03:00
P002123,CR0132,creator_ficticio_132,Instagram,2026-06-23T19:34:00-03:00,imagem,False,,,169468,13143,1627,1668,api_da_plataforma_ficticia,2026-09-01T08:00:00-03:00
P002124,CR0050,creator_ficticio_050,Instagram,2026-08-06T16:38:00-03:00,imagem,True,CRM-00029,3000.0,41426,911,104,131,api_da_plataforma_ficticia,2026-09-01T08:00:00-03:00
P002125,CR0046,creator_ficticio_046,Instagram,2026-07-06T06:04:00-03:00,video,False,,,40570,1706,198,194,api_da_plataforma_ficticia,2026-09-01T08:00:00-03:00
P002126,CR0132,creator_ficticio_132,Instagram,2026-07-25T13:43:00-03:00,imagem,True,CRM-00038,1200.0,11276,188,24,15,api_da_plataforma_ficticia,2026-09-01T08:00:00-03:00
P002127,CR0049,creator_ficticio_049,TikTok,2026-06-16T15:22:00-03:00,video,False,,,196704,13380,1616,1677,api_da_plataforma_ficticia,2026-09-01T08:00:00-03:00
P002128,CR0087,creator_ficticio_087,Instagram,2026-08-09T15:06:00-03:00,video,True,CRM-00048,3000.0,3971,42,6,2,api_da_plataforma_ficticia,2026-09-01T08:00:00-03:00
P002129,CR0124,creator_ficticio_124,YouTube,2026-08-10T09:04:00-03:00,video,False,,,15053,1713,206,202,api_da_plataforma_ficticia,2026-09-01T08:00:00-03:00
P002130,CR0128,creator_ficticio_128,TikTok,2026-08-03T05:54:00-03:00,video,False,,,1179,110,15,13,api_da_plataforma_ficticia,2026-09-01T08:00:00-03:00
P002131,CR0114,creator_ficticio_114,TikTok,2026-08-09T13:09:00-03:00,video,False,,,735,81,11,10,api_da_plataforma_ficticia,2026-09-01T08:00:00-03:00
P002132,CR0091,creator_ficticio_091,TikTok,2026-07-23T22:18:00-03:00,imagem,False,,,790,88,10,13,api_da_plataforma_ficticia,2026-09-01T08:00:00-03:00
P002133,CR0048,creator_ficticio_048,TikTok,2026-08-01T22:20:00-03:00,video,False,,,189982,7588,914,942,api_da_plataforma_ficticia,2026-09-01T08:00:00-03:00
P002134,CR0036,creator_ficticio_036,Instagram,2026-06-28T11:37:00-03:00,video,True,CRM-00037,1200.0,36,3,0,0,api_da_plataforma_ficticia,2026-09-01T08:00:00-03:00
P002135,CR0075,creator_ficticio_075,YouTube,2026-07-14T14:37:00-03:00,video,True,CRM-00042,500.0,4392,309,55,48,api_da_plataforma_ficticia,2026-09-01T08:00:00-03:00
P002136,CR0148,creator_ficticio_148,YouTube,2026-08-25T06:08:00-03:00,imagem,False,,,7466,504,63,73,api_da_plataforma_ficticia,2026-09-01T08:00:00-03:00
P002137,CR0084,creator_ficticio_084,YouTube,2026-08-10T15:41:00-03:00,video,True,CRM-00026,500.0,42784,1511,205,206,api_da_plataforma_ficticia,2026-09-01T08:00:00-03:00
P002138,CR0059,creator_ficticio_059,TikTok,2026-07-13T01:43:00-03:00,carrossel,False,,,13795,1111,134,156,api_da_plataforma_ficticia,2026-09-01T08:00:00-03:00
P002139,CR0108,creator_ficticio_108,Instagram,2026-08-28T09:54:00-03:00,video,True,CRM-00038,500.0,5432,246,38,34,api_da_plataforma_ficticia,2026-09-01T08:00:00-03:00
P002140,CR0022,creator_ficticio_022,YouTube,2026-07-04T09:03:00-03:00,video,False,,,1677,40,5,2,api_da_plataforma_ficticia,2026-09-01T08:00:00-03:00
P002141,CR0020,creator_ficticio_020,Instagram,2026-07-10T08:12:00-03:00,video,False,,,150,11,2,1,api_da_plataforma_ficticia,2026-09-01T08:00:00-03:00
P002142,CR0055,creator_ficticio_055,Instagram,2026-08-25T06:09:00-03:00,imagem,False,,,33468,696,111,84,api_da_plataforma_ficticia,2026-09-01T08:00:00-03:00
P002143,CR0113,creator_ficticio_113,YouTube,2026-07-19T11:46:00-03:00,video,False,,,23340,1775,217,252,api_da_plataforma_ficticia,2026-09-01T08:00:00-03:00
P002144,CR0126,creator_ficticio_126,TikTok,2026-06-11T02:57:00-03:00,video,False,,,15126,2116,268,291,api_da_plataforma_ficticia,2026-09-01T08:00:00-03:00
P002145,CR0014,creator_ficticio_014,YouTube,2026-08-10T12:11:00-03:00,video,True,CRM-00015,1200.0,261,16,0,2,api_da_plataforma_ficticia,2026-09-01T08:00:00-03:00
P002146,CR0021,creator_ficticio_021,TikTok,2026-07-23T22:48:00-03:00,carrossel,False,,,20818,362,47,35,api_da_plataforma_ficticia,2026-09-01T08:00:00-03:00
P002147,CR0088,creator_ficticio_088,YouTube,2026-07-21T11:03:00-03:00,video,False,,,11462,517,59,75,api_da_plataforma_ficticia,2026-09-01T08:00:00-03:00
P002148,CR0110,creator_ficticio_110,Instagram,2026-08-10T23:01:00-03:00,imagem,False,,,463,38,5,5,api_da_plataforma_ficticia,2026-09-01T08:00:00-03:00
P002149,CR0141,creator_ficticio_141,Instagram,2026-07-06T05:23:00-03:00,video,False,,,427,40,2,1,api_da_plataforma_ficticia,2026-09-01T08:00:00-03:00
P002150,CR0062,creator_ficticio_062,Instagram,2026-06-18T01:01:00-03:00,video,True,CRM-00031,1200.0,13,0,1,0,api_da_plataforma_ficticia,2026-09-01T08:00:00-03:00
P002151,CR0025,creator_ficticio_025,Instagram,2026-06-09T16:58:00-03:00,imagem,False,,,436249,23213,2983,2941,api_da_plataforma_ficticia,2026-09-01T08:00:00-03:00
P002152,CR0037,creator_ficticio_037,TikTok,2026-07-21T20:31:00-03:00,video,False,,,8059,122,19,12,api_da_plataforma_ficticia,2026-09-01T08:00:00-03:00
P002153,CR0116,creator_ficticio_116,Instagram,2026-07-08T00:10:00-03:00,video,True,CRM-00039,15000.0,479,37,3,9,api_da_plataforma_ficticia,2026-09-01T08:00:00-03:00
P002154,CR0098,creator_ficticio_098,Instagram,2026-06-06T14:52:00-03:00,video,False,,,981,27,2,0,api_da_plataforma_ficticia,2026-09-01T08:00:00-03:00
P002155,CR0058,creator_ficticio_058,TikTok,2026-08-08T13:49:00-03:00,video,False,,,12340,550,67,72,api_da_plataforma_ficticia,2026-09-01T08:00:00-03:00
P002156,CR0083,creator_ficticio_083,Instagram,2026-06-11T01:32:00-03:00,imagem,True,CRM-00021,3000.0,11638,139,23,13,api_da_plataforma_ficticia,2026-09-01T08:00:00-03:00
P002157,CR0034,creator_ficticio_034,Instagram,2026-07-30T11:39:00-03:00,imagem,False,,,112,6,1,3,api_da_plataforma_ficticia,2026-09-01T08:00:00-03:00
P002158,CR0084,creator_ficticio_084,TikTok,2026-06-25T06:12:00-03:00,video,True,CRM-00036,500.0,2878,48,8,4,api_da_plataforma_ficticia,2026-09-01T08:00:00-03:00
P002159,CR0077,creator_ficticio_077,TikTok,2026-07-08T16:28:00-03:00,imagem,True,CRM-00018,500.0,211,3,0,0,api_da_plataforma_ficticia,2026-09-01T08:00:00-03:00
P002160,CR0024,creator_ficticio_024,YouTube,2026-07-31T02:07:00-03:00,video,False,,,1596,141,20,11,api_da_plataforma_ficticia,2026-09-01T08:00:00-03:00
P002161,CR0028,creator_ficticio_028,Instagram,2026-06-10T04:18:00-03:00,carrossel,True,CRM-00047,3000.0,270,22,3,2,api_da_plataforma_ficticia,2026-09-01T08:00:00-03:00
P002162,CR0120,creator_ficticio_120,Instagram,2026-06-17T17:14:00-03:00,imagem,False,,,45955,1478,188,190,api_da_plataforma_ficticia,2026-09-01T08:00:00-03:00
P002163,CR0066,creator_ficticio_066,TikTok,2026-06-21T12:57:00-03:00,imagem,False,,,1717,15,0,1,api_da_plataforma_ficticia,2026-09-01T08:00:00-03:00
P002164,CR0020,creator_ficticio_020,YouTube,2026-06-28T06:59:00-03:00,carrossel,False,,,303,22,2,6,api_da_plataforma_ficticia,2026-09-01T08:00:00-03:00
P002165,CR0087,creator_ficticio_087,Instagram,2026-06-24T22:59:00-03:00,imagem,False,,,4219,152,23,18,api_da_plataforma_ficticia,2026-09-01T08:00:00-03:00
P002166,CR0074,creator_ficticio_074,YouTube,2026-07-03T17:17:00-03:00,video,False,,,15384,1210,155,158,api_da_plataforma_ficticia,2026-09-01T08:00:00-03:00
P002167,CR0115,creator_ficticio_115,Instagram,2026-07-09T21:22:00-03:00,video,True,CRM-00037,15000.0,100872,1811,221,220,api_da_plataforma_ficticia,2026-09-01T08:00:00-03:00
P002168,CR0022,creator_ficticio_022,Instagram,2026-08-03T14:07:00-03:00,video,False,,,5,1,0,0,api_da_plataforma_ficticia,2026-09-01T08:00:00-03:00
P002169,CR0122,creator_ficticio_122,YouTube,2026-07-17T11:02:00-03:00,video,True,CRM-00035,500.0,773,40,7,4,api_da_plataforma_ficticia,2026-09-01T08:00:00-03:00
P002170,CR0136,creator_ficticio_136,Instagram,2026-08-19T02:27:00-03:00,video,True,CRM-00051,3000.0,355,7,2,1,api_da_plataforma_ficticia,2026-09-01T08:00:00-03:00
P002171,CR0133,creator_ficticio_133,TikTok,2026-08-25T15:35:00-03:00,imagem,False,,,1146,16,4,0,api_da_plataforma_ficticia,2026-09-01T08:00:00-03:00
P002172,CR0023,creator_ficticio_023,TikTok,2026-08-21T23:28:00-03:00,imagem,True,CRM-00016,3000.0,1335,78,15,7,api_da_plataforma_ficticia,2026-09-01T08:00:00-03:00
P002173,CR0072,creator_ficticio_072,YouTube,2026-07-18T22:38:00-03:00,video,False,,,24812,386,50,41,api_da_plataforma_ficticia,2026-09-01T08:00:00-03:00
P002174,CR0052,creator_ficticio_052,Instagram,2026-07-02T02:24:00-03:00,imagem,False,,,6088,53,6,10,api_da_plataforma_ficticia,2026-09-01T08:00:00-03:00
P002175,CR0137,creator_ficticio_137,TikTok,2026-06-06T15:02:00-03:00,video,True,CRM-00002,3000.0,80474,3811,529,460,api_da_plataforma_ficticia,2026-09-01T08:00:00-03:00
P002176,CR0134,creator_ficticio_134,YouTube,2026-07-09T04:43:00-03:00,carrossel,False,,,3052,68,5,8,api_da_plataforma_ficticia,2026-09-01T08:00:00-03:00
P002177,CR0134,creator_ficticio_134,YouTube,2026-08-12T17:29:00-03:00,carrossel,False,,,4275,175,25,22,api_da_plataforma_ficticia,2026-09-01T08:00:00-03:00
P002178,CR0129,creator_ficticio_129,TikTok,2026-08-20T21:32:00-03:00,video,False,,,132,4,0,0,api_da_plataforma_ficticia,2026-09-01T08:00:00-03:00
P002179,CR0073,creator_ficticio_073,TikTok,2026-07-10T00:12:00-03:00,video,False,,,1367,48,12,7,api_da_plataforma_ficticia,2026-09-01T08:00:00-03:00
P002180,CR0003,creator_ficticio_003,Instagram,2026-07-20T01:57:00-03:00,carrossel,False,,,22405,396,64,51,api_da_plataforma_ficticia,2026-09-01T08:00:00-03:00
P002181,CR0016,creator_ficticio_016,TikTok,2026-06-25T15:15:00-03:00,carrossel,True,CRM-00022,3000.0,1226,37,1,2,api_da_plataforma_ficticia,2026-09-01T08:00:00-03:00
P002182,CR0033,creator_ficticio_033,TikTok,2026-08-10T16:00:00-03:00,carrossel,False,,,6016,498,78,65,api_da_plataforma_ficticia,2026-09-01T08:00:00-03:00
P002183,CR0054,creator_ficticio_054,Instagram,2026-08-29T07:10:00-03:00,video,True,CRM-00037,3000.0,6522,531,57,68,api_da_plataforma_ficticia,2026-09-01T08:00:00-03:00
P002184,CR0077,creator_ficticio_077,YouTube,2026-07-27T11:59:00-03:00,video,False,,,2698,284,42,41,api_da_plataforma_ficticia,2026-09-01T08:00:00-03:00
P002185,CR0111,creator_ficticio_111,TikTok,2026-07-07T11:21:00-03:00,video,False,,,90,3,0,0,api_da_plataforma_ficticia,2026-09-01T08:00:00-03:00
P002186,CR0034,creator_ficticio_034,YouTube,2026-06-13T17:17:00-03:00,carrossel,True,CRM-00003,15000.0,886,70,12,12,api_da_plataforma_ficticia,2026-09-01T08:00:00-03:00
P002187,CR0084,creator_ficticio_084,Instagram,2026-07-02T00:53:00-03:00,imagem,False,,,13091,237,31,26,api_da_plataforma_ficticia,2026-09-01T08:00:00-03:00
P002188,CR0072,creator_ficticio_072,Instagram,2026-08-17T17:09:00-03:00,carrossel,False,,,13140,954,130,112,api_da_plataforma_ficticia,2026-09-01T08:00:00-03:00
P002189,CR0028,creator_ficticio_028,Instagram,2026-08-09T00:29:00-03:00,imagem,False,,,929,69,3,8,api_da_plataforma_ficticia,2026-09-01T08:00:00-03:00
P002190,CR0036,creator_ficticio_036,YouTube,2026-06-17T13:43:00-03:00,video,False,,,13831,131,16,16,api_da_plataforma_ficticia,2026-09-01T08:00:00-03:00
P002191,CR0129,creator_ficticio_129,YouTube,2026-06-11T03:40:00-03:00,video,False,,,1424,106,17,12,api_da_plataforma_ficticia,2026-09-01T08:00:00-03:00
P002192,CR0072,creator_ficticio_072,TikTok,2026-07-26T07:55:00-03:00,imagem,True,CRM-00013,15000.0,19976,1789,238,242,api_da_plataforma_ficticia,2026-09-01T08:00:00-03:00
P002193,CR0096,creator_ficticio_096,YouTube,2026-07-25T04:15:00-03:00,carrossel,True,CRM-00057,3000.0,637,18,2,0,api_da_plataforma_ficticia,2026-09-01T08:00:00-03:00
P002194,CR0052,creator_ficticio_052,Instagram,2026-08-28T15:19:00-03:00,imagem,False,,,1078,58,6,4,api_da_plataforma_ficticia,2026-09-01T08:00:00-03:00
P002195,CR0019,creator_ficticio_019,Instagram,2026-07-21T09:37:00-03:00,imagem,False,,,4688,326,53,42,api_da_plataforma_ficticia,2026-09-01T08:00:00-03:00
P002196,CR0041,creator_ficticio_041,YouTube,2026-08-05T04:47:00-03:00,carrossel,True,CRM-00054,500.0,8918,159,32,16,api_da_plataforma_ficticia,2026-09-01T08:00:00-03:00
P002197,CR0123,creator_ficticio_123,Instagram,2026-08-15T14:18:00-03:00,video,False,,,31922,971,124,124,api_da_plataforma_ficticia,2026-09-01T08:00:00-03:00
P002198,CR0131,creator_ficticio_131,TikTok,2026-07-12T01:55:00-03:00,video,False,,,2228,37,5,2,api_da_plataforma_ficticia,2026-09-01T08:00:00-03:00
P002199,CR0077,creator_ficticio_077,YouTube,2026-07-26T00:23:00-03:00,imagem,True,CRM-00005,500.0,1366,39,7,5,api_da_plataforma_ficticia,2026-09-01T08:00:00-03:00
P002200,CR0097,creator_ficticio_097,YouTube,2026-08-27T18:31:00-03:00,imagem,False,,,3387,260,38,34,api_da_plataforma_ficticia,2026-09-01T08:00:00-03:00
P002201,CR0053,creator_ficticio_053,Instagram,2026-06-18T06:25:00-03:00,imagem,False,,,29661,362,36,53,api_da_plataforma_ficticia,2026-09-01T08:00:00-03:00
P002202,CR0134,creator_ficticio_134,YouTube,2026-06-04T06:33:00-03:00,video,False,,,8300,520,69,61,api_da_plataforma_ficticia,2026-09-01T08:00:00-03:00
P002203,CR0078,creator_ficticio_078,TikTok,2026-07-03T01:07:00-03:00,video,False,,,12517,219,32,27,api_da_plataforma_ficticia,2026-09-01T08:00:00-03:00
P002204,CR0096,creator_ficticio_096,YouTube,2026-08-23T22:55:00-03:00,video,False,,,720,7,1,1,api_da_plataforma_ficticia,2026-09-01T08:00:00-03:00
P002205,CR0081,creator_ficticio_081,Instagram,2026-06-05T20:38:00-03:00,imagem,True,CRM-00029,3000.0,1555,185,33,14,api_da_plataforma_ficticia,2026-09-01T08:00:00-03:00
P002206,CR0082,creator_ficticio_082,YouTube,2026-06-01T09:57:00-03:00,video,False,,,11860,740,102,106,api_da_plataforma_ficticia,2026-09-01T08:00:00-03:00
P002207,CR0146,creator_ficticio_146,Instagram,2026-06-27T18:19:00-03:00,video,False,,,49774,1252,160,153,api_da_plataforma_ficticia,2026-09-01T08:00:00-03:00
P002208,CR0078,creator_ficticio_078,Instagram,2026-07-27T08:51:00-03:00,video,False,,,5778,230,24,36,api_da_plataforma_ficticia,2026-09-01T08:00:00-03:00
P002209,CR0102,creator_ficticio_102,Instagram,2026-07-25T14:24:00-03:00,imagem,False,,,2051,55,6,6,api_da_plataforma_ficticia,2026-09-01T08:00:00-03:00
P002210,CR0063,creator_ficticio_063,Instagram,2026-08-13T03:10:00-03:00,imagem,False,,,3344,227,22,31,api_da_plataforma_ficticia,2026-09-01T08:00:00-03:00
P002211,CR0041,creator_ficticio_041,Instagram,2026-06-29T11:47:00-03:00,video,False,,,1309,23,2,2,api_da_plataforma_ficticia,2026-09-01T08:00:00-03:00
P002212,CR0022,creator_ficticio_022,Instagram,2026-08-28T16:47:00-03:00,carrossel,True,CRM-00046,15000.0,5013,439,59,59,api_da_plataforma_ficticia,2026-09-01T08:00:00-03:00
P002213,CR0062,creator_ficticio_062,TikTok,2026-08-29T03:31:00-03:00,imagem,False,,,35,6,0,1,api_da_plataforma_ficticia,2026-09-01T08:00:00-03:00
P002214,CR0086,creator_ficticio_086,TikTok,2026-08-17T03:54:00-03:00,video,False,,,4126,171,22,26,api_da_plataforma_ficticia,2026-09-01T08:00:00-03:00
P002215,CR0016,creator_ficticio_016,YouTube,2026-08-01T02:41:00-03:00,imagem,True,CRM-00057,500.0,1697,46,4,6,api_da_plataforma_ficticia,2026-09-01T08:00:00-03:00
P002216,CR0142,creator_ficticio_142,TikTok,2026-07-06T16:16:00-03:00,video,True,CRM-00058,500.0,3996,35,3,3,api_da_plataforma_ficticia,2026-09-01T08:00:00-03:00
P002217,CR0053,creator_ficticio_053,Instagram,2026-06-18T17:03:00-03:00,video,True,CRM-00056,1200.0,16908,233,30,28,api_da_plataforma_ficticia,2026-09-01T08:00:00-03:00
P002218,CR0142,creator_ficticio_142,Instagram,2026-07-08T04:02:00-03:00,imagem,False,,,389,6,2,1,api_da_plataforma_ficticia,2026-09-01T08:00:00-03:00
P002219,CR0121,creator_ficticio_121,TikTok,2026-06-04T08:11:00-03:00,video,False,,,923,16,2,4,api_da_plataforma_ficticia,2026-09-01T08:00:00-03:00
P002220,CR0016,creator_ficticio_016,TikTok,2026-08-12T22:16:00-03:00,imagem,False,,,518,38,7,7,api_da_plataforma_ficticia,2026-09-01T08:00:00-03:00
P002221,CR0060,creator_ficticio_060,YouTube,2026-07-17T19:01:00-03:00,imagem,True,CRM-00021,3000.0,3082,85,17,7,api_da_plataforma_ficticia,2026-09-01T08:00:00-03:00
P002222,CR0020,creator_ficticio_020,Instagram,2026-06-30T13:06:00-03:00,carrossel,False,,,7861,295,36,46,api_da_plataforma_ficticia,2026-09-01T08:00:00-03:00
P002223,CR0121,creator_ficticio_121,YouTube,2026-07-05T23:12:00-03:00,video,True,CRM-00019,500.0,828,23,2,0,api_da_plataforma_ficticia,2026-09-01T08:00:00-03:00
P002224,CR0050,creator_ficticio_050,Instagram,2026-07-22T07:47:00-03:00,imagem,False,,,199373,12841,1623,1631,api_da_plataforma_ficticia,2026-09-01T08:00:00-03:00
P002225,CR0047,creator_ficticio_047,YouTube,2026-08-15T22:28:00-03:00,video,False,,,3273,120,23,19,api_da_plataforma_ficticia,2026-09-01T08:00:00-03:00
P002226,CR0117,creator_ficticio_117,YouTube,2026-07-03T07:55:00-03:00,imagem,False,,,14774,559,73,80,api_da_plataforma_ficticia,2026-09-01T08:00:00-03:00
P002227,CR0093,creator_ficticio_093,Instagram,2026-08-03T08:25:00-03:00,imagem,False,,,39,3,0,1,api_da_plataforma_ficticia,2026-09-01T08:00:00-03:00
P002228,CR0001,creator_ficticio_001,Instagram,2026-07-20T01:07:00-03:00,imagem,True,CRM-00010,15000.0,143,6,1,0,api_da_plataforma_ficticia,2026-09-01T08:00:00-03:00
P002229,CR0011,creator_ficticio_011,Instagram,2026-06-26T10:36:00-03:00,video,False,,,26612,1816,218,217,api_da_plataforma_ficticia,2026-09-01T08:00:00-03:00
P002230,CR0004,creator_ficticio_004,YouTube,2026-07-28T11:29:00-03:00,carrossel,False,,,14433,224,27,29,api_da_plataforma_ficticia,2026-09-01T08:00:00-03:00
P002231,CR0020,creator_ficticio_020,Instagram,2026-06-16T17:25:00-03:00,carrossel,False,,,1572,108,16,16,api_da_plataforma_ficticia,2026-09-01T08:00:00-03:00
P002232,CR0064,creator_ficticio_064,TikTok,2026-06-15T16:11:00-03:00,imagem,True,CRM-00045,500.0,749,48,8,9,api_da_plataforma_ficticia,2026-09-01T08:00:00-03:00
P002233,CR0061,creator_ficticio_061,TikTok,2026-06-19T03:24:00-03:00,carrossel,False,,,1139,124,15,16,api_da_plataforma_ficticia,2026-09-01T08:00:00-03:00
P002234,CR0053,creator_ficticio_053,YouTube,2026-08-17T09:11:00-03:00,imagem,False,,,19764,316,49,37,api_da_plataforma_ficticia,2026-09-01T08:00:00-03:00
P002235,CR0137,creator_ficticio_137,Instagram,2026-08-12T21:58:00-03:00,video,False,,,147818,25402,3208,3207,api_da_plataforma_ficticia,2026-09-01T08:00:00-03:00
P002236,CR0084,creator_ficticio_084,TikTok,2026-08-20T16:27:00-03:00,video,False,,,3676,168,10,18,api_da_plataforma_ficticia,2026-09-01T08:00:00-03:00
P002237,CR0106,creator_ficticio_106,Instagram,2026-06-28T06:20:00-03:00,imagem,False,,,344,38,7,5,api_da_plataforma_ficticia,2026-09-01T08:00:00-03:00
P002238,CR0026,creator_ficticio_026,Instagram,2026-08-08T05:25:00-03:00,carrossel,False,,,363,3,0,2,api_da_plataforma_ficticia,2026-09-01T08:00:00-03:00
P002239,CR0033,creator_ficticio_033,TikTok,2026-07-09T21:47:00-03:00,video,False,,,8873,591,71,58,api_da_plataforma_ficticia,2026-09-01T08:00:00-03:00
P002240,CR0037,creator_ficticio_037,Instagram,2026-08-23T07:04:00-03:00,carrossel,False,,,19272,389,55,54,api_da_plataforma_ficticia,2026-09-01T08:00:00-03:00
P002241,CR0044,creator_ficticio_044,YouTube,2026-06-16T22:12:00-03:00,carrossel,False,,,10716,537,80,72,api_da_plataforma_ficticia,2026-09-01T08:00:00-03:00
P002242,CR0108,creator_ficticio_108,Instagram,2026-06-11T13:38:00-03:00,carrossel,False,,,2006,49,11,5,api_da_plataforma_ficticia,2026-09-01T08:00:00-03:00
P002243,CR0006,creator_ficticio_006,Instagram,2026-06-19T05:23:00-03:00,video,False,,,1084,15,0,1,api_da_plataforma_ficticia,2026-09-01T08:00:00-03:00
P002244,CR0011,creator_ficticio_011,Instagram,2026-07-27T19:55:00-03:00,video,True,CRM-00023,15000.0,1541,33,8,3,api_da_plataforma_ficticia,2026-09-01T08:00:00-03:00
P002245,CR0096,creator_ficticio_096,YouTube,2026-06-13T01:42:00-03:00,video,False,,,11043,846,108,108,api_da_plataforma_ficticia,2026-09-01T08:00:00-03:00
P002246,CR0020,creator_ficticio_020,Instagram,2026-07-31T04:56:00-03:00,imagem,True,CRM-00035,15000.0,270,1,1,0,api_da_plataforma_ficticia,2026-09-01T08:00:00-03:00
P002247,CR0142,creator_ficticio_142,Instagram,2026-06-20T16:34:00-03:00,video,False,,,0,0,0,0,api_da_plataforma_ficticia,2026-09-01T08:00:00-03:00
P002248,CR0004,creator_ficticio_004,Instagram,2026-08-11T13:50:00-03:00,video,True,CRM-00059,15000.0,2856,159,18,23,api_da_plataforma_ficticia,2026-09-01T08:00:00-03:00
P002249,CR0096,creator_ficticio_096,YouTube,2026-08-17T18:15:00-03:00,carrossel,True,CRM-00052,500.0,7694,110,15,16,api_da_plataforma_ficticia,2026-09-01T08:00:00-03:00
P002250,CR0059,creator_ficticio_059,TikTok,2026-06-27T04:09:00-03:00,carrossel,True,CRM-00047,1200.0,712,50,3,2,api_da_plataforma_ficticia,2026-09-01T08:00:00-03:00
P002251,CR0113,creator_ficticio_113,YouTube,2026-07-10T11:37:00-03:00,imagem,False,,,2138,51,6,7,api_da_plataforma_ficticia,2026-09-01T08:00:00-03:00
P002252,CR0135,creator_ficticio_135,Instagram,2026-08-29T03:37:00-03:00,imagem,True,CRM-00051,500.0,46448,2893,388,340,api_da_plataforma_ficticia,2026-09-01T08:00:00-03:00
P002253,CR0056,creator_ficticio_056,TikTok,2026-06-11T15:56:00-03:00,video,False,,,8607,30,3,6,api_da_plataforma_ficticia,2026-09-01T08:00:00-03:00
P002254,CR0092,creator_ficticio_092,TikTok,2026-08-04T06:20:00-03:00,carrossel,False,,,702,34,1,4,api_da_plataforma_ficticia,2026-09-01T08:00:00-03:00
P002255,CR0117,creator_ficticio_117,TikTok,2026-08-06T13:48:00-03:00,video,True,CRM-00049,1200.0,172647,2453,308,262,api_da_plataforma_ficticia,2026-09-01T08:00:00-03:00
P002256,CR0070,creator_ficticio_070,Instagram,2026-06-27T14:27:00-03:00,video,False,,,1266,36,8,2,api_da_plataforma_ficticia,2026-09-01T08:00:00-03:00
P002257,CR0073,creator_ficticio_073,YouTube,2026-06-26T04:47:00-03:00,imagem,False,,,1076,16,4,3,api_da_plataforma_ficticia,2026-09-01T08:00:00-03:00
P002258,CR0056,creator_ficticio_056,Instagram,2026-08-05T04:33:00-03:00,imagem,False,,,4031,205,18,24,api_da_plataforma_ficticia,2026-09-01T08:00:00-03:00
P002259,CR0106,creator_ficticio_106,YouTube,2026-07-27T01:54:00-03:00,video,False,,,4660,271,36,35,api_da_plataforma_ficticia,2026-09-01T08:00:00-03:00
P002260,CR0145,creator_ficticio_145,Instagram,2026-07-14T22:25:00-03:00,video,True,CRM-00026,15000.0,2551,109,8,13,api_da_plataforma_ficticia,2026-09-01T08:00:00-03:00
P002261,CR0038,creator_ficticio_038,TikTok,2026-08-14T20:30:00-03:00,carrossel,False,,,25337,880,123,113,api_da_plataforma_ficticia,2026-09-01T08:00:00-03:00
P002262,CR0041,creator_ficticio_041,TikTok,2026-07-28T15:28:00-03:00,carrossel,False,,,7504,266,27,39,api_da_plataforma_ficticia,2026-09-01T08:00:00-03:00
P002263,CR0105,creator_ficticio_105,Instagram,2026-08-10T14:59:00-03:00,carrossel,False,,,12340,405,52,47,api_da_plataforma_ficticia,2026-09-01T08:00:00-03:00
P002264,CR0056,creator_ficticio_056,YouTube,2026-07-04T16:09:00-03:00,imagem,False,,,2042,75,14,7,api_da_plataforma_ficticia,2026-09-01T08:00:00-03:00
P002265,CR0035,creator_ficticio_035,TikTok,2026-06-22T00:23:00-03:00,imagem,True,CRM-00055,500.0,1852,56,7,6,api_da_plataforma_ficticia,2026-09-01T08:00:00-03:00
P002266,CR0009,creator_ficticio_009,TikTok,2026-08-11T02:12:00-03:00,carrossel,False,,,3142,84,13,17,api_da_plataforma_ficticia,2026-09-01T08:00:00-03:00
P002267,CR0050,creator_ficticio_050,Instagram,2026-06-15T01:16:00-03:00,video,False,,,6755,873,92,117,api_da_plataforma_ficticia,2026-09-01T08:00:00-03:00
P002268,CR0075,creator_ficticio_075,YouTube,2026-08-19T07:17:00-03:00,video,True,CRM-00004,500.0,6156,222,23,22,api_da_plataforma_ficticia,2026-09-01T08:00:00-03:00
P002269,CR0042,creator_ficticio_042,Instagram,2026-08-14T16:07:00-03:00,imagem,False,,,1137,55,7,6,api_da_plataforma_ficticia,2026-09-01T08:00:00-03:00
P002270,CR0107,creator_ficticio_107,TikTok,2026-07-10T21:23:00-03:00,carrossel,False,,,3368,559,75,77,api_da_plataforma_ficticia,2026-09-01T08:00:00-03:00
P002271,CR0065,creator_ficticio_065,YouTube,2026-08-29T05:45:00-03:00,carrossel,False,,,5136,42,2,6,api_da_plataforma_ficticia,2026-09-01T08:00:00-03:00
P002272,CR0049,creator_ficticio_049,Instagram,2026-06-17T05:21:00-03:00,imagem,True,CRM-00005,3000.0,993879,161725,20245,20483,api_da_plataforma_ficticia,2026-09-01T08:00:00-03:00
P002273,CR0032,creator_ficticio_032,YouTube,2026-08-05T16:43:00-03:00,video,True,CRM-00006,1200.0,2892,27,2,6,api_da_plataforma_ficticia,2026-09-01T08:00:00-03:00
P002274,CR0060,creator_ficticio_060,TikTok,2026-08-01T00:22:00-03:00,video,False,,,1051,8,1,1,api_da_plataforma_ficticia,2026-09-01T08:00:00-03:00
P002275,CR0090,creator_ficticio_090,Instagram,2026-07-24T08:39:00-03:00,video,False,,,5025,143,20,21,api_da_plataforma_ficticia,2026-09-01T08:00:00-03:00
P002276,CR0089,creator_ficticio_089,YouTube,2026-06-21T12:07:00-03:00,carrossel,False,,,1036,19,3,7,api_da_plataforma_ficticia,2026-09-01T08:00:00-03:00
P002277,CR0096,creator_ficticio_096,TikTok,2026-07-08T22:23:00-03:00,imagem,False,,,1114,98,10,7,api_da_plataforma_ficticia,2026-09-01T08:00:00-03:00
P002278,CR0056,creator_ficticio_056,Instagram,2026-08-25T23:59:00-03:00,video,False,,,4928,651,74,80,api_da_plataforma_ficticia,2026-09-01T08:00:00-03:00
P002279,CR0034,creator_ficticio_034,YouTube,2026-06-19T16:40:00-03:00,imagem,False,,,2075,194,22,30,api_da_plataforma_ficticia,2026-09-01T08:00:00-03:00
P002280,CR0148,creator_ficticio_148,Instagram,2026-07-06T19:25:00-03:00,video,False,,,5752,70,8,15,api_da_plataforma_ficticia,2026-09-01T08:00:00-03:00
P002281,CR0115,creator_ficticio_115,Instagram,2026-07-04T10:59:00-03:00,imagem,False,,,742,26,4,6,api_da_plataforma_ficticia,2026-09-01T08:00:00-03:00
P002282,CR0134,creator_ficticio_134,TikTok,2026-07-04T13:56:00-03:00,carrossel,False,,,25709,296,41,33,api_da_plataforma_ficticia,2026-09-01T08:00:00-03:00
P002283,CR0099,creator_ficticio_099,TikTok,2026-07-19T16:47:00-03:00,video,True,CRM-00023,1200.0,4278,255,30,39,api_da_plataforma_ficticia,2026-09-01T08:00:00-03:00
P002284,CR0121,creator_ficticio_121,YouTube,2026-07-10T15:17:00-03:00,video,False,,,114038,2334,272,259,api_da_plataforma_ficticia,2026-09-01T08:00:00-03:00
P002285,CR0143,creator_ficticio_143,YouTube,2026-06-27T17:22:00-03:00,video,False,,,15228,582,71,74,api_da_plataforma_ficticia,2026-09-01T08:00:00-03:00
P002286,CR0046,creator_ficticio_046,TikTok,2026-06-23T23:02:00-03:00,carrossel,False,,,176456,5799,756,749,api_da_plataforma_ficticia,2026-09-01T08:00:00-03:00
P002287,CR0129,creator_ficticio_129,TikTok,2026-06-17T10:14:00-03:00,carrossel,True,CRM-00044,1200.0,785,16,4,5,api_da_plataforma_ficticia,2026-09-01T08:00:00-03:00
P002288,CR0086,creator_ficticio_086,Instagram,2026-08-09T03:18:00-03:00,video,True,CRM-00047,500.0,2696,121,12,21,api_da_plataforma_ficticia,2026-09-01T08:00:00-03:00
P002289,CR0141,creator_ficticio_141,TikTok,2026-06-07T08:46:00-03:00,video,True,CRM-00032,1200.0,329,24,6,4,api_da_plataforma_ficticia,2026-09-01T08:00:00-03:00
P002290,CR0141,creator_ficticio_141,Instagram,2026-07-21T15:42:00-03:00,imagem,True,CRM-00008,15000.0,894,94,18,15,api_da_plataforma_ficticia,2026-09-01T08:00:00-03:00
P002291,CR0138,creator_ficticio_138,YouTube,2026-06-14T03:20:00-03:00,video,False,,,1660,25,5,2,api_da_plataforma_ficticia,2026-09-01T08:00:00-03:00
P002292,CR0138,creator_ficticio_138,TikTok,2026-06-07T15:41:00-03:00,imagem,False,,,744,12,3,1,api_da_plataforma_ficticia,2026-09-01T08:00:00-03:00
P002293,CR0135,creator_ficticio_135,YouTube,2026-07-07T12:11:00-03:00,carrossel,False,,,35778,3858,517,496,api_da_plataforma_ficticia,2026-09-01T08:00:00-03:00
P002294,CR0100,creator_ficticio_100,TikTok,2026-06-07T20:52:00-03:00,video,False,,,6942,453,60,45,api_da_plataforma_ficticia,2026-09-01T08:00:00-03:00
P002295,CR0147,creator_ficticio_147,YouTube,2026-07-09T15:42:00-03:00,video,False,,,717,36,8,5,api_da_plataforma_ficticia,2026-09-01T08:00:00-03:00
P002296,CR0137,creator_ficticio_137,YouTube,2026-07-30T14:05:00-03:00,video,False,,,71873,3316,411,392,api_da_plataforma_ficticia,2026-09-01T08:00:00-03:00
P002297,CR0143,creator_ficticio_143,YouTube,2026-08-27T09:56:00-03:00,video,False,,,2617,127,13,19,api_da_plataforma_ficticia,2026-09-01T08:00:00-03:00
P002298,CR0077,creator_ficticio_077,Instagram,2026-07-15T10:27:00-03:00,imagem,False,,,1779,134,11,18,api_da_plataforma_ficticia,2026-09-01T08:00:00-03:00
P002299,CR0053,creator_ficticio_053,YouTube,2026-07-30T20:05:00-03:00,video,False,,,1273,69,7,13,api_da_plataforma_ficticia,2026-09-01T08:00:00-03:00
P002300,CR0025,creator_ficticio_025,Instagram,2026-07-29T06:31:00-03:00,carrossel,False,,,630,29,6,7,api_da_plataforma_ficticia,2026-09-01T08:00:00-03:00
P002301,CR0019,creator_ficticio_019,TikTok,2026-07-20T15:21:00-03:00,video,False,,,72,5,0,0,api_da_plataforma_ficticia,2026-09-01T08:00:00-03:00
P002302,CR0100,creator_ficticio_100,YouTube,2026-08-11T04:02:00-03:00,carrossel,False,,,382,27,2,4,api_da_plataforma_ficticia,2026-09-01T08:00:00-03:00
P002303,CR0139,creator_ficticio_139,Instagram,2026-06-16T16:16:00-03:00,video,False,,,310,15,1,2,api_da_plataforma_ficticia,2026-09-01T08:00:00-03:00
P002304,CR0098,creator_ficticio_098,YouTube,2026-07-28T23:08:00-03:00,video,False,,,67,9,2,0,api_da_plataforma_ficticia,2026-09-01T08:00:00-03:00
P002305,CR0046,creator_ficticio_046,Instagram,2026-08-27T09:09:00-03:00,imagem,True,CRM-00058,1200.0,61015,2738,318,355,api_da_plataforma_ficticia,2026-09-01T08:00:00-03:00
P002306,CR0028,creator_ficticio_028,YouTube,2026-08-25T05:23:00-03:00,video,True,CRM-00046,1200.0,2993,158,26,19,api_da_plataforma_ficticia,2026-09-01T08:00:00-03:00
P002307,CR0129,creator_ficticio_129,YouTube,2026-08-19T20:02:00-03:00,video,False,,,2,0,0,0,api_da_plataforma_ficticia,2026-09-01T08:00:00-03:00
P002308,CR0006,creator_ficticio_006,TikTok,2026-08-07T05:44:00-03:00,imagem,False,,,489,5,0,1,api_da_plataforma_ficticia,2026-09-01T08:00:00-03:00
P002309,CR0149,creator_ficticio_149,YouTube,2026-07-02T12:05:00-03:00,carrossel,True,CRM-00018,15000.0,625,23,4,2,api_da_plataforma_ficticia,2026-09-01T08:00:00-03:00
P002310,CR0026,creator_ficticio_026,YouTube,2026-07-17T10:53:00-03:00,video,False,,,69895,924,114,107,api_da_plataforma_ficticia,2026-09-01T08:00:00-03:00
P002311,CR0093,creator_ficticio_093,YouTube,2026-07-18T19:43:00-03:00,imagem,False,,,1711,137,19,14,api_da_plataforma_ficticia,2026-09-01T08:00:00-03:00
P002312,CR0126,creator_ficticio_126,TikTok,2026-07-28T02:19:00-03:00,video,True,CRM-00020,15000.0,578,26,5,6,api_da_plataforma_ficticia,2026-09-01T08:00:00-03:00
P002313,CR0042,creator_ficticio_042,YouTube,2026-08-29T19:09:00-03:00,video,True,CRM-00016,3000.0,120,10,1,1,api_da_plataforma_ficticia,2026-09-01T08:00:00-03:00
P002314,CR0010,creator_ficticio_010,TikTok,2026-07-15T23:02:00-03:00,carrossel,True,CRM-00015,3000.0,7763,250,38,34,api_da_plataforma_ficticia,2026-09-01T08:00:00-03:00
P002315,CR0099,creator_ficticio_099,TikTok,2026-06-05T19:29:00-03:00,video,False,,,239,9,0,0,api_da_plataforma_ficticia,2026-09-01T08:00:00-03:00
P002316,CR0134,creator_ficticio_134,YouTube,2026-07-13T09:17:00-03:00,carrossel,False,,,5164,483,68,66,api_da_plataforma_ficticia,2026-09-01T08:00:00-03:00
P002317,CR0126,creator_ficticio_126,Instagram,2026-07-14T02:25:00-03:00,carrossel,True,CRM-00057,500.0,25638,1622,212,193,api_da_plataforma_ficticia,2026-09-01T08:00:00-03:00
P002318,CR0063,creator_ficticio_063,YouTube,2026-06-13T07:46:00-03:00,carrossel,False,,,1461,59,5,5,api_da_plataforma_ficticia,2026-09-01T08:00:00-03:00
P002319,CR0025,creator_ficticio_025,YouTube,2026-07-10T04:46:00-03:00,video,False,,,333621,24027,3000,3052,api_da_plataforma_ficticia,2026-09-01T08:00:00-03:00
P002320,CR0028,creator_ficticio_028,Instagram,2026-07-07T12:35:00-03:00,video,False,,,4663,167,16,26,api_da_plataforma_ficticia,2026-09-01T08:00:00-03:00
P002321,CR0131,creator_ficticio_131,YouTube,2026-07-24T19:57:00-03:00,video,True,CRM-00028,15000.0,4616,80,12,11,api_da_plataforma_ficticia,2026-09-01T08:00:00-03:00
P002322,CR0079,creator_ficticio_079,Instagram,2026-06-16T19:33:00-03:00,video,False,,,269,20,5,3,api_da_plataforma_ficticia,2026-09-01T08:00:00-03:00
P002323,CR0107,creator_ficticio_107,TikTok,2026-06-06T12:01:00-03:00,imagem,True,CRM-00050,1200.0,3201,153,20,22,api_da_plataforma_ficticia,2026-09-01T08:00:00-03:00
P002324,CR0120,creator_ficticio_120,YouTube,2026-07-16T12:52:00-03:00,imagem,True,CRM-00006,500.0,10544,629,84,71,api_da_plataforma_ficticia,2026-09-01T08:00:00-03:00
P002325,CR0138,creator_ficticio_138,Instagram,2026-06-12T17:45:00-03:00,carrossel,False,,,119,4,0,0,api_da_plataforma_ficticia,2026-09-01T08:00:00-03:00
P002326,CR0042,creator_ficticio_042,YouTube,2026-08-02T03:33:00-03:00,video,True,CRM-00001,3000.0,4357,174,21,23,api_da_plataforma_ficticia,2026-09-01T08:00:00-03:00
P002327,CR0051,creator_ficticio_051,Instagram,2026-07-14T00:10:00-03:00,imagem,False,,,1402,29,7,3,api_da_plataforma_ficticia,2026-09-01T08:00:00-03:00
P002328,CR0090,creator_ficticio_090,YouTube,2026-06-26T23:25:00-03:00,video,True,CRM-00021,3000.0,59591,6100,718,708,api_da_plataforma_ficticia,2026-09-01T08:00:00-03:00
P002329,CR0136,creator_ficticio_136,TikTok,2026-07-30T23:19:00-03:00,imagem,False,,,36382,2381,311,270,api_da_plataforma_ficticia,2026-09-01T08:00:00-03:00
P002330,CR0125,creator_ficticio_125,TikTok,2026-08-02T04:02:00-03:00,imagem,False,,,3851,376,43,43,api_da_plataforma_ficticia,2026-09-01T08:00:00-03:00
P002331,CR0027,creator_ficticio_027,TikTok,2026-07-06T12:08:00-03:00,video,False,,,3886,254,36,24,api_da_plataforma_ficticia,2026-09-01T08:00:00-03:00
P002332,CR0132,creator_ficticio_132,Instagram,2026-07-12T09:42:00-03:00,carrossel,True,CRM-00003,500.0,10946,499,62,60,api_da_plataforma_ficticia,2026-09-01T08:00:00-03:00
P002333,CR0108,creator_ficticio_108,TikTok,2026-08-06T07:01:00-03:00,video,True,CRM-00015,3000.0,26912,263,35,28,api_da_plataforma_ficticia,2026-09-01T08:00:00-03:00
P002334,CR0123,creator_ficticio_123,YouTube,2026-08-18T06:21:00-03:00,video,False,,,102757,14348,1758,1773,api_da_plataforma_ficticia,2026-09-01T08:00:00-03:00
P002335,CR0139,creator_ficticio_139,Instagram,2026-06-01T10:46:00-03:00,carrossel,True,CRM-00054,500.0,84,6,1,0,api_da_plataforma_ficticia,2026-09-01T08:00:00-03:00
P002336,CR0008,creator_ficticio_008,Instagram,2026-07-26T17:43:00-03:00,carrossel,False,,,1404,128,18,16,api_da_plataforma_ficticia,2026-09-01T08:00:00-03:00
P002337,CR0082,creator_ficticio_082,YouTube,2026-07-29T23:24:00-03:00,video,False,,,4195,126,14,15,api_da_plataforma_ficticia,2026-09-01T08:00:00-03:00
P002338,CR0004,creator_ficticio_004,Instagram,2026-06-24T04:58:00-03:00,video,False,,,1680,21,2,1,api_da_plataforma_ficticia,2026-09-01T08:00:00-03:00
P002339,CR0022,creator_ficticio_022,TikTok,2026-08-20T12:32:00-03:00,video,True,CRM-00019,15000.0,3659,313,42,34,api_da_plataforma_ficticia,2026-09-01T08:00:00-03:00
P002340,CR0049,creator_ficticio_049,TikTok,2026-08-21T09:56:00-03:00,video,False,,,875758,66051,8294,8195,api_da_plataforma_ficticia,2026-09-01T08:00:00-03:00
P002341,CR0144,creator_ficticio_144,Instagram,2026-06-09T04:07:00-03:00,imagem,True,CRM-00049,1200.0,766,19,2,4,api_da_plataforma_ficticia,2026-09-01T08:00:00-03:00
P002342,CR0097,creator_ficticio_097,YouTube,2026-08-16T14:43:00-03:00,video,False,,,464,36,4,7,api_da_plataforma_ficticia,2026-09-01T08:00:00-03:00
P002343,CR0088,creator_ficticio_088,YouTube,2026-07-12T19:08:00-03:00,carrossel,False,,,82,2,0,0,api_da_plataforma_ficticia,2026-09-01T08:00:00-03:00
P002344,CR0012,creator_ficticio_012,Instagram,2026-08-19T18:34:00-03:00,imagem,False,,,25332,3309,439,422,api_da_plataforma_ficticia,2026-09-01T08:00:00-03:00
P002345,CR0041,creator_ficticio_041,Instagram,2026-07-01T20:50:00-03:00,video,False,,,3109,268,34,27,api_da_plataforma_ficticia,2026-09-01T08:00:00-03:00
P002346,CR0002,creator_ficticio_002,YouTube,2026-06-19T15:54:00-03:00,video,True,CRM-00010,15000.0,135,2,2,0,api_da_plataforma_ficticia,2026-09-01T08:00:00-03:00
P002347,CR0137,creator_ficticio_137,Instagram,2026-08-19T18:30:00-03:00,imagem,False,,,15477,1607,214,172,api_da_plataforma_ficticia,2026-09-01T08:00:00-03:00
P002348,CR0060,creator_ficticio_060,Instagram,2026-08-23T15:08:00-03:00,carrossel,True,CRM-00049,500.0,2156,72,12,10,api_da_plataforma_ficticia,2026-09-01T08:00:00-03:00
P002349,CR0123,creator_ficticio_123,Instagram,2026-07-28T23:44:00-03:00,video,True,CRM-00055,1200.0,10236,775,92,95,api_da_plataforma_ficticia,2026-09-01T08:00:00-03:00
P002350,CR0007,creator_ficticio_007,Instagram,2026-06-20T15:24:00-03:00,video,False,,,6040,292,44,36,api_da_plataforma_ficticia,2026-09-01T08:00:00-03:00
P002351,CR0140,creator_ficticio_140,YouTube,2026-06-02T06:16:00-03:00,imagem,False,,,4404,229,21,14,api_da_plataforma_ficticia,2026-09-01T08:00:00-03:00
P002352,CR0080,creator_ficticio_080,TikTok,2026-08-09T07:05:00-03:00,video,False,,,3705,145,16,18,api_da_plataforma_ficticia,2026-09-01T08:00:00-03:00
P002353,CR0097,creator_ficticio_097,TikTok,2026-07-10T03:30:00-03:00,imagem,False,,,732,48,5,8,api_da_plataforma_ficticia,2026-09-01T08:00:00-03:00
P002354,CR0108,creator_ficticio_108,Instagram,2026-07-24T06:42:00-03:00,video,False,,,54668,3650,434,473,api_da_plataforma_ficticia,2026-09-01T08:00:00-03:00
P002355,CR0032,creator_ficticio_032,Instagram,2026-07-14T05:16:00-03:00,video,True,CRM-00013,3000.0,708,34,6,6,api_da_plataforma_ficticia,2026-09-01T08:00:00-03:00
P002356,CR0071,creator_ficticio_071,TikTok,2026-06-17T14:29:00-03:00,video,False,,,599,14,0,1,api_da_plataforma_ficticia,2026-09-01T08:00:00-03:00
P002357,CR0089,creator_ficticio_089,Instagram,2026-06-13T23:05:00-03:00,imagem,True,CRM-00027,500.0,5533,207,34,32,api_da_plataforma_ficticia,2026-09-01T08:00:00-03:00
P002358,CR0118,creator_ficticio_118,TikTok,2026-07-12T00:01:00-03:00,video,False,,,160577,8492,1080,1138,api_da_plataforma_ficticia,2026-09-01T08:00:00-03:00
P002359,CR0076,creator_ficticio_076,YouTube,2026-08-23T17:15:00-03:00,imagem,True,CRM-00042,500.0,5196,140,22,12,api_da_plataforma_ficticia,2026-09-01T08:00:00-03:00
P002360,CR0087,creator_ficticio_087,TikTok,2026-08-01T09:13:00-03:00,imagem,True,CRM-00053,1200.0,679,116,14,9,api_da_plataforma_ficticia,2026-09-01T08:00:00-03:00
P002361,CR0076,creator_ficticio_076,Instagram,2026-06-22T19:59:00-03:00,carrossel,False,,,3247,194,27,21,api_da_plataforma_ficticia,2026-09-01T08:00:00-03:00
P002362,CR0047,creator_ficticio_047,Instagram,2026-08-23T11:16:00-03:00,imagem,False,,,4466,394,55,51,api_da_plataforma_ficticia,2026-09-01T08:00:00-03:00
P002363,CR0002,creator_ficticio_002,Instagram,2026-07-15T19:36:00-03:00,carrossel,True,CRM-00019,15000.0,33,3,0,0,api_da_plataforma_ficticia,2026-09-01T08:00:00-03:00
P002364,CR0120,creator_ficticio_120,Instagram,2026-07-17T13:56:00-03:00,carrossel,False,,,34654,196,29,18,api_da_plataforma_ficticia,2026-09-01T08:00:00-03:00
P002365,CR0038,creator_ficticio_038,YouTube,2026-06-26T01:34:00-03:00,carrossel,False,,,65978,1352,166,165,api_da_plataforma_ficticia,2026-09-01T08:00:00-03:00
P002366,CR0058,creator_ficticio_058,YouTube,2026-07-14T22:15:00-03:00,carrossel,False,,,6045,64,11,9,api_da_plataforma_ficticia,2026-09-01T08:00:00-03:00
P002367,CR0040,creator_ficticio_040,YouTube,2026-07-13T03:30:00-03:00,video,False,,,836,26,5,3,api_da_plataforma_ficticia,2026-09-01T08:00:00-03:00
P002368,CR0104,creator_ficticio_104,Instagram,2026-06-22T02:25:00-03:00,video,False,,,7647,173,27,23,api_da_plataforma_ficticia,2026-09-01T08:00:00-03:00
P002369,CR0013,creator_ficticio_013,TikTok,2026-06-30T15:28:00-03:00,video,False,,,2716,94,11,12,api_da_plataforma_ficticia,2026-09-01T08:00:00-03:00
P002370,CR0068,creator_ficticio_068,YouTube,2026-07-28T23:43:00-03:00,imagem,False,,,308,16,2,2,api_da_plataforma_ficticia,2026-09-01T08:00:00-03:00
P002371,CR0056,creator_ficticio_056,TikTok,2026-08-17T19:10:00-03:00,carrossel,False,,,8695,32,1,4,api_da_plataforma_ficticia,2026-09-01T08:00:00-03:00
P002372,CR0090,creator_ficticio_090,TikTok,2026-07-10T13:38:00-03:00,carrossel,True,CRM-00041,15000.0,7065,118,20,17,api_da_plataforma_ficticia,2026-09-01T08:00:00-03:00
P002373,CR0067,creator_ficticio_067,TikTok,2026-06-10T19:54:00-03:00,video,False,,,2321,138,16,11,api_da_plataforma_ficticia,2026-09-01T08:00:00-03:00
P002374,CR0032,creator_ficticio_032,Instagram,2026-07-20T09:05:00-03:00,carrossel,False,,,101798,7076,874,862,api_da_plataforma_ficticia,2026-09-01T08:00:00-03:00
P002375,CR0102,creator_ficticio_102,YouTube,2026-06-29T07:50:00-03:00,imagem,False,,,30697,554,71,71,api_da_plataforma_ficticia,2026-09-01T08:00:00-03:00
P002376,CR0118,creator_ficticio_118,Instagram,2026-08-04T17:29:00-03:00,video,False,,,1231,107,8,7,api_da_plataforma_ficticia,2026-09-01T08:00:00-03:00
P002377,CR0077,creator_ficticio_077,YouTube,2026-07-05T05:53:00-03:00,video,False,,,4285,237,49,33,api_da_plataforma_ficticia,2026-09-01T08:00:00-03:00
P002378,CR0106,creator_ficticio_106,YouTube,2026-06-28T21:25:00-03:00,video,False,,,22457,603,78,65,api_da_plataforma_ficticia,2026-09-01T08:00:00-03:00
P002379,CR0068,creator_ficticio_068,YouTube,2026-08-29T18:25:00-03:00,imagem,True,CRM-00026,3000.0,8739,335,44,58,api_da_plataforma_ficticia,2026-09-01T08:00:00-03:00
P002380,CR0082,creator_ficticio_082,Instagram,2026-07-19T15:27:00-03:00,video,False,,,353,22,5,6,api_da_plataforma_ficticia,2026-09-01T08:00:00-03:00
P002381,CR0021,creator_ficticio_021,Instagram,2026-06-13T21:52:00-03:00,video,False,,,10761,481,56,56,api_da_plataforma_ficticia,2026-09-01T08:00:00-03:00
P002382,CR0088,creator_ficticio_088,Instagram,2026-07-18T06:29:00-03:00,carrossel,False,,,69,6,1,1,api_da_plataforma_ficticia,2026-09-01T08:00:00-03:00
P002383,CR0035,creator_ficticio_035,Instagram,2026-06-09T07:53:00-03:00,carrossel,False,,,930,52,9,4,api_da_plataforma_ficticia,2026-09-01T08:00:00-03:00
P002384,CR0130,creator_ficticio_130,YouTube,2026-08-14T06:36:00-03:00,video,True,CRM-00014,500.0,5,2,0,0,api_da_plataforma_ficticia,2026-09-01T08:00:00-03:00
P002385,CR0048,creator_ficticio_048,Instagram,2026-07-11T13:37:00-03:00,video,False,,,543066,45610,5588,5714,api_da_plataforma_ficticia,2026-09-01T08:00:00-03:00
P002386,CR0026,creator_ficticio_026,YouTube,2026-08-23T14:50:00-03:00,carrossel,True,CRM-00059,1200.0,16065,537,76,61,api_da_plataforma_ficticia,2026-09-01T08:00:00-03:00
P002387,CR0022,creator_ficticio_022,Instagram,2026-08-20T01:59:00-03:00,carrossel,False,,,43930,738,90,97,api_da_plataforma_ficticia,2026-09-01T08:00:00-03:00
P002388,CR0002,creator_ficticio_002,TikTok,2026-06-30T11:37:00-03:00,carrossel,False,,,280,5,4,1,api_da_plataforma_ficticia,2026-09-01T08:00:00-03:00
P002389,CR0038,creator_ficticio_038,Instagram,2026-06-26T14:10:00-03:00,video,True,CRM-00026,15000.0,925,28,3,3,api_da_plataforma_ficticia,2026-09-01T08:00:00-03:00
P002390,CR0036,creator_ficticio_036,Instagram,2026-07-20T03:55:00-03:00,imagem,False,,,6489,471,58,64,api_da_plataforma_ficticia,2026-09-01T08:00:00-03:00
P002391,CR0060,creator_ficticio_060,TikTok,2026-06-29T22:32:00-03:00,video,True,CRM-00017,1200.0,2995,157,18,30,api_da_plataforma_ficticia,2026-09-01T08:00:00-03:00
P002392,CR0003,creator_ficticio_003,YouTube,2026-06-11T01:24:00-03:00,imagem,True,CRM-00040,500.0,24420,2118,243,256,api_da_plataforma_ficticia,2026-09-01T08:00:00-03:00
P002393,CR0034,creator_ficticio_034,YouTube,2026-06-16T00:46:00-03:00,video,False,,,4833,292,26,43,api_da_plataforma_ficticia,2026-09-01T08:00:00-03:00
P002394,CR0131,creator_ficticio_131,Instagram,2026-08-21T11:14:00-03:00,video,True,CRM-00040,3000.0,866,16,4,1,api_da_plataforma_ficticia,2026-09-01T08:00:00-03:00
P002395,CR0038,creator_ficticio_038,YouTube,2026-07-02T00:13:00-03:00,video,True,CRM-00016,15000.0,40330,991,130,120,api_da_plataforma_ficticia,2026-09-01T08:00:00-03:00
P002396,CR0135,creator_ficticio_135,YouTube,2026-08-19T21:21:00-03:00,video,False,,,9659,485,44,66,api_da_plataforma_ficticia,2026-09-01T08:00:00-03:00
P002397,CR0117,creator_ficticio_117,Instagram,2026-06-07T14:11:00-03:00,video,False,,,2455,23,3,2,api_da_plataforma_ficticia,2026-09-01T08:00:00-03:00
P002398,CR0012,creator_ficticio_012,Instagram,2026-08-11T21:00:00-03:00,video,False,,,4265,653,74,87,api_da_plataforma_ficticia,2026-09-01T08:00:00-03:00
P002399,CR0054,creator_ficticio_054,TikTok,2026-06-18T20:03:00-03:00,video,False,,,18,3,0,1,api_da_plataforma_ficticia,2026-09-01T08:00:00-03:00
P002400,CR0004,creator_ficticio_004,Instagram,2026-06-07T15:00:00-03:00,carrossel,False,,,2843,224,48,21,api_da_plataforma_ficticia,2026-09-01T08:00:00-03:00
P002401,CR0057,creator_ficticio_057,Instagram,2026-06-10T12:36:00-03:00,video,False,,,3118,32,4,3,api_da_plataforma_ficticia,2026-09-01T08:00:00-03:00
P002402,CR0060,creator_ficticio_060,Instagram,2026-07-27T15:59:00-03:00,carrossel,False,,,63,3,0,0,api_da_plataforma_ficticia,2026-09-01T08:00:00-03:00
P002403,CR0117,creator_ficticio_117,Instagram,2026-07-15T07:42:00-03:00,video,False,,,185,12,4,0,api_da_plataforma_ficticia,2026-09-01T08:00:00-03:00
P002404,CR0052,creator_ficticio_052,Instagram,2026-07-10T20:25:00-03:00,video,False,,,3186,87,12,6,api_da_plataforma_ficticia,2026-09-01T08:00:00-03:00
P002405,CR0115,creator_ficticio_115,TikTok,2026-08-16T04:13:00-03:00,imagem,False,,,88601,12305,1469,1476,api_da_plataforma_ficticia,2026-09-01T08:00:00-03:00
P002406,CR0077,creator_ficticio_077,TikTok,2026-06-13T16:26:00-03:00,carrossel,True,CRM-00035,1200.0,1920,47,6,7,api_da_plataforma_ficticia,2026-09-01T08:00:00-03:00
P002407,CR0107,creator_ficticio_107,Instagram,2026-08-13T09:48:00-03:00,imagem,False,,,69,1,0,0,api_da_plataforma_ficticia,2026-09-01T08:00:00-03:00
P002408,CR0049,creator_ficticio_049,Instagram,2026-07-16T05:48:00-03:00,imagem,True,CRM-00021,15000.0,601902,52490,6632,6582,api_da_plataforma_ficticia,2026-09-01T08:00:00-03:00
P002409,CR0087,creator_ficticio_087,Instagram,2026-06-20T11:10:00-03:00,imagem,False,,,15863,750,95,88,api_da_plataforma_ficticia,2026-09-01T08:00:00-03:00
P002410,CR0004,creator_ficticio_004,YouTube,2026-07-03T21:42:00-03:00,imagem,False,,,732,23,5,6,api_da_plataforma_ficticia,2026-09-01T08:00:00-03:00
P002411,CR0009,creator_ficticio_009,TikTok,2026-07-18T02:16:00-03:00,imagem,False,,,11887,1056,131,134,api_da_plataforma_ficticia,2026-09-01T08:00:00-03:00
P002412,CR0110,creator_ficticio_110,TikTok,2026-06-28T17:59:00-03:00,imagem,True,CRM-00041,15000.0,296,31,2,5,api_da_plataforma_ficticia,2026-09-01T08:00:00-03:00
P002413,CR0129,creator_ficticio_129,YouTube,2026-07-18T08:54:00-03:00,imagem,False,,,875,27,7,4,api_da_plataforma_ficticia,2026-09-01T08:00:00-03:00
P002414,CR0011,creator_ficticio_011,Instagram,2026-08-01T05:56:00-03:00,video,False,,,16201,716,89,84,api_da_plataforma_ficticia,2026-09-01T08:00:00-03:00
P002415,CR0094,creator_ficticio_094,YouTube,2026-08-14T08:06:00-03:00,imagem,False,,,29098,1639,190,203,api_da_plataforma_ficticia,2026-09-01T08:00:00-03:00
P002416,CR0017,creator_ficticio_017,Instagram,2026-06-01T08:24:00-03:00,video,False,,,1314,125,25,14,api_da_plataforma_ficticia,2026-09-01T08:00:00-03:00
P002417,CR0141,creator_ficticio_141,Instagram,2026-06-09T14:43:00-03:00,video,False,,,838,31,2,1,api_da_plataforma_ficticia,2026-09-01T08:00:00-03:00
P002418,CR0009,creator_ficticio_009,TikTok,2026-07-26T22:21:00-03:00,imagem,False,,,997,58,9,9,api_da_plataforma_ficticia,2026-09-01T08:00:00-03:00
P002419,CR0027,creator_ficticio_027,Instagram,2026-08-13T02:07:00-03:00,imagem,False,,,15461,504,64,65,api_da_plataforma_ficticia,2026-09-01T08:00:00-03:00
P002420,CR0123,creator_ficticio_123,Instagram,2026-08-16T22:58:00-03:00,video,False,,,31445,1257,158,152,api_da_plataforma_ficticia,2026-09-01T08:00:00-03:00
P002421,CR0017,creator_ficticio_017,TikTok,2026-06-18T16:19:00-03:00,video,False,,,2734,436,66,57,api_da_plataforma_ficticia,2026-09-01T08:00:00-03:00
P002422,CR0024,creator_ficticio_024,TikTok,2026-06-15T03:38:00-03:00,carrossel,False,,,2440,183,32,26,api_da_plataforma_ficticia,2026-09-01T08:00:00-03:00
P002423,CR0135,creator_ficticio_135,TikTok,2026-06-07T01:49:00-03:00,video,False,,,12170,296,31,35,api_da_plataforma_ficticia,2026-09-01T08:00:00-03:00
P002424,CR0011,creator_ficticio_011,TikTok,2026-08-02T02:19:00-03:00,video,True,CRM-00040,1200.0,15979,1096,144,131,api_da_plataforma_ficticia,2026-09-01T08:00:00-03:00
P002425,CR0047,creator_ficticio_047,TikTok,2026-06-24T22:29:00-03:00,video,True,CRM-00055,3000.0,11,1,1,0,api_da_plataforma_ficticia,2026-09-01T08:00:00-03:00
P002426,CR0131,creator_ficticio_131,Instagram,2026-08-22T12:52:00-03:00,video,True,CRM-00024,3000.0,1602,131,10,15,api_da_plataforma_ficticia,2026-09-01T08:00:00-03:00
P002427,CR0143,creator_ficticio_143,TikTok,2026-07-15T11:48:00-03:00,imagem,False,,,4309,89,9,14,api_da_plataforma_ficticia,2026-09-01T08:00:00-03:00
P002428,CR0019,creator_ficticio_019,YouTube,2026-06-20T04:48:00-03:00,carrossel,False,,,265,17,0,4,api_da_plataforma_ficticia,2026-09-01T08:00:00-03:00
P002429,CR0113,creator_ficticio_113,Instagram,2026-06-17T10:45:00-03:00,imagem,True,CRM-00025,3000.0,3847,196,26,21,api_da_plataforma_ficticia,2026-09-01T08:00:00-03:00
P002430,CR0140,creator_ficticio_140,YouTube,2026-08-18T01:22:00-03:00,video,True,CRM-00024,3000.0,11527,172,28,25,api_da_plataforma_ficticia,2026-09-01T08:00:00-03:00
P002431,CR0033,creator_ficticio_033,YouTube,2026-07-15T14:40:00-03:00,carrossel,False,,,12073,878,111,114,api_da_plataforma_ficticia,2026-09-01T08:00:00-03:00
P002432,CR0077,creator_ficticio_077,YouTube,2026-08-20T21:36:00-03:00,imagem,False,,,27290,809,101,93,api_da_plataforma_ficticia,2026-09-01T08:00:00-03:00
P002433,CR0093,creator_ficticio_093,YouTube,2026-08-26T18:59:00-03:00,video,False,,,1046,62,6,3,api_da_plataforma_ficticia,2026-09-01T08:00:00-03:00
P002434,CR0052,creator_ficticio_052,YouTube,2026-08-12T13:23:00-03:00,imagem,False,,,6375,174,23,35,api_da_plataforma_ficticia,2026-09-01T08:00:00-03:00
P002435,CR0051,creator_ficticio_051,Instagram,2026-07-15T08:37:00-03:00,video,True,CRM-00034,3000.0,1781,78,11,10,api_da_plataforma_ficticia,2026-09-01T08:00:00-03:00
P002436,CR0055,creator_ficticio_055,YouTube,2026-08-04T23:15:00-03:00,video,True,CRM-00019,1200.0,25648,1000,117,117,api_da_plataforma_ficticia,2026-09-01T08:00:00-03:00
P002437,CR0123,creator_ficticio_123,Instagram,2026-08-03T17:34:00-03:00,video,True,CRM-00059,1200.0,24322,351,48,46,api_da_plataforma_ficticia,2026-09-01T08:00:00-03:00
P002438,CR0003,creator_ficticio_003,TikTok,2026-07-24T14:07:00-03:00,carrossel,False,,,31963,1777,215,219,api_da_plataforma_ficticia,2026-09-01T08:00:00-03:00
P002439,CR0096,creator_ficticio_096,Instagram,2026-06-20T20:22:00-03:00,video,False,,,4631,23,3,4,api_da_plataforma_ficticia,2026-09-01T08:00:00-03:00
P002440,CR0078,creator_ficticio_078,Instagram,2026-06-23T23:57:00-03:00,imagem,False,,,87412,3959,488,492,api_da_plataforma_ficticia,2026-09-01T08:00:00-03:00
P002441,CR0109,creator_ficticio_109,TikTok,2026-07-10T03:13:00-03:00,carrossel,False,,,215,18,2,0,api_da_plataforma_ficticia,2026-09-01T08:00:00-03:00
P002442,CR0109,creator_ficticio_109,TikTok,2026-08-23T09:22:00-03:00,video,False,,,3172,44,8,3,api_da_plataforma_ficticia,2026-09-01T08:00:00-03:00
P002443,CR0042,creator_ficticio_042,Instagram,2026-06-12T00:28:00-03:00,imagem,False,,,5361,482,74,71,api_da_plataforma_ficticia,2026-09-01T08:00:00-03:00
P002444,CR0067,creator_ficticio_067,YouTube,2026-08-14T17:40:00-03:00,video,True,CRM-00017,3000.0,3360,324,43,50,api_da_plataforma_ficticia,2026-09-01T08:00:00-03:00
P002445,CR0003,creator_ficticio_003,Instagram,2026-08-16T19:06:00-03:00,carrossel,True,CRM-00029,1200.0,14390,298,29,32,api_da_plataforma_ficticia,2026-09-01T08:00:00-03:00
P002446,CR0071,creator_ficticio_071,Instagram,2026-08-16T12:20:00-03:00,imagem,True,CRM-00040,3000.0,796,15,1,3,api_da_plataforma_ficticia,2026-09-01T08:00:00-03:00
P002447,CR0061,creator_ficticio_061,YouTube,2026-06-02T10:22:00-03:00,carrossel,False,,,382,19,1,3,api_da_plataforma_ficticia,2026-09-01T08:00:00-03:00
P002448,CR0121,creator_ficticio_121,TikTok,2026-07-21T05:27:00-03:00,video,False,,,579,4,0,0,api_da_plataforma_ficticia,2026-09-01T08:00:00-03:00
P002449,CR0107,creator_ficticio_107,Instagram,2026-08-28T21:04:00-03:00,video,True,CRM-00031,1200.0,10189,628,76,81,api_da_plataforma_ficticia,2026-09-01T08:00:00-03:00
P002450,CR0056,creator_ficticio_056,TikTok,2026-06-30T20:39:00-03:00,carrossel,True,CRM-00032,500.0,374,17,2,1,api_da_plataforma_ficticia,2026-09-01T08:00:00-03:00
P002451,CR0136,creator_ficticio_136,TikTok,2026-07-02T23:22:00-03:00,carrossel,False,,,57724,2431,305,322,api_da_plataforma_ficticia,2026-09-01T08:00:00-03:00
P002452,CR0075,creator_ficticio_075,YouTube,2026-07-16T08:23:00-03:00,video,False,,,909,11,2,1,api_da_plataforma_ficticia,2026-09-01T08:00:00-03:00
P002453,CR0046,creator_ficticio_046,Instagram,2026-08-06T20:58:00-03:00,carrossel,True,CRM-00040,1200.0,119138,9314,1195,1153,api_da_plataforma_ficticia,2026-09-01T08:00:00-03:00
P002454,CR0095,creator_ficticio_095,TikTok,2026-07-29T07:25:00-03:00,imagem,False,,,52974,1014,126,111,api_da_plataforma_ficticia,2026-09-01T08:00:00-03:00
P002455,CR0068,creator_ficticio_068,YouTube,2026-08-29T00:15:00-03:00,carrossel,False,,,3142,159,22,17,api_da_plataforma_ficticia,2026-09-01T08:00:00-03:00
P002456,CR0144,creator_ficticio_144,TikTok,2026-06-03T17:37:00-03:00,video,False,,,4933,362,40,44,api_da_plataforma_ficticia,2026-09-01T08:00:00-03:00
P002457,CR0132,creator_ficticio_132,Instagram,2026-07-26T17:10:00-03:00,video,False,,,6311,461,59,51,api_da_plataforma_ficticia,2026-09-01T08:00:00-03:00
P002458,CR0001,creator_ficticio_001,Instagram,2026-06-29T02:52:00-03:00,video,False,,,47808,2671,394,344,api_da_plataforma_ficticia,2026-09-01T08:00:00-03:00
P002459,CR0037,creator_ficticio_037,YouTube,2026-07-08T06:08:00-03:00,carrossel,False,,,1039,40,7,7,api_da_plataforma_ficticia,2026-09-01T08:00:00-03:00
P002460,CR0060,creator_ficticio_060,Instagram,2026-06-21T23:02:00-03:00,carrossel,False,,,1706,19,3,2,api_da_plataforma_ficticia,2026-09-01T08:00:00-03:00
P002461,CR0102,creator_ficticio_102,TikTok,2026-08-16T21:03:00-03:00,carrossel,False,,,10749,875,116,99,api_da_plataforma_ficticia,2026-09-01T08:00:00-03:00
P002462,CR0091,creator_ficticio_091,TikTok,2026-07-16T14:21:00-03:00,imagem,False,,,720,29,4,2,api_da_plataforma_ficticia,2026-09-01T08:00:00-03:00
P002463,CR0132,creator_ficticio_132,TikTok,2026-08-29T17:04:00-03:00,video,False,,,12508,573,74,67,api_da_plataforma_ficticia,2026-09-01T08:00:00-03:00
P002464,CR0023,creator_ficticio_023,TikTok,2026-08-16T19:02:00-03:00,imagem,True,CRM-00006,500.0,1317,78,9,12,api_da_plataforma_ficticia,2026-09-01T08:00:00-03:00
P002465,CR0094,creator_ficticio_094,Instagram,2026-07-31T15:49:00-03:00,imagem,False,,,8021,560,73,58,api_da_plataforma_ficticia,2026-09-01T08:00:00-03:00
P002466,CR0136,creator_ficticio_136,YouTube,2026-07-31T09:01:00-03:00,imagem,True,CRM-00032,3000.0,8764,478,64,69,api_da_plataforma_ficticia,2026-09-01T08:00:00-03:00
P002467,CR0017,creator_ficticio_017,YouTube,2026-06-02T10:34:00-03:00,video,False,,,8346,759,77,84,api_da_plataforma_ficticia,2026-09-01T08:00:00-03:00
P002468,CR0100,creator_ficticio_100,YouTube,2026-06-19T05:49:00-03:00,video,False,,,70,3,0,0,api_da_plataforma_ficticia,2026-09-01T08:00:00-03:00
P002469,CR0097,creator_ficticio_097,YouTube,2026-08-14T13:14:00-03:00,imagem,False,,,648,3,0,0,api_da_plataforma_ficticia,2026-09-01T08:00:00-03:00
P002470,CR0006,creator_ficticio_006,TikTok,2026-08-01T17:06:00-03:00,imagem,True,CRM-00006,15000.0,106,3,1,0,api_da_plataforma_ficticia,2026-09-01T08:00:00-03:00
P002471,CR0006,creator_ficticio_006,YouTube,2026-07-31T04:08:00-03:00,imagem,False,,,2354,190,28,22,api_da_plataforma_ficticia,2026-09-01T08:00:00-03:00
P002472,CR0008,creator_ficticio_008,TikTok,2026-08-10T22:16:00-03:00,imagem,False,,,720,40,6,4,api_da_plataforma_ficticia,2026-09-01T08:00:00-03:00
P002473,CR0042,creator_ficticio_042,TikTok,2026-07-24T17:55:00-03:00,video,True,CRM-00048,15000.0,27,0,0,0,api_da_plataforma_ficticia,2026-09-01T08:00:00-03:00
P002474,CR0103,creator_ficticio_103,Instagram,2026-08-02T04:49:00-03:00,carrossel,False,,,7287,80,14,18,api_da_plataforma_ficticia,2026-09-01T08:00:00-03:00
P002475,CR0132,creator_ficticio_132,Instagram,2026-06-28T01:24:00-03:00,video,True,CRM-00025,15000.0,301,10,1,0,api_da_plataforma_ficticia,2026-09-01T08:00:00-03:00
P002476,CR0102,creator_ficticio_102,Instagram,2026-07-01T18:01:00-03:00,video,True,CRM-00054,3000.0,4649,73,7,7,api_da_plataforma_ficticia,2026-09-01T08:00:00-03:00
P002477,CR0107,creator_ficticio_107,YouTube,2026-08-09T11:42:00-03:00,carrossel,True,CRM-00010,15000.0,70836,7072,885,923,api_da_plataforma_ficticia,2026-09-01T08:00:00-03:00
P002478,CR0059,creator_ficticio_059,YouTube,2026-08-04T03:07:00-03:00,carrossel,False,,,3118,159,25,26,api_da_plataforma_ficticia,2026-09-01T08:00:00-03:00
P002479,CR0032,creator_ficticio_032,TikTok,2026-06-26T16:49:00-03:00,imagem,True,CRM-00050,1200.0,654213,7271,892,898,api_da_plataforma_ficticia,2026-09-01T08:00:00-03:00
P002480,CR0083,creator_ficticio_083,Instagram,2026-08-18T06:47:00-03:00,video,False,,,6880,321,40,38,api_da_plataforma_ficticia,2026-09-01T08:00:00-03:00
P002481,CR0103,creator_ficticio_103,Instagram,2026-07-29T16:31:00-03:00,imagem,True,CRM-00038,15000.0,500,1,1,0,api_da_plataforma_ficticia,2026-09-01T08:00:00-03:00
P002482,CR0129,creator_ficticio_129,TikTok,2026-07-01T06:29:00-03:00,video,True,CRM-00055,500.0,1143,27,2,8,api_da_plataforma_ficticia,2026-09-01T08:00:00-03:00
P002483,CR0086,creator_ficticio_086,YouTube,2026-08-06T06:12:00-03:00,video,False,,,542,41,8,5,api_da_plataforma_ficticia,2026-09-01T08:00:00-03:00
P002484,CR0145,creator_ficticio_145,TikTok,2026-06-11T19:16:00-03:00,imagem,True,CRM-00028,15000.0,133778,1232,156,152,api_da_plataforma_ficticia,2026-09-01T08:00:00-03:00
P002485,CR0121,creator_ficticio_121,Instagram,2026-08-23T21:58:00-03:00,video,False,,,2553,49,2,11,api_da_plataforma_ficticia,2026-09-01T08:00:00-03:00
P002486,CR0141,creator_ficticio_141,TikTok,2026-08-10T15:43:00-03:00,video,True,CRM-00020,500.0,44,1,0,0,api_da_plataforma_ficticia,2026-09-01T08:00:00-03:00
P002487,CR0100,creator_ficticio_100,YouTube,2026-07-05T12:38:00-03:00,carrossel,False,,,55,1,0,0,api_da_plataforma_ficticia,2026-09-01T08:00:00-03:00
P002488,CR0035,creator_ficticio_035,Instagram,2026-07-18T10:18:00-03:00,video,False,,,7720,319,41,37,api_da_plataforma_ficticia,2026-09-01T08:00:00-03:00
P002489,CR0123,creator_ficticio_123,TikTok,2026-07-15T05:28:00-03:00,video,False,,,81742,3563,442,452,api_da_plataforma_ficticia,2026-09-01T08:00:00-03:00
P002490,CR0094,creator_ficticio_094,Instagram,2026-08-15T23:14:00-03:00,imagem,False,,,84,5,0,0,api_da_plataforma_ficticia,2026-09-01T08:00:00-03:00
P002491,CR0109,creator_ficticio_109,YouTube,2026-08-25T10:14:00-03:00,imagem,False,,,57266,7674,925,967,api_da_plataforma_ficticia,2026-09-01T08:00:00-03:00
P002492,CR0042,creator_ficticio_042,TikTok,2026-07-13T09:43:00-03:00,video,False,,,8306,74,9,10,api_da_plataforma_ficticia,2026-09-01T08:00:00-03:00
P002493,CR0012,creator_ficticio_012,Instagram,2026-08-14T21:33:00-03:00,video,True,CRM-00058,3000.0,554,20,3,0,api_da_plataforma_ficticia,2026-09-01T08:00:00-03:00
P002494,CR0145,creator_ficticio_145,Instagram,2026-07-07T13:14:00-03:00,carrossel,True,CRM-00045,1200.0,6978,375,50,48,api_da_plataforma_ficticia,2026-09-01T08:00:00-03:00
P002495,CR0071,creator_ficticio_071,YouTube,2026-06-24T05:15:00-03:00,video,False,,,552,90,8,14,api_da_plataforma_ficticia,2026-09-01T08:00:00-03:00
P002496,CR0089,creator_ficticio_089,YouTube,2026-06-04T15:10:00-03:00,imagem,False,,,102984,2411,323,344,api_da_plataforma_ficticia,2026-09-01T08:00:00-03:00
P002497,CR0009,creator_ficticio_009,Instagram,2026-07-08T08:35:00-03:00,imagem,False,,,3803,140,21,15,api_da_plataforma_ficticia,2026-09-01T08:00:00-03:00
P002498,CR0130,creator_ficticio_130,TikTok,2026-06-10T18:01:00-03:00,video,False,,,688,25,2,1,api_da_plataforma_ficticia,2026-09-01T08:00:00-03:00
P002499,CR0042,creator_ficticio_042,Instagram,2026-08-17T18:35:00-03:00,video,True,CRM-00049,3000.0,1808,36,4,5,api_da_plataforma_ficticia,2026-09-01T08:00:00-03:00
P002500,CR0001,creator_ficticio_001,Instagram,2026-08-26T16:59:00-03:00,imagem,False,,,6478,299,44,34,api_da_plataforma_ficticia,2026-09-01T08:00:00-03:00
P002501,CR0042,creator_ficticio_042,YouTube,2026-06-25T01:19:00-03:00,imagem,False,,,3502,246,34,31,api_da_plataforma_ficticia,2026-09-01T08:00:00-03:00
P002502,CR0023,creator_ficticio_023,TikTok,2026-06-18T18:06:00-03:00,imagem,False,,,4861,247,31,31,api_da_plataforma_ficticia,2026-09-01T08:00:00-03:00
P002503,CR0070,creator_ficticio_070,TikTok,2026-08-22T08:19:00-03:00,video,False,,,167,3,0,0,api_da_plataforma_ficticia,2026-09-01T08:00:00-03:00
P002504,CR0099,creator_ficticio_099,Instagram,2026-07-09T15:07:00-03:00,video,False,,,10085,670,87,91,api_da_plataforma_ficticia,2026-09-01T08:00:00-03:00
P002505,CR0049,creator_ficticio_049,TikTok,2026-08-18T12:38:00-03:00,video,False,,,26997,580,71,70,api_da_plataforma_ficticia,2026-09-01T08:00:00-03:00
P002506,CR0026,creator_ficticio_026,Instagram,2026-06-04T10:41:00-03:00,imagem,False,,,4512,496,57,51,api_da_plataforma_ficticia,2026-09-01T08:00:00-03:00
P002507,CR0034,creator_ficticio_034,TikTok,2026-08-09T06:33:00-03:00,video,False,,,7301,292,34,30,api_da_plataforma_ficticia,2026-09-01T08:00:00-03:00
P002508,CR0023,creator_ficticio_023,YouTube,2026-08-06T18:39:00-03:00,video,False,,,7904,209,25,31,api_da_plataforma_ficticia,2026-09-01T08:00:00-03:00
P002509,CR0128,creator_ficticio_128,Instagram,2026-07-31T09:03:00-03:00,video,True,CRM-00030,15000.0,6392,299,39,34,api_da_plataforma_ficticia,2026-09-01T08:00:00-03:00
P002510,CR0077,creator_ficticio_077,YouTube,2026-06-01T04:46:00-03:00,imagem,False,,,1588,55,7,6,api_da_plataforma_ficticia,2026-09-01T08:00:00-03:00
P002511,CR0008,creator_ficticio_008,TikTok,2026-08-24T04:29:00-03:00,imagem,False,,,1648,92,9,6,api_da_plataforma_ficticia,2026-09-01T08:00:00-03:00
P002512,CR0062,creator_ficticio_062,Instagram,2026-07-17T06:30:00-03:00,carrossel,False,,,1551,55,9,10,api_da_plataforma_ficticia,2026-09-01T08:00:00-03:00
P002513,CR0069,creator_ficticio_069,YouTube,2026-07-09T17:25:00-03:00,carrossel,False,,,3213,61,10,9,api_da_plataforma_ficticia,2026-09-01T08:00:00-03:00
P002514,CR0106,creator_ficticio_106,Instagram,2026-08-17T10:56:00-03:00,carrossel,False,,,5001,465,60,67,api_da_plataforma_ficticia,2026-09-01T08:00:00-03:00
P002515,CR0096,creator_ficticio_096,TikTok,2026-08-22T22:25:00-03:00,video,False,,,2400,47,3,5,api_da_plataforma_ficticia,2026-09-01T08:00:00-03:00
P002516,CR0108,creator_ficticio_108,YouTube,2026-06-21T00:32:00-03:00,video,True,CRM-00057,3000.0,19706,1013,109,146,api_da_plataforma_ficticia,2026-09-01T08:00:00-03:00
P002517,CR0028,creator_ficticio_028,TikTok,2026-08-01T06:10:00-03:00,video,False,,,2154,60,6,10,api_da_plataforma_ficticia,2026-09-01T08:00:00-03:00
P002518,CR0002,creator_ficticio_002,YouTube,2026-06-10T12:22:00-03:00,video,False,,,173,7,3,0,api_da_plataforma_ficticia,2026-09-01T08:00:00-03:00
P002519,CR0068,creator_ficticio_068,YouTube,2026-08-17T20:11:00-03:00,video,True,CRM-00008,3000.0,112,9,0,1,api_da_plataforma_ficticia,2026-09-01T08:00:00-03:00
P002520,CR0048,creator_ficticio_048,Instagram,2026-06-22T20:37:00-03:00,carrossel,False,,,421935,20265,2640,2507,api_da_plataforma_ficticia,2026-09-01T08:00:00-03:00
P002521,CR0051,creator_ficticio_051,Instagram,2026-07-06T14:59:00-03:00,imagem,True,CRM-00040,3000.0,2416,37,2,6,api_da_plataforma_ficticia,2026-09-01T08:00:00-03:00
P002522,CR0135,creator_ficticio_135,TikTok,2026-07-09T14:10:00-03:00,imagem,True,CRM-00046,15000.0,15981,885,128,140,api_da_plataforma_ficticia,2026-09-01T08:00:00-03:00
P002523,CR0129,creator_ficticio_129,YouTube,2026-08-06T03:39:00-03:00,carrossel,True,CRM-00035,15000.0,7020,736,94,107,api_da_plataforma_ficticia,2026-09-01T08:00:00-03:00
P002524,CR0117,creator_ficticio_117,YouTube,2026-06-29T13:40:00-03:00,carrossel,False,,,2379,5,0,0,api_da_plataforma_ficticia,2026-09-01T08:00:00-03:00
P002525,CR0007,creator_ficticio_007,YouTube,2026-06-16T02:42:00-03:00,video,False,,,19797,1361,183,164,api_da_plataforma_ficticia,2026-09-01T08:00:00-03:00
P002526,CR0030,creator_ficticio_030,TikTok,2026-07-10T19:07:00-03:00,carrossel,True,CRM-00017,500.0,21863,304,53,27,api_da_plataforma_ficticia,2026-09-01T08:00:00-03:00
P002527,CR0009,creator_ficticio_009,YouTube,2026-06-29T04:27:00-03:00,imagem,True,CRM-00055,1200.0,13762,106,11,17,api_da_plataforma_ficticia,2026-09-01T08:00:00-03:00
P002528,CR0040,creator_ficticio_040,TikTok,2026-06-26T03:09:00-03:00,video,False,,,31363,851,112,111,api_da_plataforma_ficticia,2026-09-01T08:00:00-03:00
P002529,CR0070,creator_ficticio_070,YouTube,2026-06-19T22:37:00-03:00,carrossel,True,CRM-00001,3000.0,9,0,0,0,api_da_plataforma_ficticia,2026-09-01T08:00:00-03:00
P002530,CR0044,creator_ficticio_044,Instagram,2026-08-01T19:54:00-03:00,imagem,False,,,4274,111,31,13,api_da_plataforma_ficticia,2026-09-01T08:00:00-03:00
P002531,CR0106,creator_ficticio_106,Instagram,2026-06-27T20:52:00-03:00,video,False,,,1429,27,3,0,api_da_plataforma_ficticia,2026-09-01T08:00:00-03:00
P002532,CR0013,creator_ficticio_013,TikTok,2026-07-30T02:52:00-03:00,video,False,,,3556,118,16,9,api_da_plataforma_ficticia,2026-09-01T08:00:00-03:00
P002533,CR0130,creator_ficticio_130,TikTok,2026-06-10T04:16:00-03:00,imagem,False,,,89,2,1,0,api_da_plataforma_ficticia,2026-09-01T08:00:00-03:00
P002534,CR0018,creator_ficticio_018,YouTube,2026-07-24T21:48:00-03:00,carrossel,False,,,2268,97,6,9,api_da_plataforma_ficticia,2026-09-01T08:00:00-03:00
P002535,CR0076,creator_ficticio_076,YouTube,2026-07-08T22:36:00-03:00,imagem,False,,,212,9,2,0,api_da_plataforma_ficticia,2026-09-01T08:00:00-03:00
P002536,CR0089,creator_ficticio_089,YouTube,2026-07-08T03:19:00-03:00,video,False,,,10222,641,83,83,api_da_plataforma_ficticia,2026-09-01T08:00:00-03:00
P002537,CR0144,creator_ficticio_144,YouTube,2026-06-03T07:22:00-03:00,carrossel,True,CRM-00041,15000.0,48,2,0,0,api_da_plataforma_ficticia,2026-09-01T08:00:00-03:00
P002538,CR0002,creator_ficticio_002,TikTok,2026-07-07T12:02:00-03:00,imagem,False,,,85,8,1,1,api_da_plataforma_ficticia,2026-09-01T08:00:00-03:00
P002539,CR0100,creator_ficticio_100,Instagram,2026-08-10T23:52:00-03:00,carrossel,False,,,63,2,0,0,api_da_plataforma_ficticia,2026-09-01T08:00:00-03:00
P002540,CR0129,creator_ficticio_129,Instagram,2026-08-14T18:22:00-03:00,carrossel,False,,,2029,72,13,10,api_da_plataforma_ficticia,2026-09-01T08:00:00-03:00
P002541,CR0142,creator_ficticio_142,YouTube,2026-08-16T15:54:00-03:00,carrossel,True,CRM-00001,15000.0,1773,127,18,20,api_da_plataforma_ficticia,2026-09-01T08:00:00-03:00
P002542,CR0117,creator_ficticio_117,Instagram,2026-08-24T23:46:00-03:00,video,False,,,13261,350,37,41,api_da_plataforma_ficticia,2026-09-01T08:00:00-03:00
P002543,CR0128,creator_ficticio_128,Instagram,2026-07-17T01:39:00-03:00,carrossel,True,CRM-00043,1200.0,9654,1098,153,121,api_da_plataforma_ficticia,2026-09-01T08:00:00-03:00
P002544,CR0001,creator_ficticio_001,Instagram,2026-07-01T09:59:00-03:00,video,True,CRM-00025,500.0,3247,80,13,5,api_da_plataforma_ficticia,2026-09-01T08:00:00-03:00
P002545,CR0134,creator_ficticio_134,Instagram,2026-08-22T15:44:00-03:00,video,False,,,675,38,5,2,api_da_plataforma_ficticia,2026-09-01T08:00:00-03:00
P002546,CR0048,creator_ficticio_048,YouTube,2026-08-24T17:15:00-03:00,video,False,,,11516,599,81,73,api_da_plataforma_ficticia,2026-09-01T08:00:00-03:00
P002547,CR0004,creator_ficticio_004,YouTube,2026-08-12T01:19:00-03:00,video,True,CRM-00046,15000.0,2219,165,13,15,api_da_plataforma_ficticia,2026-09-01T08:00:00-03:00
P002548,CR0000,creator_ficticio_000,Instagram,2026-08-23T01:54:00-03:00,video,False,,,2364,182,14,18,api_da_plataforma_ficticia,2026-09-01T08:00:00-03:00
P002549,CR0132,creator_ficticio_132,YouTube,2026-06-17T12:24:00-03:00,video,False,,,616,19,4,0,api_da_plataforma_ficticia,2026-09-01T08:00:00-03:00
P002550,CR0058,creator_ficticio_058,TikTok,2026-07-20T02:35:00-03:00,imagem,False,,,27953,1274,159,155,api_da_plataforma_ficticia,2026-09-01T08:00:00-03:00
P002551,CR0098,creator_ficticio_098,YouTube,2026-07-10T21:08:00-03:00,imagem,False,,,1372,40,9,11,api_da_plataforma_ficticia,2026-09-01T08:00:00-03:00
P002552,CR0080,creator_ficticio_080,Instagram,2026-06-26T19:05:00-03:00,imagem,True,CRM-00044,3000.0,1466,152,16,14,api_da_plataforma_ficticia,2026-09-01T08:00:00-03:00
P002553,CR0021,creator_ficticio_021,TikTok,2026-06-11T22:08:00-03:00,carrossel,False,,,12389,1122,129,152,api_da_plataforma_ficticia,2026-09-01T08:00:00-03:00
P002554,CR0137,creator_ficticio_137,YouTube,2026-07-03T02:56:00-03:00,video,True,CRM-00048,3000.0,3562,78,7,14,api_da_plataforma_ficticia,2026-09-01T08:00:00-03:00
P002555,CR0012,creator_ficticio_012,YouTube,2026-06-29T03:19:00-03:00,video,False,,,39215,670,92,75,api_da_plataforma_ficticia,2026-09-01T08:00:00-03:00
P002556,CR0006,creator_ficticio_006,YouTube,2026-07-22T23:27:00-03:00,video,False,,,1984,92,11,5,api_da_plataforma_ficticia,2026-09-01T08:00:00-03:00
P002557,CR0017,creator_ficticio_017,TikTok,2026-06-18T17:54:00-03:00,carrossel,False,,,83896,18671,2300,2311,api_da_plataforma_ficticia,2026-09-01T08:00:00-03:00
P002558,CR0065,creator_ficticio_065,YouTube,2026-08-11T04:34:00-03:00,video,False,,,16506,1319,171,180,api_da_plataforma_ficticia,2026-09-01T08:00:00-03:00
P002559,CR0073,creator_ficticio_073,YouTube,2026-06-25T13:38:00-03:00,video,False,,,1007,54,4,8,api_da_plataforma_ficticia,2026-09-01T08:00:00-03:00
P002560,CR0116,creator_ficticio_116,TikTok,2026-08-03T13:46:00-03:00,video,False,,,554,43,6,7,api_da_plataforma_ficticia,2026-09-01T08:00:00-03:00
P002561,CR0010,creator_ficticio_010,TikTok,2026-07-23T12:28:00-03:00,imagem,False,,,6284,474,72,52,api_da_plataforma_ficticia,2026-09-01T08:00:00-03:00
P002562,CR0147,creator_ficticio_147,TikTok,2026-06-21T10:27:00-03:00,imagem,False,,,69769,821,97,104,api_da_plataforma_ficticia,2026-09-01T08:00:00-03:00
P002563,CR0062,creator_ficticio_062,YouTube,2026-08-04T18:27:00-03:00,imagem,False,,,432,8,1,2,api_da_plataforma_ficticia,2026-09-01T08:00:00-03:00
P002564,CR0133,creator_ficticio_133,Instagram,2026-06-10T04:08:00-03:00,imagem,False,,,459,3,0,1,api_da_plataforma_ficticia,2026-09-01T08:00:00-03:00
P002565,CR0024,creator_ficticio_024,YouTube,2026-08-27T13:43:00-03:00,video,False,,,42552,1233,154,151,api_da_plataforma_ficticia,2026-09-01T08:00:00-03:00
P002566,CR0055,creator_ficticio_055,TikTok,2026-08-13T19:47:00-03:00,carrossel,False,,,2623,139,24,33,api_da_plataforma_ficticia,2026-09-01T08:00:00-03:00
P002567,CR0006,creator_ficticio_006,TikTok,2026-08-06T17:27:00-03:00,imagem,True,CRM-00021,3000.0,1217,42,3,7,api_da_plataforma_ficticia,2026-09-01T08:00:00-03:00
P002568,CR0068,creator_ficticio_068,TikTok,2026-06-30T16:02:00-03:00,video,False,,,560,55,4,8,api_da_plataforma_ficticia,2026-09-01T08:00:00-03:00
P002569,CR0016,creator_ficticio_016,Instagram,2026-08-28T19:59:00-03:00,carrossel,False,,,1887,97,12,10,api_da_plataforma_ficticia,2026-09-01T08:00:00-03:00
P002570,CR0065,creator_ficticio_065,Instagram,2026-08-13T15:02:00-03:00,imagem,True,CRM-00008,500.0,34124,3275,414,418,api_da_plataforma_ficticia,2026-09-01T08:00:00-03:00
P002571,CR0013,creator_ficticio_013,YouTube,2026-07-27T05:20:00-03:00,video,False,,,4768,98,10,20,api_da_plataforma_ficticia,2026-09-01T08:00:00-03:00
P002572,CR0066,creator_ficticio_066,YouTube,2026-08-21T03:44:00-03:00,video,True,CRM-00012,500.0,10047,420,44,49,api_da_plataforma_ficticia,2026-09-01T08:00:00-03:00
P002573,CR0135,creator_ficticio_135,Instagram,2026-07-06T22:54:00-03:00,video,False,,,104951,5484,710,618,api_da_plataforma_ficticia,2026-09-01T08:00:00-03:00
P002574,CR0003,creator_ficticio_003,YouTube,2026-08-15T19:51:00-03:00,carrossel,False,,,15421,1407,153,157,api_da_plataforma_ficticia,2026-09-01T08:00:00-03:00
P002575,CR0098,creator_ficticio_098,YouTube,2026-08-19T17:14:00-03:00,carrossel,True,CRM-00053,500.0,941,74,17,15,api_da_plataforma_ficticia,2026-09-01T08:00:00-03:00
P002576,CR0082,creator_ficticio_082,Instagram,2026-07-25T18:07:00-03:00,video,False,,,21403,967,132,118,api_da_plataforma_ficticia,2026-09-01T08:00:00-03:00
P002577,CR0095,creator_ficticio_095,TikTok,2026-07-03T08:34:00-03:00,carrossel,False,,,54951,2205,274,275,api_da_plataforma_ficticia,2026-09-01T08:00:00-03:00
P002578,CR0019,creator_ficticio_019,YouTube,2026-07-28T05:46:00-03:00,video,False,,,37,1,1,1,api_da_plataforma_ficticia,2026-09-01T08:00:00-03:00
P002579,CR0147,creator_ficticio_147,TikTok,2026-08-22T01:14:00-03:00,carrossel,True,CRM-00046,3000.0,1210,104,17,6,api_da_plataforma_ficticia,2026-09-01T08:00:00-03:00
P002580,CR0108,creator_ficticio_108,Instagram,2026-07-19T01:07:00-03:00,imagem,False,,,13674,448,53,63,api_da_plataforma_ficticia,2026-09-01T08:00:00-03:00
P002581,CR0083,creator_ficticio_083,Instagram,2026-07-05T22:46:00-03:00,video,False,,,23928,608,78,81,api_da_plataforma_ficticia,2026-09-01T08:00:00-03:00
P002582,CR0024,creator_ficticio_024,TikTok,2026-08-22T09:28:00-03:00,carrossel,False,,,2505,60,9,6,api_da_plataforma_ficticia,2026-09-01T08:00:00-03:00
P002583,CR0139,creator_ficticio_139,TikTok,2026-06-15T22:28:00-03:00,carrossel,False,,,33,3,0,0,api_da_plataforma_ficticia,2026-09-01T08:00:00-03:00
P002584,CR0033,creator_ficticio_033,TikTok,2026-06-14T21:02:00-03:00,video,False,,,19697,333,49,47,api_da_plataforma_ficticia,2026-09-01T08:00:00-03:00
P002585,CR0097,creator_ficticio_097,TikTok,2026-08-14T19:23:00-03:00,video,False,,,13878,47,5,7,api_da_plataforma_ficticia,2026-09-01T08:00:00-03:00
P002586,CR0028,creator_ficticio_028,TikTok,2026-08-11T15:49:00-03:00,carrossel,False,,,1037,55,10,1,api_da_plataforma_ficticia,2026-09-01T08:00:00-03:00
P002587,CR0067,creator_ficticio_067,TikTok,2026-07-20T01:53:00-03:00,video,False,,,1718,105,12,9,api_da_plataforma_ficticia,2026-09-01T08:00:00-03:00
P002588,CR0003,creator_ficticio_003,Instagram,2026-08-01T09:06:00-03:00,video,False,,,151098,4811,566,601,api_da_plataforma_ficticia,2026-09-01T08:00:00-03:00
P002589,CR0104,creator_ficticio_104,YouTube,2026-06-04T22:55:00-03:00,imagem,True,CRM-00019,500.0,8185,691,86,80,api_da_plataforma_ficticia,2026-09-01T08:00:00-03:00
P002590,CR0125,creator_ficticio_125,YouTube,2026-08-07T18:51:00-03:00,video,False,,,90156,2458,296,300,api_da_plataforma_ficticia,2026-09-01T08:00:00-03:00
P002591,CR0064,creator_ficticio_064,YouTube,2026-06-26T07:04:00-03:00,imagem,False,,,1790,75,3,14,api_da_plataforma_ficticia,2026-09-01T08:00:00-03:00
P002592,CR0122,creator_ficticio_122,YouTube,2026-07-09T12:55:00-03:00,video,True,CRM-00047,3000.0,229,1,0,0,api_da_plataforma_ficticia,2026-09-01T08:00:00-03:00
P002593,CR0028,creator_ficticio_028,TikTok,2026-06-19T15:45:00-03:00,video,False,,,68,5,0,2,api_da_plataforma_ficticia,2026-09-01T08:00:00-03:00
P002594,CR0007,creator_ficticio_007,Instagram,2026-08-28T09:36:00-03:00,video,False,,,1744,59,9,11,api_da_plataforma_ficticia,2026-09-01T08:00:00-03:00
P002595,CR0008,creator_ficticio_008,Instagram,2026-06-09T15:13:00-03:00,carrossel,False,,,670,6,1,1,api_da_plataforma_ficticia,2026-09-01T08:00:00-03:00
P002596,CR0005,creator_ficticio_005,YouTube,2026-06-30T23:57:00-03:00,video,True,CRM-00013,3000.0,475,51,5,10,api_da_plataforma_ficticia,2026-09-01T08:00:00-03:00
P002597,CR0138,creator_ficticio_138,Instagram,2026-07-18T06:43:00-03:00,video,True,CRM-00001,500.0,768,6,1,0,api_da_plataforma_ficticia,2026-09-01T08:00:00-03:00
P002598,CR0081,creator_ficticio_081,TikTok,2026-06-27T08:32:00-03:00,video,False,,,26044,499,70,67,api_da_plataforma_ficticia,2026-09-01T08:00:00-03:00
P002599,CR0055,creator_ficticio_055,YouTube,2026-06-15T03:35:00-03:00,imagem,False,,,5402,219,22,25,api_da_plataforma_ficticia,2026-09-01T08:00:00-03:00
P002600,CR0036,creator_ficticio_036,TikTok,2026-07-23T18:11:00-03:00,video,False,,,203,4,0,1,api_da_plataforma_ficticia,2026-09-01T08:00:00-03:00
P002601,CR0125,creator_ficticio_125,Instagram,2026-06-28T15:13:00-03:00,video,False,,,8715,575,62,75,api_da_plataforma_ficticia,2026-09-01T08:00:00-03:00
P002602,CR0068,creator_ficticio_068,Instagram,2026-06-08T11:13:00-03:00,imagem,False,,,231,1,0,0,api_da_plataforma_ficticia,2026-09-01T08:00:00-03:00
P002603,CR0065,creator_ficticio_065,TikTok,2026-06-15T13:04:00-03:00,imagem,False,,,178744,5035,652,623,api_da_plataforma_ficticia,2026-09-01T08:00:00-03:00
P002604,CR0040,creator_ficticio_040,TikTok,2026-06-27T18:13:00-03:00,video,True,CRM-00029,1200.0,12203,88,16,11,api_da_plataforma_ficticia,2026-09-01T08:00:00-03:00
P002605,CR0010,creator_ficticio_010,TikTok,2026-08-10T02:00:00-03:00,imagem,False,,,1181,110,17,11,api_da_plataforma_ficticia,2026-09-01T08:00:00-03:00
P002606,CR0087,creator_ficticio_087,YouTube,2026-08-26T14:48:00-03:00,carrossel,False,,,10895,121,17,17,api_da_plataforma_ficticia,2026-09-01T08:00:00-03:00
P002607,CR0083,creator_ficticio_083,TikTok,2026-08-09T04:35:00-03:00,video,False,,,3527,241,33,22,api_da_plataforma_ficticia,2026-09-01T08:00:00-03:00
P002608,CR0122,creator_ficticio_122,YouTube,2026-06-02T09:30:00-03:00,imagem,False,,,9924,68,2,5,api_da_plataforma_ficticia,2026-09-01T08:00:00-03:00
P002609,CR0013,creator_ficticio_013,Instagram,2026-06-03T21:27:00-03:00,video,False,,,515,48,4,4,api_da_plataforma_ficticia,2026-09-01T08:00:00-03:00
P002610,CR0131,creator_ficticio_131,TikTok,2026-06-02T18:11:00-03:00,carrossel,False,,,1682,305,39,53,api_da_plataforma_ficticia,2026-09-01T08:00:00-03:00
P002611,CR0108,creator_ficticio_108,YouTube,2026-06-11T18:32:00-03:00,video,False,,,5834,417,56,44,api_da_plataforma_ficticia,2026-09-01T08:00:00-03:00
P002612,CR0108,creator_ficticio_108,YouTube,2026-07-23T18:20:00-03:00,video,False,,,1159,29,8,3,api_da_plataforma_ficticia,2026-09-01T08:00:00-03:00
P002613,CR0058,creator_ficticio_058,YouTube,2026-08-27T02:29:00-03:00,carrossel,False,,,5166,141,23,20,api_da_plataforma_ficticia,2026-09-01T08:00:00-03:00
P002614,CR0069,creator_ficticio_069,Instagram,2026-06-30T08:56:00-03:00,video,False,,,33095,1180,142,134,api_da_plataforma_ficticia,2026-09-01T08:00:00-03:00
P002615,CR0119,creator_ficticio_119,TikTok,2026-08-08T23:14:00-03:00,carrossel,False,,,27942,763,118,86,api_da_plataforma_ficticia,2026-09-01T08:00:00-03:00
P002616,CR0056,creator_ficticio_056,Instagram,2026-06-27T22:52:00-03:00,imagem,False,,,10121,766,108,97,api_da_plataforma_ficticia,2026-09-01T08:00:00-03:00
P002617,CR0015,creator_ficticio_015,Instagram,2026-06-23T23:55:00-03:00,imagem,True,CRM-00013,15000.0,4483,86,16,9,api_da_plataforma_ficticia,2026-09-01T08:00:00-03:00
P002618,CR0049,creator_ficticio_049,YouTube,2026-08-25T07:58:00-03:00,video,False,,,49245,1432,177,168,api_da_plataforma_ficticia,2026-09-01T08:00:00-03:00
P002619,CR0003,creator_ficticio_003,YouTube,2026-06-02T16:32:00-03:00,carrossel,False,,,2169,46,14,7,api_da_plataforma_ficticia,2026-09-01T08:00:00-03:00
P002620,CR0024,creator_ficticio_024,TikTok,2026-06-28T08:45:00-03:00,carrossel,True,CRM-00005,15000.0,17173,74,15,8,api_da_plataforma_ficticia,2026-09-01T08:00:00-03:00
P002621,CR0018,creator_ficticio_018,Instagram,2026-08-13T07:23:00-03:00,imagem,False,,,25895,2524,338,317,api_da_plataforma_ficticia,2026-09-01T08:00:00-03:00
P002622,CR0113,creator_ficticio_113,Instagram,2026-06-09T19:37:00-03:00,video,True,CRM-00018,500.0,3680,250,35,26,api_da_plataforma_ficticia,2026-09-01T08:00:00-03:00
P002623,CR0141,creator_ficticio_141,TikTok,2026-08-01T10:56:00-03:00,video,False,,,666,20,0,6,api_da_plataforma_ficticia,2026-09-01T08:00:00-03:00
P002624,CR0052,creator_ficticio_052,TikTok,2026-06-02T19:45:00-03:00,imagem,True,CRM-00019,500.0,1653,31,6,6,api_da_plataforma_ficticia,2026-09-01T08:00:00-03:00
P002625,CR0041,creator_ficticio_041,TikTok,2026-06-23T13:32:00-03:00,imagem,True,CRM-00037,1200.0,679,26,1,2,api_da_plataforma_ficticia,2026-09-01T08:00:00-03:00
P002626,CR0116,creator_ficticio_116,Instagram,2026-06-16T14:19:00-03:00,video,False,,,402,32,7,2,api_da_plataforma_ficticia,2026-09-01T08:00:00-03:00
P002627,CR0088,creator_ficticio_088,Instagram,2026-06-19T04:20:00-03:00,video,True,CRM-00035,15000.0,527,38,7,4,api_da_plataforma_ficticia,2026-09-01T08:00:00-03:00
P002628,CR0054,creator_ficticio_054,YouTube,2026-08-15T15:16:00-03:00,video,True,CRM-00012,15000.0,1046,9,1,0,api_da_plataforma_ficticia,2026-09-01T08:00:00-03:00
P002629,CR0058,creator_ficticio_058,YouTube,2026-07-19T05:33:00-03:00,imagem,False,,,12744,2031,263,236,api_da_plataforma_ficticia,2026-09-01T08:00:00-03:00
P002630,CR0145,creator_ficticio_145,Instagram,2026-07-31T20:51:00-03:00,video,False,,,40454,1141,130,160,api_da_plataforma_ficticia,2026-09-01T08:00:00-03:00
P002631,CR0032,creator_ficticio_032,TikTok,2026-08-01T00:11:00-03:00,imagem,True,CRM-00048,3000.0,16562,241,35,27,api_da_plataforma_ficticia,2026-09-01T08:00:00-03:00
P002632,CR0074,creator_ficticio_074,Instagram,2026-07-04T02:25:00-03:00,video,False,,,14638,516,65,52,api_da_plataforma_ficticia,2026-09-01T08:00:00-03:00
P002633,CR0023,creator_ficticio_023,TikTok,2026-07-25T00:46:00-03:00,video,False,,,1876,38,5,8,api_da_plataforma_ficticia,2026-09-01T08:00:00-03:00
P002634,CR0098,creator_ficticio_098,Instagram,2026-08-21T14:12:00-03:00,video,False,,,10219,24,2,5,api_da_plataforma_ficticia,2026-09-01T08:00:00-03:00
P002635,CR0089,creator_ficticio_089,TikTok,2026-08-24T13:45:00-03:00,carrossel,False,,,11733,1482,180,201,api_da_plataforma_ficticia,2026-09-01T08:00:00-03:00
P002636,CR0035,creator_ficticio_035,Instagram,2026-06-28T22:57:00-03:00,video,False,,,40738,2388,282,315,api_da_plataforma_ficticia,2026-09-01T08:00:00-03:00
P002637,CR0069,creator_ficticio_069,TikTok,2026-08-17T11:18:00-03:00,imagem,False,,,4922,529,56,66,api_da_plataforma_ficticia,2026-09-01T08:00:00-03:00
P002638,CR0012,creator_ficticio_012,YouTube,2026-08-02T11:16:00-03:00,imagem,False,,,19943,611,80,73,api_da_plataforma_ficticia,2026-09-01T08:00:00-03:00
P002639,CR0143,creator_ficticio_143,YouTube,2026-07-01T08:55:00-03:00,video,False,,,1643,92,15,13,api_da_plataforma_ficticia,2026-09-01T08:00:00-03:00
P002640,CR0126,creator_ficticio_126,TikTok,2026-06-18T06:05:00-03:00,video,True,CRM-00033,15000.0,12820,1172,150,147,api_da_plataforma_ficticia,2026-09-01T08:00:00-03:00
P002641,CR0124,creator_ficticio_124,Instagram,2026-08-28T18:21:00-03:00,video,False,,,21200,1847,242,252,api_da_plataforma_ficticia,2026-09-01T08:00:00-03:00
P002642,CR0047,creator_ficticio_047,Instagram,2026-07-18T14:10:00-03:00,video,False,,,179,7,1,3,api_da_plataforma_ficticia,2026-09-01T08:00:00-03:00
P002643,CR0122,creator_ficticio_122,Instagram,2026-06-04T07:26:00-03:00,video,True,CRM-00051,500.0,3130,357,40,41,api_da_plataforma_ficticia,2026-09-01T08:00:00-03:00
P002644,CR0041,creator_ficticio_041,TikTok,2026-08-26T02:39:00-03:00,imagem,False,,,120,8,1,1,api_da_plataforma_ficticia,2026-09-01T08:00:00-03:00
P002645,CR0009,creator_ficticio_009,Instagram,2026-06-22T02:56:00-03:00,imagem,False,,,1870,74,7,12,api_da_plataforma_ficticia,2026-09-01T08:00:00-03:00
P002646,CR0025,creator_ficticio_025,TikTok,2026-07-30T00:37:00-03:00,imagem,True,CRM-00023,3000.0,2328,23,2,3,api_da_plataforma_ficticia,2026-09-01T08:00:00-03:00
P002647,CR0067,creator_ficticio_067,YouTube,2026-06-28T00:35:00-03:00,imagem,False,,,41775,2757,323,327,api_da_plataforma_ficticia,2026-09-01T08:00:00-03:00
P002648,CR0077,creator_ficticio_077,TikTok,2026-07-02T15:07:00-03:00,imagem,False,,,2909,100,14,7,api_da_plataforma_ficticia,2026-09-01T08:00:00-03:00
P002649,CR0000,creator_ficticio_000,YouTube,2026-06-19T11:30:00-03:00,video,False,,,1466,108,18,12,api_da_plataforma_ficticia,2026-09-01T08:00:00-03:00
P002650,CR0136,creator_ficticio_136,TikTok,2026-08-27T23:33:00-03:00,video,False,,,31954,1893,216,243,api_da_plataforma_ficticia,2026-09-01T08:00:00-03:00
P002651,CR0127,creator_ficticio_127,Instagram,2026-06-24T22:05:00-03:00,video,False,,,26417,801,89,103,api_da_plataforma_ficticia,2026-09-01T08:00:00-03:00
P002652,CR0061,creator_ficticio_061,YouTube,2026-06-03T05:34:00-03:00,video,True,CRM-00057,3000.0,3219,163,21,18,api_da_plataforma_ficticia,2026-09-01T08:00:00-03:00
P002653,CR0038,creator_ficticio_038,TikTok,2026-06-04T05:32:00-03:00,imagem,True,CRM-00046,15000.0,4090,54,5,11,api_da_plataforma_ficticia,2026-09-01T08:00:00-03:00
P002654,CR0091,creator_ficticio_091,YouTube,2026-06-20T08:04:00-03:00,video,False,,,66,3,1,1,api_da_plataforma_ficticia,2026-09-01T08:00:00-03:00
P002655,CR0064,creator_ficticio_064,YouTube,2026-07-03T19:18:00-03:00,carrossel,False,,,1344,121,12,17,api_da_plataforma_ficticia,2026-09-01T08:00:00-03:00
P002656,CR0096,creator_ficticio_096,TikTok,2026-08-08T13:48:00-03:00,imagem,True,CRM-00025,1200.0,7685,140,10,19,api_da_plataforma_ficticia,2026-09-01T08:00:00-03:00
P002657,CR0035,creator_ficticio_035,YouTube,2026-06-11T23:35:00-03:00,video,False,,,48595,1240,168,158,api_da_plataforma_ficticia,2026-09-01T08:00:00-03:00
P002658,CR0039,creator_ficticio_039,YouTube,2026-06-11T13:58:00-03:00,video,False,,,7353,284,32,24,api_da_plataforma_ficticia,2026-09-01T08:00:00-03:00
P002659,CR0013,creator_ficticio_013,TikTok,2026-06-14T10:52:00-03:00,imagem,False,,,11088,463,50,63,api_da_plataforma_ficticia,2026-09-01T08:00:00-03:00
P002660,CR0091,creator_ficticio_091,YouTube,2026-07-06T05:01:00-03:00,carrossel,False,,,304,2,0,0,api_da_plataforma_ficticia,2026-09-01T08:00:00-03:00
P002661,CR0143,creator_ficticio_143,Instagram,2026-08-26T11:51:00-03:00,video,False,,,11884,722,71,92,api_da_plataforma_ficticia,2026-09-01T08:00:00-03:00
P002662,CR0134,creator_ficticio_134,Instagram,2026-06-27T20:57:00-03:00,video,False,,,1364,104,13,14,api_da_plataforma_ficticia,2026-09-01T08:00:00-03:00
P002663,CR0084,creator_ficticio_084,Instagram,2026-08-25T07:30:00-03:00,video,False,,,80,7,1,0,api_da_plataforma_ficticia,2026-09-01T08:00:00-03:00
P002664,CR0020,creator_ficticio_020,Instagram,2026-06-06T10:29:00-03:00,carrossel,True,CRM-00039,500.0,1561,164,21,11,api_da_plataforma_ficticia,2026-09-01T08:00:00-03:00
P002665,CR0068,creator_ficticio_068,TikTok,2026-07-27T14:35:00-03:00,imagem,False,,,546,10,1,1,api_da_plataforma_ficticia,2026-09-01T08:00:00-03:00
P002666,CR0064,creator_ficticio_064,Instagram,2026-07-17T17:41:00-03:00,video,False,,,65,2,0,0,api_da_plataforma_ficticia,2026-09-01T08:00:00-03:00
P002667,CR0116,creator_ficticio_116,TikTok,2026-08-03T12:15:00-03:00,video,False,,,1443,9,2,2,api_da_plataforma_ficticia,2026-09-01T08:00:00-03:00
P002668,CR0041,creator_ficticio_041,YouTube,2026-08-09T09:00:00-03:00,video,False,,,1887,109,10,7,api_da_plataforma_ficticia,2026-09-01T08:00:00-03:00
P002669,CR0073,creator_ficticio_073,Instagram,2026-06-29T18:25:00-03:00,carrossel,True,CRM-00001,15000.0,1764,48,12,11,api_da_plataforma_ficticia,2026-09-01T08:00:00-03:00
P002670,CR0074,creator_ficticio_074,YouTube,2026-06-21T02:56:00-03:00,imagem,False,,,29809,633,75,77,api_da_plataforma_ficticia,2026-09-01T08:00:00-03:00
P002671,CR0127,creator_ficticio_127,Instagram,2026-08-18T11:13:00-03:00,video,False,,,11172,538,61,61,api_da_plataforma_ficticia,2026-09-01T08:00:00-03:00
P002672,CR0141,creator_ficticio_141,YouTube,2026-06-25T00:17:00-03:00,video,False,,,32,1,0,0,api_da_plataforma_ficticia,2026-09-01T08:00:00-03:00
P002673,CR0121,creator_ficticio_121,Instagram,2026-06-23T22:27:00-03:00,carrossel,False,,,8879,848,107,113,api_da_plataforma_ficticia,2026-09-01T08:00:00-03:00
P002674,CR0046,creator_ficticio_046,YouTube,2026-08-13T22:30:00-03:00,imagem,False,,,19100,489,57,52,api_da_plataforma_ficticia,2026-09-01T08:00:00-03:00
P002675,CR0003,creator_ficticio_003,Instagram,2026-07-11T23:29:00-03:00,video,False,,,5304,309,31,41,api_da_plataforma_ficticia,2026-09-01T08:00:00-03:00
P002676,CR0091,creator_ficticio_091,TikTok,2026-07-31T18:24:00-03:00,video,False,,,43,0,0,0,api_da_plataforma_ficticia,2026-09-01T08:00:00-03:00
P002677,CR0073,creator_ficticio_073,TikTok,2026-06-26T15:16:00-03:00,video,True,CRM-00042,3000.0,4026,254,34,26,api_da_plataforma_ficticia,2026-09-01T08:00:00-03:00
P002678,CR0140,creator_ficticio_140,YouTube,2026-07-17T09:51:00-03:00,imagem,False,,,72641,8678,1070,1037,api_da_plataforma_ficticia,2026-09-01T08:00:00-03:00
P002679,CR0005,creator_ficticio_005,YouTube,2026-07-21T19:22:00-03:00,imagem,True,CRM-00058,1200.0,16569,431,48,50,api_da_plataforma_ficticia,2026-09-01T08:00:00-03:00
P002680,CR0095,creator_ficticio_095,Instagram,2026-06-30T23:14:00-03:00,imagem,False,,,117434,1306,182,138,api_da_plataforma_ficticia,2026-09-01T08:00:00-03:00
P002681,CR0058,creator_ficticio_058,Instagram,2026-06-27T01:36:00-03:00,carrossel,False,,,206,3,0,0,api_da_plataforma_ficticia,2026-09-01T08:00:00-03:00
P002682,CR0077,creator_ficticio_077,YouTube,2026-07-12T09:56:00-03:00,video,True,CRM-00051,1200.0,2065,138,19,17,api_da_plataforma_ficticia,2026-09-01T08:00:00-03:00
P002683,CR0055,creator_ficticio_055,TikTok,2026-08-21T13:06:00-03:00,carrossel,True,CRM-00044,15000.0,3638,142,17,27,api_da_plataforma_ficticia,2026-09-01T08:00:00-03:00
P002684,CR0011,creator_ficticio_011,YouTube,2026-06-04T19:05:00-03:00,video,False,,,107,0,0,0,api_da_plataforma_ficticia,2026-09-01T08:00:00-03:00
P002685,CR0119,creator_ficticio_119,TikTok,2026-08-09T01:39:00-03:00,video,False,,,29690,166,25,23,api_da_plataforma_ficticia,2026-09-01T08:00:00-03:00
P002686,CR0001,creator_ficticio_001,YouTube,2026-07-19T15:24:00-03:00,imagem,False,,,16142,302,34,34,api_da_plataforma_ficticia,2026-09-01T08:00:00-03:00
P002687,CR0034,creator_ficticio_034,TikTok,2026-06-22T12:45:00-03:00,carrossel,False,,,1042,32,5,7,api_da_plataforma_ficticia,2026-09-01T08:00:00-03:00
P002688,CR0105,creator_ficticio_105,TikTok,2026-06-01T10:47:00-03:00,imagem,False,,,9914,642,82,98,api_da_plataforma_ficticia,2026-09-01T08:00:00-03:00
P002689,CR0088,creator_ficticio_088,YouTube,2026-07-04T18:07:00-03:00,carrossel,False,,,5704,153,18,17,api_da_plataforma_ficticia,2026-09-01T08:00:00-03:00
P002690,CR0085,creator_ficticio_085,YouTube,2026-06-05T10:07:00-03:00,video,False,,,2016,122,11,11,api_da_plataforma_ficticia,2026-09-01T08:00:00-03:00
P002691,CR0069,creator_ficticio_069,TikTok,2026-06-08T04:37:00-03:00,carrossel,True,CRM-00046,1200.0,798,30,0,4,api_da_plataforma_ficticia,2026-09-01T08:00:00-03:00
P002692,CR0059,creator_ficticio_059,TikTok,2026-06-17T11:30:00-03:00,video,True,CRM-00019,500.0,607,18,3,0,api_da_plataforma_ficticia,2026-09-01T08:00:00-03:00
P002693,CR0123,creator_ficticio_123,TikTok,2026-07-08T06:36:00-03:00,imagem,False,,,9741,261,36,31,api_da_plataforma_ficticia,2026-09-01T08:00:00-03:00
P002694,CR0089,creator_ficticio_089,TikTok,2026-08-07T15:38:00-03:00,video,False,,,3752,133,18,14,api_da_plataforma_ficticia,2026-09-01T08:00:00-03:00
P002695,CR0121,creator_ficticio_121,TikTok,2026-07-17T07:34:00-03:00,imagem,False,,,149,21,6,5,api_da_plataforma_ficticia,2026-09-01T08:00:00-03:00
P002696,CR0069,creator_ficticio_069,YouTube,2026-08-20T23:07:00-03:00,imagem,False,,,422,30,4,3,api_da_plataforma_ficticia,2026-09-01T08:00:00-03:00
P002697,CR0009,creator_ficticio_009,YouTube,2026-07-14T14:30:00-03:00,imagem,False,,,2864,74,10,9,api_da_plataforma_ficticia,2026-09-01T08:00:00-03:00
P002698,CR0087,creator_ficticio_087,TikTok,2026-06-10T17:51:00-03:00,video,False,,,4055,122,16,14,api_da_plataforma_ficticia,2026-09-01T08:00:00-03:00
P002699,CR0119,creator_ficticio_119,Instagram,2026-08-14T17:54:00-03:00,carrossel,False,,,6052,219,28,28,api_da_plataforma_ficticia,2026-09-01T08:00:00-03:00
P002700,CR0100,creator_ficticio_100,YouTube,2026-06-26T13:54:00-03:00,carrossel,False,,,223,17,3,3,api_da_plataforma_ficticia,2026-09-01T08:00:00-03:00
P002701,CR0022,creator_ficticio_022,TikTok,2026-07-29T11:40:00-03:00,imagem,False,,,1147,47,8,8,api_da_plataforma_ficticia,2026-09-01T08:00:00-03:00
P002702,CR0102,creator_ficticio_102,Instagram,2026-07-28T12:59:00-03:00,video,False,,,16913,547,93,67,api_da_plataforma_ficticia,2026-09-01T08:00:00-03:00
P002703,CR0098,creator_ficticio_098,YouTube,2026-08-09T07:50:00-03:00,video,False,,,1483,109,10,16,api_da_plataforma_ficticia,2026-09-01T08:00:00-03:00
P002704,CR0008,creator_ficticio_008,TikTok,2026-07-14T21:23:00-03:00,carrossel,False,,,7589,117,15,22,api_da_plataforma_ficticia,2026-09-01T08:00:00-03:00
P002705,CR0009,creator_ficticio_009,YouTube,2026-08-01T01:42:00-03:00,carrossel,False,,,7395,217,21,20,api_da_plataforma_ficticia,2026-09-01T08:00:00-03:00
P002706,CR0097,creator_ficticio_097,TikTok,2026-06-21T00:43:00-03:00,video,False,,,1974,87,15,11,api_da_plataforma_ficticia,2026-09-01T08:00:00-03:00
P002707,CR0012,creator_ficticio_012,TikTok,2026-07-30T12:10:00-03:00,video,False,,,1636,35,3,5,api_da_plataforma_ficticia,2026-09-01T08:00:00-03:00
P002708,CR0142,creator_ficticio_142,TikTok,2026-06-14T21:09:00-03:00,imagem,False,,,630,20,6,3,api_da_plataforma_ficticia,2026-09-01T08:00:00-03:00
P002709,CR0140,creator_ficticio_140,Instagram,2026-06-30T13:38:00-03:00,carrossel,False,,,22936,608,74,97,api_da_plataforma_ficticia,2026-09-01T08:00:00-03:00
P002710,CR0043,creator_ficticio_043,Instagram,2026-08-26T20:35:00-03:00,imagem,False,,,96726,5573,677,649,api_da_plataforma_ficticia,2026-09-01T08:00:00-03:00
P002711,CR0129,creator_ficticio_129,TikTok,2026-06-18T21:52:00-03:00,video,True,CRM-00001,3000.0,1529,70,8,8,api_da_plataforma_ficticia,2026-09-01T08:00:00-03:00
P002712,CR0031,creator_ficticio_031,Instagram,2026-07-09T20:29:00-03:00,video,False,,,34367,1722,205,195,api_da_plataforma_ficticia,2026-09-01T08:00:00-03:00
P002713,CR0068,creator_ficticio_068,TikTok,2026-07-16T21:49:00-03:00,video,False,,,422,65,7,12,api_da_plataforma_ficticia,2026-09-01T08:00:00-03:00
P002714,CR0016,creator_ficticio_016,YouTube,2026-06-25T13:51:00-03:00,video,True,CRM-00023,1200.0,11058,990,107,118,api_da_plataforma_ficticia,2026-09-01T08:00:00-03:00
P002715,CR0031,creator_ficticio_031,YouTube,2026-07-20T14:40:00-03:00,video,False,,,20581,1302,148,160,api_da_plataforma_ficticia,2026-09-01T08:00:00-03:00
P002716,CR0107,creator_ficticio_107,YouTube,2026-08-25T07:16:00-03:00,carrossel,False,,,20885,1196,158,156,api_da_plataforma_ficticia,2026-09-01T08:00:00-03:00
P002717,CR0033,creator_ficticio_033,Instagram,2026-07-22T23:10:00-03:00,video,False,,,11362,118,16,13,api_da_plataforma_ficticia,2026-09-01T08:00:00-03:00
P002718,CR0033,creator_ficticio_033,Instagram,2026-06-16T07:18:00-03:00,imagem,True,CRM-00021,500.0,5485,742,105,104,api_da_plataforma_ficticia,2026-09-01T08:00:00-03:00
P002719,CR0043,creator_ficticio_043,Instagram,2026-07-03T09:55:00-03:00,video,False,,,467642,30261,3750,3843,api_da_plataforma_ficticia,2026-09-01T08:00:00-03:00
P002720,CR0033,creator_ficticio_033,TikTok,2026-06-06T06:59:00-03:00,imagem,False,,,104330,1789,206,241,api_da_plataforma_ficticia,2026-09-01T08:00:00-03:00
P002721,CR0052,creator_ficticio_052,TikTok,2026-06-20T23:13:00-03:00,video,False,,,12416,579,70,71,api_da_plataforma_ficticia,2026-09-01T08:00:00-03:00
P002722,CR0065,creator_ficticio_065,Instagram,2026-08-09T13:15:00-03:00,video,False,,,12233,862,104,118,api_da_plataforma_ficticia,2026-09-01T08:00:00-03:00
P002723,CR0010,creator_ficticio_010,TikTok,2026-08-20T19:00:00-03:00,video,False,,,2768,23,2,3,api_da_plataforma_ficticia,2026-09-01T08:00:00-03:00
P002724,CR0137,creator_ficticio_137,YouTube,2026-07-13T20:42:00-03:00,carrossel,False,,,137600,4040,511,511,api_da_plataforma_ficticia,2026-09-01T08:00:00-03:00
P002725,CR0048,creator_ficticio_048,YouTube,2026-06-10T23:04:00-03:00,imagem,False,,,77802,1066,122,124,api_da_plataforma_ficticia,2026-09-01T08:00:00-03:00
P002726,CR0064,creator_ficticio_064,Instagram,2026-08-27T00:37:00-03:00,video,False,,,184,2,0,1,api_da_plataforma_ficticia,2026-09-01T08:00:00-03:00
P002727,CR0007,creator_ficticio_007,Instagram,2026-06-30T09:15:00-03:00,video,False,,,11460,252,32,33,api_da_plataforma_ficticia,2026-09-01T08:00:00-03:00
P002728,CR0070,creator_ficticio_070,TikTok,2026-07-30T08:09:00-03:00,carrossel,False,,,298,13,3,1,api_da_plataforma_ficticia,2026-09-01T08:00:00-03:00
P002729,CR0008,creator_ficticio_008,YouTube,2026-08-19T18:14:00-03:00,carrossel,False,,,189,14,1,3,api_da_plataforma_ficticia,2026-09-01T08:00:00-03:00
P002730,CR0044,creator_ficticio_044,Instagram,2026-08-05T19:04:00-03:00,carrossel,True,CRM-00009,500.0,312,15,0,3,api_da_plataforma_ficticia,2026-09-01T08:00:00-03:00
P002731,CR0130,creator_ficticio_130,Instagram,2026-06-03T21:31:00-03:00,video,False,,,33,3,0,0,api_da_plataforma_ficticia,2026-09-01T08:00:00-03:00
P002732,CR0018,creator_ficticio_018,TikTok,2026-06-16T02:53:00-03:00,video,False,,,2858,179,19,29,api_da_plataforma_ficticia,2026-09-01T08:00:00-03:00
P002733,CR0101,creator_ficticio_101,Instagram,2026-08-27T08:55:00-03:00,imagem,False,,,14782,781,97,93,api_da_plataforma_ficticia,2026-09-01T08:00:00-03:00
P002734,CR0113,creator_ficticio_113,TikTok,2026-07-20T14:34:00-03:00,video,False,,,229,4,1,2,api_da_plataforma_ficticia,2026-09-01T08:00:00-03:00
P002735,CR0114,creator_ficticio_114,Instagram,2026-07-11T17:10:00-03:00,video,False,,,1573,59,8,10,api_da_plataforma_ficticia,2026-09-01T08:00:00-03:00
P002736,CR0014,creator_ficticio_014,TikTok,2026-07-15T03:56:00-03:00,carrossel,False,,,1999,240,28,27,api_da_plataforma_ficticia,2026-09-01T08:00:00-03:00
P002737,CR0102,creator_ficticio_102,YouTube,2026-06-05T21:42:00-03:00,video,False,,,23000,1698,203,203,api_da_plataforma_ficticia,2026-09-01T08:00:00-03:00
P002738,CR0145,creator_ficticio_145,Instagram,2026-06-18T19:01:00-03:00,carrossel,True,CRM-00045,500.0,4473,298,36,33,api_da_plataforma_ficticia,2026-09-01T08:00:00-03:00
P002739,CR0047,creator_ficticio_047,Instagram,2026-06-29T07:22:00-03:00,video,False,,,2874,41,6,8,api_da_plataforma_ficticia,2026-09-01T08:00:00-03:00
P002740,CR0122,creator_ficticio_122,YouTube,2026-06-03T10:21:00-03:00,imagem,False,,,545,50,11,3,api_da_plataforma_ficticia,2026-09-01T08:00:00-03:00
P002741,CR0099,creator_ficticio_099,TikTok,2026-08-11T05:16:00-03:00,carrossel,True,CRM-00044,1200.0,1506,65,5,11,api_da_plataforma_ficticia,2026-09-01T08:00:00-03:00
P002742,CR0131,creator_ficticio_131,TikTok,2026-06-11T12:46:00-03:00,imagem,True,CRM-00013,3000.0,100,4,2,0,api_da_plataforma_ficticia,2026-09-01T08:00:00-03:00
P002743,CR0132,creator_ficticio_132,Instagram,2026-06-02T08:44:00-03:00,imagem,False,,,8136,566,74,77,api_da_plataforma_ficticia,2026-09-01T08:00:00-03:00
P002744,CR0032,creator_ficticio_032,Instagram,2026-08-22T16:30:00-03:00,video,True,CRM-00034,1200.0,122442,6053,775,811,api_da_plataforma_ficticia,2026-09-01T08:00:00-03:00
P002745,CR0139,creator_ficticio_139,YouTube,2026-06-18T16:10:00-03:00,video,False,,,209,16,4,0,api_da_plataforma_ficticia,2026-09-01T08:00:00-03:00
P002746,CR0071,creator_ficticio_071,Instagram,2026-08-17T07:25:00-03:00,video,False,,,2980,134,18,12,api_da_plataforma_ficticia,2026-09-01T08:00:00-03:00
P002747,CR0061,creator_ficticio_061,YouTube,2026-07-07T23:47:00-03:00,carrossel,True,CRM-00031,500.0,1321,77,11,9,api_da_plataforma_ficticia,2026-09-01T08:00:00-03:00
P002748,CR0001,creator_ficticio_001,YouTube,2026-06-14T10:42:00-03:00,carrossel,True,CRM-00040,3000.0,17385,241,33,37,api_da_plataforma_ficticia,2026-09-01T08:00:00-03:00
P002749,CR0132,creator_ficticio_132,Instagram,2026-08-25T16:40:00-03:00,video,False,,,54447,4669,592,604,api_da_plataforma_ficticia,2026-09-01T08:00:00-03:00
P002750,CR0006,creator_ficticio_006,TikTok,2026-07-08T20:03:00-03:00,video,False,,,28754,464,40,55,api_da_plataforma_ficticia,2026-09-01T08:00:00-03:00
P002751,CR0111,creator_ficticio_111,Instagram,2026-07-13T18:31:00-03:00,imagem,False,,,33,1,0,0,api_da_plataforma_ficticia,2026-09-01T08:00:00-03:00
P002752,CR0142,creator_ficticio_142,YouTube,2026-08-21T15:13:00-03:00,carrossel,False,,,2319,131,23,23,api_da_plataforma_ficticia,2026-09-01T08:00:00-03:00
P002753,CR0032,creator_ficticio_032,Instagram,2026-06-02T22:10:00-03:00,imagem,True,CRM-00006,3000.0,7074,400,52,40,api_da_plataforma_ficticia,2026-09-01T08:00:00-03:00
P002754,CR0003,creator_ficticio_003,TikTok,2026-08-07T04:38:00-03:00,video,False,,,152263,9966,1297,1230,api_da_plataforma_ficticia,2026-09-01T08:00:00-03:00
P002755,CR0084,creator_ficticio_084,YouTube,2026-06-02T11:29:00-03:00,video,False,,,904,5,0,1,api_da_plataforma_ficticia,2026-09-01T08:00:00-03:00
P002756,CR0133,creator_ficticio_133,Instagram,2026-08-27T10:28:00-03:00,video,False,,,350,6,2,0,api_da_plataforma_ficticia,2026-09-01T08:00:00-03:00
P002757,CR0042,creator_ficticio_042,TikTok,2026-08-16T14:04:00-03:00,imagem,False,,,385,10,3,1,api_da_plataforma_ficticia,2026-09-01T08:00:00-03:00
P002758,CR0102,creator_ficticio_102,TikTok,2026-06-27T00:41:00-03:00,carrossel,True,CRM-00015,500.0,62655,1085,155,159,api_da_plataforma_ficticia,2026-09-01T08:00:00-03:00
P002759,CR0031,creator_ficticio_031,YouTube,2026-06-18T21:42:00-03:00,video,True,CRM-00027,500.0,73,2,2,0,api_da_plataforma_ficticia,2026-09-01T08:00:00-03:00
P002760,CR0051,creator_ficticio_051,Instagram,2026-07-28T18:05:00-03:00,video,True,CRM-00025,3000.0,41145,3800,504,487,api_da_plataforma_ficticia,2026-09-01T08:00:00-03:00
P002761,CR0074,creator_ficticio_074,Instagram,2026-07-07T05:08:00-03:00,imagem,False,,,1064,84,12,7,api_da_plataforma_ficticia,2026-09-01T08:00:00-03:00
P002762,CR0073,creator_ficticio_073,YouTube,2026-06-12T08:00:00-03:00,imagem,False,,,510,55,7,6,api_da_plataforma_ficticia,2026-09-01T08:00:00-03:00
P002763,CR0094,creator_ficticio_094,Instagram,2026-08-05T13:41:00-03:00,video,False,,,10754,1075,134,130,api_da_plataforma_ficticia,2026-09-01T08:00:00-03:00
P002764,CR0015,creator_ficticio_015,YouTube,2026-07-02T06:59:00-03:00,video,False,,,299,48,5,3,api_da_plataforma_ficticia,2026-09-01T08:00:00-03:00
P002765,CR0003,creator_ficticio_003,TikTok,2026-08-15T16:21:00-03:00,imagem,True,CRM-00046,500.0,110957,918,110,129,api_da_plataforma_ficticia,2026-09-01T08:00:00-03:00
P002766,CR0041,creator_ficticio_041,TikTok,2026-07-28T23:27:00-03:00,video,True,CRM-00004,1200.0,4938,756,97,106,api_da_plataforma_ficticia,2026-09-01T08:00:00-03:00
P002767,CR0046,creator_ficticio_046,TikTok,2026-07-09T00:38:00-03:00,video,False,,,28408,823,101,101,api_da_plataforma_ficticia,2026-09-01T08:00:00-03:00
P002768,CR0111,creator_ficticio_111,Instagram,2026-07-13T04:38:00-03:00,imagem,False,,,177,17,2,2,api_da_plataforma_ficticia,2026-09-01T08:00:00-03:00
P002769,CR0058,creator_ficticio_058,YouTube,2026-07-03T01:22:00-03:00,carrossel,False,,,1439,38,4,7,api_da_plataforma_ficticia,2026-09-01T08:00:00-03:00
P002770,CR0116,creator_ficticio_116,TikTok,2026-08-28T13:01:00-03:00,video,False,,,543,36,4,3,api_da_plataforma_ficticia,2026-09-01T08:00:00-03:00
P002771,CR0034,creator_ficticio_034,Instagram,2026-08-05T17:13:00-03:00,carrossel,False,,,1009,49,6,9,api_da_plataforma_ficticia,2026-09-01T08:00:00-03:00
P002772,CR0001,creator_ficticio_001,YouTube,2026-07-01T20:25:00-03:00,video,False,,,6955,36,3,6,api_da_plataforma_ficticia,2026-09-01T08:00:00-03:00
P002773,CR0107,creator_ficticio_107,TikTok,2026-06-05T08:31:00-03:00,carrossel,False,,,30865,1007,119,144,api_da_plataforma_ficticia,2026-09-01T08:00:00-03:00
P002774,CR0074,creator_ficticio_074,Instagram,2026-08-02T07:24:00-03:00,video,False,,,3194,73,12,10,api_da_plataforma_ficticia,2026-09-01T08:00:00-03:00
P002775,CR0033,creator_ficticio_033,TikTok,2026-07-28T12:51:00-03:00,video,False,,,1110,75,8,7,api_da_plataforma_ficticia,2026-09-01T08:00:00-03:00
P002776,CR0096,creator_ficticio_096,YouTube,2026-06-08T00:39:00-03:00,carrossel,False,,,12794,843,102,97,api_da_plataforma_ficticia,2026-09-01T08:00:00-03:00
P002777,CR0088,creator_ficticio_088,Instagram,2026-08-14T00:12:00-03:00,video,False,,,2198,72,12,6,api_da_plataforma_ficticia,2026-09-01T08:00:00-03:00
P002778,CR0060,creator_ficticio_060,YouTube,2026-07-23T10:21:00-03:00,carrossel,True,CRM-00006,15000.0,244,12,1,1,api_da_plataforma_ficticia,2026-09-01T08:00:00-03:00
P002779,CR0124,creator_ficticio_124,TikTok,2026-08-17T17:07:00-03:00,imagem,False,,,212,24,3,3,api_da_plataforma_ficticia,2026-09-01T08:00:00-03:00
P002780,CR0134,creator_ficticio_134,YouTube,2026-08-03T07:32:00-03:00,imagem,False,,,444,4,1,0,api_da_plataforma_ficticia,2026-09-01T08:00:00-03:00
P002781,CR0139,creator_ficticio_139,YouTube,2026-07-11T04:53:00-03:00,video,False,,,72,7,1,0,api_da_plataforma_ficticia,2026-09-01T08:00:00-03:00
P002782,CR0049,creator_ficticio_049,TikTok,2026-07-05T14:58:00-03:00,video,False,,,14167,1856,232,240,api_da_plataforma_ficticia,2026-09-01T08:00:00-03:00
P002783,CR0026,creator_ficticio_026,TikTok,2026-06-28T19:23:00-03:00,video,False,,,1350,8,1,1,api_da_plataforma_ficticia,2026-09-01T08:00:00-03:00
P002784,CR0060,creator_ficticio_060,TikTok,2026-08-09T22:37:00-03:00,video,False,,,309,12,1,1,api_da_plataforma_ficticia,2026-09-01T08:00:00-03:00
P002785,CR0034,creator_ficticio_034,YouTube,2026-06-20T01:32:00-03:00,carrossel,False,,,765,34,4,6,api_da_plataforma_ficticia,2026-09-01T08:00:00-03:00
P002786,CR0071,creator_ficticio_071,YouTube,2026-07-22T02:06:00-03:00,video,False,,,693,29,4,0,api_da_plataforma_ficticia,2026-09-01T08:00:00-03:00
P002787,CR0040,creator_ficticio_040,YouTube,2026-07-11T06:59:00-03:00,imagem,False,,,1018,72,10,9,api_da_plataforma_ficticia,2026-09-01T08:00:00-03:00
P002788,CR0140,creator_ficticio_140,Instagram,2026-08-06T12:13:00-03:00,carrossel,False,,,52866,362,40,38,api_da_plataforma_ficticia,2026-09-01T08:00:00-03:00
P002789,CR0051,creator_ficticio_051,YouTube,2026-07-05T14:45:00-03:00,video,False,,,50876,625,80,100,api_da_plataforma_ficticia,2026-09-01T08:00:00-03:00
P002790,CR0075,creator_ficticio_075,Instagram,2026-07-30T11:52:00-03:00,imagem,True,CRM-00025,3000.0,758,81,12,10,api_da_plataforma_ficticia,2026-09-01T08:00:00-03:00
P002791,CR0042,creator_ficticio_042,TikTok,2026-07-04T08:46:00-03:00,video,False,,,426,17,4,1,api_da_plataforma_ficticia,2026-09-01T08:00:00-03:00
P002792,CR0034,creator_ficticio_034,Instagram,2026-08-16T10:08:00-03:00,imagem,True,CRM-00004,15000.0,897,37,2,4,api_da_plataforma_ficticia,2026-09-01T08:00:00-03:00
P002793,CR0105,creator_ficticio_105,Instagram,2026-07-21T20:19:00-03:00,imagem,False,,,637,25,1,3,api_da_plataforma_ficticia,2026-09-01T08:00:00-03:00
P002794,CR0054,creator_ficticio_054,Instagram,2026-07-14T10:45:00-03:00,imagem,False,,,2317,300,32,44,api_da_plataforma_ficticia,2026-09-01T08:00:00-03:00
P002795,CR0070,creator_ficticio_070,TikTok,2026-07-04T17:28:00-03:00,carrossel,True,CRM-00021,1200.0,118,11,0,0,api_da_plataforma_ficticia,2026-09-01T08:00:00-03:00
P002796,CR0130,creator_ficticio_130,TikTok,2026-08-16T07:18:00-03:00,imagem,False,,,270,12,1,2,api_da_plataforma_ficticia,2026-09-01T08:00:00-03:00
P002797,CR0007,creator_ficticio_007,TikTok,2026-08-17T20:21:00-03:00,carrossel,False,,,899,47,3,6,api_da_plataforma_ficticia,2026-09-01T08:00:00-03:00
P002798,CR0024,creator_ficticio_024,Instagram,2026-06-08T21:22:00-03:00,video,False,,,5781,105,17,11,api_da_plataforma_ficticia,2026-09-01T08:00:00-03:00
P002799,CR0030,creator_ficticio_030,Instagram,2026-08-09T20:14:00-03:00,carrossel,False,,,13378,555,72,65,api_da_plataforma_ficticia,2026-09-01T08:00:00-03:00
P002800,CR0026,creator_ficticio_026,YouTube,2026-07-01T20:25:00-03:00,video,False,,,1887,54,4,8,api_da_plataforma_ficticia,2026-09-01T08:00:00-03:00
P002801,CR0037,creator_ficticio_037,YouTube,2026-07-06T18:27:00-03:00,video,False,,,2856,60,6,8,api_da_plataforma_ficticia,2026-09-01T08:00:00-03:00
P002802,CR0004,creator_ficticio_004,Instagram,2026-07-14T17:33:00-03:00,imagem,False,,,1589,112,18,12,api_da_plataforma_ficticia,2026-09-01T08:00:00-03:00
P002803,CR0115,creator_ficticio_115,TikTok,2026-06-13T16:27:00-03:00,video,True,CRM-00034,500.0,130206,5858,722,764,api_da_plataforma_ficticia,2026-09-01T08:00:00-03:00
P002804,CR0097,creator_ficticio_097,YouTube,2026-08-06T16:52:00-03:00,imagem,False,,,1988,116,10,9,api_da_plataforma_ficticia,2026-09-01T08:00:00-03:00
P002805,CR0019,creator_ficticio_019,TikTok,2026-06-23T23:15:00-03:00,video,False,,,74,9,1,1,api_da_plataforma_ficticia,2026-09-01T08:00:00-03:00
P002806,CR0119,creator_ficticio_119,YouTube,2026-07-07T10:56:00-03:00,carrossel,True,CRM-00050,3000.0,8229,140,22,28,api_da_plataforma_ficticia,2026-09-01T08:00:00-03:00
P002807,CR0014,creator_ficticio_014,Instagram,2026-08-04T20:24:00-03:00,carrossel,True,CRM-00044,1200.0,35192,865,111,100,api_da_plataforma_ficticia,2026-09-01T08:00:00-03:00
P002808,CR0029,creator_ficticio_029,YouTube,2026-06-28T03:31:00-03:00,carrossel,False,,,1172,27,0,3,api_da_plataforma_ficticia,2026-09-01T08:00:00-03:00
P002809,CR0095,creator_ficticio_095,Instagram,2026-07-15T01:46:00-03:00,carrossel,True,CRM-00045,1200.0,336650,9333,1097,1207,api_da_plataforma_ficticia,2026-09-01T08:00:00-03:00
P002810,CR0120,creator_ficticio_120,Instagram,2026-06-06T21:56:00-03:00,carrossel,False,,,28125,1086,132,142,api_da_plataforma_ficticia,2026-09-01T08:00:00-03:00
P002811,CR0012,creator_ficticio_012,TikTok,2026-07-27T19:18:00-03:00,video,True,CRM-00025,500.0,1522,120,12,11,api_da_plataforma_ficticia,2026-09-01T08:00:00-03:00
P002812,CR0000,creator_ficticio_000,Instagram,2026-07-30T22:59:00-03:00,carrossel,True,CRM-00055,1200.0,2013,233,21,22,api_da_plataforma_ficticia,2026-09-01T08:00:00-03:00
P002813,CR0105,creator_ficticio_105,YouTube,2026-06-04T01:53:00-03:00,video,True,CRM-00010,3000.0,602,15,2,0,api_da_plataforma_ficticia,2026-09-01T08:00:00-03:00
P002814,CR0125,creator_ficticio_125,YouTube,2026-06-12T21:09:00-03:00,carrossel,True,CRM-00044,1200.0,25852,2211,262,278,api_da_plataforma_ficticia,2026-09-01T08:00:00-03:00
P002815,CR0026,creator_ficticio_026,TikTok,2026-08-15T06:40:00-03:00,video,False,,,136,7,0,2,api_da_plataforma_ficticia,2026-09-01T08:00:00-03:00
P002816,CR0099,creator_ficticio_099,TikTok,2026-06-19T17:15:00-03:00,imagem,False,,,1863,29,2,2,api_da_plataforma_ficticia,2026-09-01T08:00:00-03:00
P002817,CR0094,creator_ficticio_094,TikTok,2026-08-05T09:45:00-03:00,video,False,,,8439,278,31,27,api_da_plataforma_ficticia,2026-09-01T08:00:00-03:00
P002818,CR0006,creator_ficticio_006,TikTok,2026-07-04T23:20:00-03:00,carrossel,False,,,9672,839,104,95,api_da_plataforma_ficticia,2026-09-01T08:00:00-03:00
P002819,CR0052,creator_ficticio_052,Instagram,2026-08-29T18:34:00-03:00,carrossel,False,,,978,114,15,13,api_da_plataforma_ficticia,2026-09-01T08:00:00-03:00
P002820,CR0000,creator_ficticio_000,YouTube,2026-08-21T23:34:00-03:00,carrossel,False,,,1078,69,11,8,api_da_plataforma_ficticia,2026-09-01T08:00:00-03:00
P002821,CR0011,creator_ficticio_011,TikTok,2026-08-26T14:50:00-03:00,video,True,CRM-00050,500.0,738,7,3,0,api_da_plataforma_ficticia,2026-09-01T08:00:00-03:00
P002822,CR0036,creator_ficticio_036,YouTube,2026-08-14T18:32:00-03:00,video,False,,,556,31,4,12,api_da_plataforma_ficticia,2026-09-01T08:00:00-03:00
P002823,CR0104,creator_ficticio_104,Instagram,2026-08-13T19:09:00-03:00,imagem,False,,,180236,9085,1110,1111,api_da_plataforma_ficticia,2026-09-01T08:00:00-03:00
P002824,CR0089,creator_ficticio_089,TikTok,2026-08-05T04:26:00-03:00,carrossel,False,,,9328,883,100,125,api_da_plataforma_ficticia,2026-09-01T08:00:00-03:00
P002825,CR0000,creator_ficticio_000,Instagram,2026-08-24T12:51:00-03:00,imagem,False,,,8570,285,40,45,api_da_plataforma_ficticia,2026-09-01T08:00:00-03:00
P002826,CR0147,creator_ficticio_147,YouTube,2026-08-25T02:42:00-03:00,carrossel,False,,,28375,2400,279,337,api_da_plataforma_ficticia,2026-09-01T08:00:00-03:00
P002827,CR0112,creator_ficticio_112,Instagram,2026-07-12T09:38:00-03:00,carrossel,False,,,4774,355,44,36,api_da_plataforma_ficticia,2026-09-01T08:00:00-03:00
P002828,CR0001,creator_ficticio_001,Instagram,2026-08-20T19:23:00-03:00,carrossel,True,CRM-00025,500.0,629,44,4,5,api_da_plataforma_ficticia,2026-09-01T08:00:00-03:00
P002829,CR0135,creator_ficticio_135,Instagram,2026-08-06T15:56:00-03:00,carrossel,True,CRM-00003,3000.0,161134,4480,570,570,api_da_plataforma_ficticia,2026-09-01T08:00:00-03:00
P002830,CR0147,creator_ficticio_147,Instagram,2026-07-20T03:30:00-03:00,imagem,True,CRM-00016,500.0,2063,81,8,12,api_da_plataforma_ficticia,2026-09-01T08:00:00-03:00
P002831,CR0031,creator_ficticio_031,YouTube,2026-06-11T20:36:00-03:00,carrossel,True,CRM-00023,3000.0,501277,15229,1878,1933,api_da_plataforma_ficticia,2026-09-01T08:00:00-03:00
P002832,CR0064,creator_ficticio_064,TikTok,2026-07-27T03:55:00-03:00,carrossel,False,,,11652,1007,114,118,api_da_plataforma_ficticia,2026-09-01T08:00:00-03:00
P002833,CR0072,creator_ficticio_072,YouTube,2026-08-12T18:03:00-03:00,video,False,,,89660,1721,214,186,api_da_plataforma_ficticia,2026-09-01T08:00:00-03:00
P002834,CR0095,creator_ficticio_095,TikTok,2026-07-30T09:01:00-03:00,video,False,,,11546,300,43,34,api_da_plataforma_ficticia,2026-09-01T08:00:00-03:00
P002835,CR0107,creator_ficticio_107,TikTok,2026-06-04T00:26:00-03:00,imagem,True,CRM-00016,500.0,1949,43,8,1,api_da_plataforma_ficticia,2026-09-01T08:00:00-03:00
P002836,CR0106,creator_ficticio_106,TikTok,2026-07-08T04:29:00-03:00,imagem,True,CRM-00004,15000.0,171,3,0,1,api_da_plataforma_ficticia,2026-09-01T08:00:00-03:00
P002837,CR0045,creator_ficticio_045,YouTube,2026-08-17T08:22:00-03:00,video,True,CRM-00019,15000.0,3707,35,3,5,api_da_plataforma_ficticia,2026-09-01T08:00:00-03:00
P002838,CR0046,creator_ficticio_046,TikTok,2026-08-11T19:01:00-03:00,carrossel,False,,,71214,4699,577,590,api_da_plataforma_ficticia,2026-09-01T08:00:00-03:00
P002839,CR0089,creator_ficticio_089,TikTok,2026-08-27T11:19:00-03:00,imagem,False,,,5918,846,97,91,api_da_plataforma_ficticia,2026-09-01T08:00:00-03:00
P002840,CR0035,creator_ficticio_035,YouTube,2026-06-10T01:38:00-03:00,carrossel,False,,,2971,120,19,14,api_da_plataforma_ficticia,2026-09-01T08:00:00-03:00
P002841,CR0004,creator_ficticio_004,YouTube,2026-07-20T20:46:00-03:00,video,False,,,101495,1943,250,245,api_da_plataforma_ficticia,2026-09-01T08:00:00-03:00
P002842,CR0065,creator_ficticio_065,TikTok,2026-07-17T01:41:00-03:00,imagem,False,,,21311,812,108,104,api_da_plataforma_ficticia,2026-09-01T08:00:00-03:00
P002843,CR0048,creator_ficticio_048,Instagram,2026-06-10T21:50:00-03:00,video,False,,,29069,956,108,120,api_da_plataforma_ficticia,2026-09-01T08:00:00-03:00
P002844,CR0114,creator_ficticio_114,Instagram,2026-08-10T13:36:00-03:00,video,True,CRM-00039,500.0,4704,152,22,20,api_da_plataforma_ficticia,2026-09-01T08:00:00-03:00
P002845,CR0044,creator_ficticio_044,TikTok,2026-06-20T20:59:00-03:00,video,False,,,14085,888,111,125,api_da_plataforma_ficticia,2026-09-01T08:00:00-03:00
P002846,CR0149,creator_ficticio_149,TikTok,2026-08-06T09:48:00-03:00,imagem,False,,,2055,57,8,8,api_da_plataforma_ficticia,2026-09-01T08:00:00-03:00
P002847,CR0100,creator_ficticio_100,TikTok,2026-06-27T02:39:00-03:00,video,False,,,59,1,0,0,api_da_plataforma_ficticia,2026-09-01T08:00:00-03:00
P002848,CR0113,creator_ficticio_113,YouTube,2026-07-13T14:08:00-03:00,carrossel,False,,,236,25,2,1,api_da_plataforma_ficticia,2026-09-01T08:00:00-03:00
P002849,CR0093,creator_ficticio_093,Instagram,2026-06-19T18:49:00-03:00,imagem,True,CRM-00010,3000.0,332,46,4,4,api_da_plataforma_ficticia,2026-09-01T08:00:00-03:00
P002850,CR0139,creator_ficticio_139,TikTok,2026-08-05T17:58:00-03:00,imagem,True,CRM-00055,3000.0,206,17,2,2,api_da_plataforma_ficticia,2026-09-01T08:00:00-03:00
P002851,CR0102,creator_ficticio_102,YouTube,2026-08-06T04:24:00-03:00,video,False,,,24259,1399,181,161,api_da_plataforma_ficticia,2026-09-01T08:00:00-03:00
P002852,CR0138,creator_ficticio_138,TikTok,2026-06-08T05:43:00-03:00,imagem,False,,,3026,77,19,11,api_da_plataforma_ficticia,2026-09-01T08:00:00-03:00
P002853,CR0131,creator_ficticio_131,Instagram,2026-08-25T23:06:00-03:00,imagem,False,,,580,26,2,5,api_da_plataforma_ficticia,2026-09-01T08:00:00-03:00
P002854,CR0109,creator_ficticio_109,YouTube,2026-08-13T07:49:00-03:00,carrossel,False,,,5921,673,80,86,api_da_plataforma_ficticia,2026-09-01T08:00:00-03:00
P002855,CR0140,creator_ficticio_140,Instagram,2026-06-08T03:51:00-03:00,video,True,CRM-00035,15000.0,44184,2803,357,359,api_da_plataforma_ficticia,2026-09-01T08:00:00-03:00
P002856,CR0004,creator_ficticio_004,TikTok,2026-06-11T15:08:00-03:00,carrossel,True,CRM-00034,3000.0,8443,735,97,98,api_da_plataforma_ficticia,2026-09-01T08:00:00-03:00
P002857,CR0015,creator_ficticio_015,Instagram,2026-08-06T21:51:00-03:00,imagem,False,,,2685,47,5,12,api_da_plataforma_ficticia,2026-09-01T08:00:00-03:00
P002858,CR0107,creator_ficticio_107,Instagram,2026-07-18T11:59:00-03:00,video,False,,,20786,157,19,16,api_da_plataforma_ficticia,2026-09-01T08:00:00-03:00
P002859,CR0095,creator_ficticio_095,YouTube,2026-07-31T00:35:00-03:00,video,False,,,13821,150,20,17,api_da_plataforma_ficticia,2026-09-01T08:00:00-03:00
P002860,CR0014,creator_ficticio_014,YouTube,2026-06-29T16:26:00-03:00,imagem,True,CRM-00038,1200.0,88489,6037,756,684,api_da_plataforma_ficticia,2026-09-01T08:00:00-03:00
P002861,CR0050,creator_ficticio_050,YouTube,2026-06-15T09:51:00-03:00,imagem,True,CRM-00037,1200.0,67592,819,114,96,api_da_plataforma_ficticia,2026-09-01T08:00:00-03:00
P002862,CR0096,creator_ficticio_096,TikTok,2026-07-05T00:27:00-03:00,video,False,,,2479,155,22,25,api_da_plataforma_ficticia,2026-09-01T08:00:00-03:00
P002863,CR0047,creator_ficticio_047,TikTok,2026-06-02T19:42:00-03:00,video,False,,,4893,116,14,19,api_da_plataforma_ficticia,2026-09-01T08:00:00-03:00
P002864,CR0134,creator_ficticio_134,TikTok,2026-08-13T05:24:00-03:00,carrossel,True,CRM-00052,3000.0,1613,27,1,5,api_da_plataforma_ficticia,2026-09-01T08:00:00-03:00
P002865,CR0123,creator_ficticio_123,Instagram,2026-08-08T17:56:00-03:00,carrossel,False,,,15869,859,92,128,api_da_plataforma_ficticia,2026-09-01T08:00:00-03:00
P002866,CR0036,creator_ficticio_036,YouTube,2026-07-25T01:56:00-03:00,video,False,,,1725,34,6,5,api_da_plataforma_ficticia,2026-09-01T08:00:00-03:00
P002867,CR0079,creator_ficticio_079,TikTok,2026-06-19T17:49:00-03:00,carrossel,False,,,808,17,4,2,api_da_plataforma_ficticia,2026-09-01T08:00:00-03:00
P002868,CR0070,creator_ficticio_070,TikTok,2026-07-25T22:20:00-03:00,video,False,,,2322,239,34,31,api_da_plataforma_ficticia,2026-09-01T08:00:00-03:00
P002869,CR0066,creator_ficticio_066,TikTok,2026-06-05T16:24:00-03:00,carrossel,False,,,1196,28,8,1,api_da_plataforma_ficticia,2026-09-01T08:00:00-03:00
P002870,CR0099,creator_ficticio_099,YouTube,2026-07-23T09:29:00-03:00,carrossel,False,,,1506,110,14,14,api_da_plataforma_ficticia,2026-09-01T08:00:00-03:00
P002871,CR0028,creator_ficticio_028,TikTok,2026-08-25T11:37:00-03:00,video,False,,,1135,64,4,9,api_da_plataforma_ficticia,2026-09-01T08:00:00-03:00
P002872,CR0061,creator_ficticio_061,TikTok,2026-08-06T12:36:00-03:00,video,False,,,38,0,0,0,api_da_plataforma_ficticia,2026-09-01T08:00:00-03:00
P002873,CR0111,creator_ficticio_111,Instagram,2026-07-27T11:11:00-03:00,carrossel,True,CRM-00052,15000.0,35,1,0,0,api_da_plataforma_ficticia,2026-09-01T08:00:00-03:00
P002874,CR0039,creator_ficticio_039,YouTube,2026-06-02T01:10:00-03:00,carrossel,False,,,14700,155,22,28,api_da_plataforma_ficticia,2026-09-01T08:00:00-03:00
P002875,CR0130,creator_ficticio_130,YouTube,2026-07-07T14:31:00-03:00,video,True,CRM-00018,15000.0,825,19,2,6,api_da_plataforma_ficticia,2026-09-01T08:00:00-03:00
P002876,CR0007,creator_ficticio_007,YouTube,2026-08-14T14:43:00-03:00,video,False,,,1148,158,29,18,api_da_plataforma_ficticia,2026-09-01T08:00:00-03:00
P002877,CR0100,creator_ficticio_100,Instagram,2026-06-14T09:36:00-03:00,imagem,False,,,129,7,0,1,api_da_plataforma_ficticia,2026-09-01T08:00:00-03:00
P002878,CR0100,creator_ficticio_100,Instagram,2026-06-17T22:01:00-03:00,video,False,,,1091,62,8,9,api_da_plataforma_ficticia,2026-09-01T08:00:00-03:00
P002879,CR0108,creator_ficticio_108,TikTok,2026-06-16T12:26:00-03:00,imagem,False,,,3548,94,11,9,api_da_plataforma_ficticia,2026-09-01T08:00:00-03:00
P002880,CR0094,creator_ficticio_094,YouTube,2026-08-28T14:18:00-03:00,carrossel,False,,,888,71,8,7,api_da_plataforma_ficticia,2026-09-01T08:00:00-03:00
P002881,CR0016,creator_ficticio_016,TikTok,2026-08-02T00:42:00-03:00,imagem,False,,,16219,226,23,24,api_da_plataforma_ficticia,2026-09-01T08:00:00-03:00
P002882,CR0047,creator_ficticio_047,TikTok,2026-08-26T01:07:00-03:00,carrossel,True,CRM-00026,1200.0,292,5,0,0,api_da_plataforma_ficticia,2026-09-01T08:00:00-03:00
P002883,CR0047,creator_ficticio_047,YouTube,2026-08-13T19:36:00-03:00,imagem,False,,,2559,73,11,7,api_da_plataforma_ficticia,2026-09-01T08:00:00-03:00
P002884,CR0039,creator_ficticio_039,Instagram,2026-06-17T16:59:00-03:00,video,True,CRM-00028,500.0,11119,322,40,39,api_da_plataforma_ficticia,2026-09-01T08:00:00-03:00
P002885,CR0070,creator_ficticio_070,TikTok,2026-06-23T07:28:00-03:00,carrossel,False,,,102,4,0,1,api_da_plataforma_ficticia,2026-09-01T08:00:00-03:00
P002886,CR0056,creator_ficticio_056,TikTok,2026-06-13T16:35:00-03:00,imagem,True,CRM-00050,1200.0,767,21,2,1,api_da_plataforma_ficticia,2026-09-01T08:00:00-03:00
P002887,CR0117,creator_ficticio_117,TikTok,2026-07-05T08:42:00-03:00,video,True,CRM-00052,1200.0,2450,92,16,7,api_da_plataforma_ficticia,2026-09-01T08:00:00-03:00
P002888,CR0027,creator_ficticio_027,TikTok,2026-06-22T18:49:00-03:00,imagem,False,,,71747,10860,1373,1367,api_da_plataforma_ficticia,2026-09-01T08:00:00-03:00
P002889,CR0014,creator_ficticio_014,TikTok,2026-07-14T16:35:00-03:00,imagem,False,,,3743,227,39,34,api_da_plataforma_ficticia,2026-09-01T08:00:00-03:00
P002890,CR0060,creator_ficticio_060,YouTube,2026-06-02T22:40:00-03:00,video,False,,,473,3,0,0,api_da_plataforma_ficticia,2026-09-01T08:00:00-03:00
P002891,CR0031,creator_ficticio_031,YouTube,2026-08-02T12:50:00-03:00,video,False,,,39306,3944,532,509,api_da_plataforma_ficticia,2026-09-01T08:00:00-03:00
P002892,CR0149,creator_ficticio_149,TikTok,2026-06-12T01:57:00-03:00,carrossel,False,,,30969,959,120,116,api_da_plataforma_ficticia,2026-09-01T08:00:00-03:00
P002893,CR0142,creator_ficticio_142,Instagram,2026-08-07T19:50:00-03:00,carrossel,False,,,2605,44,4,7,api_da_plataforma_ficticia,2026-09-01T08:00:00-03:00
P002894,CR0085,creator_ficticio_085,Instagram,2026-07-19T00:19:00-03:00,video,False,,,666,9,1,3,api_da_plataforma_ficticia,2026-09-01T08:00:00-03:00
P002895,CR0021,creator_ficticio_021,Instagram,2026-08-14T03:54:00-03:00,carrossel,False,,,14589,810,103,87,api_da_plataforma_ficticia,2026-09-01T08:00:00-03:00
P002896,CR0122,creator_ficticio_122,YouTube,2026-07-14T17:12:00-03:00,video,False,,,2005,48,10,6,api_da_plataforma_ficticia,2026-09-01T08:00:00-03:00
P002897,CR0109,creator_ficticio_109,TikTok,2026-08-22T14:00:00-03:00,imagem,True,CRM-00045,1200.0,25603,644,69,67,api_da_plataforma_ficticia,2026-09-01T08:00:00-03:00
P002898,CR0093,creator_ficticio_093,YouTube,2026-08-26T16:48:00-03:00,imagem,False,,,113,11,1,1,api_da_plataforma_ficticia,2026-09-01T08:00:00-03:00
P002899,CR0061,creator_ficticio_061,Instagram,2026-08-05T21:26:00-03:00,video,False,,,368,7,1,2,api_da_plataforma_ficticia,2026-09-01T08:00:00-03:00
P002900,CR0104,creator_ficticio_104,TikTok,2026-08-08T05:35:00-03:00,imagem,False,,,20900,99,13,10,api_da_plataforma_ficticia,2026-09-01T08:00:00-03:00
P002901,CR0131,creator_ficticio_131,YouTube,2026-07-10T11:24:00-03:00,imagem,False,,,2361,44,4,4,api_da_plataforma_ficticia,2026-09-01T08:00:00-03:00
P002902,CR0029,creator_ficticio_029,Instagram,2026-07-13T22:23:00-03:00,video,False,,,5795,197,28,25,api_da_plataforma_ficticia,2026-09-01T08:00:00-03:00
P002903,CR0010,creator_ficticio_010,Instagram,2026-07-02T13:27:00-03:00,video,True,CRM-00011,500.0,2531,176,20,26,api_da_plataforma_ficticia,2026-09-01T08:00:00-03:00
P002904,CR0058,creator_ficticio_058,TikTok,2026-06-15T09:52:00-03:00,video,False,,,8684,275,37,44,api_da_plataforma_ficticia,2026-09-01T08:00:00-03:00
P002905,CR0110,creator_ficticio_110,YouTube,2026-08-06T01:43:00-03:00,video,False,,,2599,107,12,11,api_da_plataforma_ficticia,2026-09-01T08:00:00-03:00
P002906,CR0070,creator_ficticio_070,TikTok,2026-08-26T18:37:00-03:00,imagem,False,,,1106,74,9,14,api_da_plataforma_ficticia,2026-09-01T08:00:00-03:00
P002907,CR0142,creator_ficticio_142,Instagram,2026-08-16T20:19:00-03:00,imagem,True,CRM-00008,500.0,4598,30,6,3,api_da_plataforma_ficticia,2026-09-01T08:00:00-03:00
P002908,CR0062,creator_ficticio_062,Instagram,2026-07-21T06:43:00-03:00,video,False,,,2846,161,17,16,api_da_plataforma_ficticia,2026-09-01T08:00:00-03:00
P002909,CR0105,creator_ficticio_105,YouTube,2026-08-14T20:05:00-03:00,video,False,,,12344,84,14,11,api_da_plataforma_ficticia,2026-09-01T08:00:00-03:00
P002910,CR0102,creator_ficticio_102,Instagram,2026-06-17T15:00:00-03:00,video,False,,,26173,2640,341,327,api_da_plataforma_ficticia,2026-09-01T08:00:00-03:00
P002911,CR0054,creator_ficticio_054,Instagram,2026-08-01T15:11:00-03:00,imagem,False,,,3593,97,9,11,api_da_plataforma_ficticia,2026-09-01T08:00:00-03:00
P002912,CR0108,creator_ficticio_108,YouTube,2026-08-16T23:50:00-03:00,imagem,False,,,175861,2574,302,314,api_da_plataforma_ficticia,2026-09-01T08:00:00-03:00
P002913,CR0145,creator_ficticio_145,YouTube,2026-08-24T03:55:00-03:00,video,False,,,19517,609,95,72,api_da_plataforma_ficticia,2026-09-01T08:00:00-03:00
P002914,CR0124,creator_ficticio_124,YouTube,2026-06-20T01:10:00-03:00,video,False,,,12184,352,41,58,api_da_plataforma_ficticia,2026-09-01T08:00:00-03:00
P002915,CR0120,creator_ficticio_120,Instagram,2026-06-23T09:00:00-03:00,carrossel,False,,,138863,15344,1934,1865,api_da_plataforma_ficticia,2026-09-01T08:00:00-03:00
P002916,CR0089,creator_ficticio_089,Instagram,2026-07-15T05:28:00-03:00,video,True,CRM-00055,3000.0,12393,610,64,69,api_da_plataforma_ficticia,2026-09-01T08:00:00-03:00
P002917,CR0101,creator_ficticio_101,TikTok,2026-08-17T10:45:00-03:00,video,True,CRM-00021,500.0,38336,427,55,40,api_da_plataforma_ficticia,2026-09-01T08:00:00-03:00
P002918,CR0104,creator_ficticio_104,YouTube,2026-07-23T22:34:00-03:00,carrossel,False,,,33099,946,101,111,api_da_plataforma_ficticia,2026-09-01T08:00:00-03:00
P002919,CR0040,creator_ficticio_040,TikTok,2026-08-17T00:03:00-03:00,carrossel,False,,,4135,164,18,19,api_da_plataforma_ficticia,2026-09-01T08:00:00-03:00
P002920,CR0134,creator_ficticio_134,Instagram,2026-07-29T13:04:00-03:00,video,False,,,3054,3,1,0,api_da_plataforma_ficticia,2026-09-01T08:00:00-03:00
P002921,CR0112,creator_ficticio_112,YouTube,2026-08-17T09:26:00-03:00,video,True,CRM-00035,3000.0,19885,943,127,120,api_da_plataforma_ficticia,2026-09-01T08:00:00-03:00
P002922,CR0070,creator_ficticio_070,YouTube,2026-08-26T13:23:00-03:00,carrossel,False,,,168,1,0,0,api_da_plataforma_ficticia,2026-09-01T08:00:00-03:00
P002923,CR0135,creator_ficticio_135,TikTok,2026-06-21T02:36:00-03:00,carrossel,True,CRM-00043,15000.0,42432,1422,188,201,api_da_plataforma_ficticia,2026-09-01T08:00:00-03:00
P002924,CR0085,creator_ficticio_085,YouTube,2026-06-24T09:33:00-03:00,video,True,CRM-00053,3000.0,1612,147,18,24,api_da_plataforma_ficticia,2026-09-01T08:00:00-03:00
P002925,CR0095,creator_ficticio_095,YouTube,2026-06-29T11:25:00-03:00,video,False,,,4039,202,19,24,api_da_plataforma_ficticia,2026-09-01T08:00:00-03:00
P002926,CR0045,creator_ficticio_045,YouTube,2026-07-10T01:03:00-03:00,carrossel,True,CRM-00056,15000.0,14297,975,111,117,api_da_plataforma_ficticia,2026-09-01T08:00:00-03:00
P002927,CR0057,creator_ficticio_057,Instagram,2026-07-08T05:56:00-03:00,carrossel,True,CRM-00044,3000.0,1235,72,6,1,api_da_plataforma_ficticia,2026-09-01T08:00:00-03:00
P002928,CR0137,creator_ficticio_137,TikTok,2026-07-19T12:00:00-03:00,imagem,True,CRM-00020,3000.0,3783,84,12,9,api_da_plataforma_ficticia,2026-09-01T08:00:00-03:00
P002929,CR0147,creator_ficticio_147,YouTube,2026-08-07T23:26:00-03:00,video,False,,,2953,34,6,11,api_da_plataforma_ficticia,2026-09-01T08:00:00-03:00
P002930,CR0061,creator_ficticio_061,TikTok,2026-08-14T08:31:00-03:00,video,False,,,18542,484,69,58,api_da_plataforma_ficticia,2026-09-01T08:00:00-03:00
P002931,CR0008,creator_ficticio_008,YouTube,2026-08-26T00:36:00-03:00,video,True,CRM-00009,15000.0,6650,259,27,28,api_da_plataforma_ficticia,2026-09-01T08:00:00-03:00
P002932,CR0037,creator_ficticio_037,YouTube,2026-07-02T22:07:00-03:00,carrossel,True,CRM-00007,1200.0,462,38,2,7,api_da_plataforma_ficticia,2026-09-01T08:00:00-03:00
P002933,CR0048,creator_ficticio_048,YouTube,2026-06-26T13:11:00-03:00,video,False,,,396995,21637,2706,2687,api_da_plataforma_ficticia,2026-09-01T08:00:00-03:00
P002934,CR0097,creator_ficticio_097,Instagram,2026-08-24T08:26:00-03:00,video,False,,,1608,98,11,12,api_da_plataforma_ficticia,2026-09-01T08:00:00-03:00
P002935,CR0144,creator_ficticio_144,Instagram,2026-08-06T06:40:00-03:00,carrossel,False,,,213,12,0,2,api_da_plataforma_ficticia,2026-09-01T08:00:00-03:00
P002936,CR0021,creator_ficticio_021,Instagram,2026-08-27T14:58:00-03:00,video,False,,,10178,651,70,94,api_da_plataforma_ficticia,2026-09-01T08:00:00-03:00
P002937,CR0092,creator_ficticio_092,YouTube,2026-06-29T19:32:00-03:00,carrossel,False,,,918,46,5,5,api_da_plataforma_ficticia,2026-09-01T08:00:00-03:00
P002938,CR0079,creator_ficticio_079,YouTube,2026-06-01T16:16:00-03:00,video,False,,,6436,780,82,99,api_da_plataforma_ficticia,2026-09-01T08:00:00-03:00
P002939,CR0014,creator_ficticio_014,YouTube,2026-07-27T19:21:00-03:00,carrossel,False,,,5389,536,65,65,api_da_plataforma_ficticia,2026-09-01T08:00:00-03:00
P002940,CR0131,creator_ficticio_131,Instagram,2026-08-08T02:57:00-03:00,imagem,False,,,4693,183,18,21,api_da_plataforma_ficticia,2026-09-01T08:00:00-03:00
P002941,CR0084,creator_ficticio_084,YouTube,2026-07-28T18:05:00-03:00,carrossel,True,CRM-00014,15000.0,20991,653,77,71,api_da_plataforma_ficticia,2026-09-01T08:00:00-03:00
P002942,CR0037,creator_ficticio_037,TikTok,2026-07-15T04:11:00-03:00,imagem,True,CRM-00038,3000.0,3724,54,6,7,api_da_plataforma_ficticia,2026-09-01T08:00:00-03:00
P002943,CR0149,creator_ficticio_149,TikTok,2026-06-30T20:25:00-03:00,video,False,,,1697,88,10,7,api_da_plataforma_ficticia,2026-09-01T08:00:00-03:00
P002944,CR0001,creator_ficticio_001,YouTube,2026-07-29T09:41:00-03:00,video,False,,,37889,873,121,108,api_da_plataforma_ficticia,2026-09-01T08:00:00-03:00
P002945,CR0139,creator_ficticio_139,TikTok,2026-06-16T12:10:00-03:00,video,False,,,1,0,0,0,api_da_plataforma_ficticia,2026-09-01T08:00:00-03:00
P002946,CR0024,creator_ficticio_024,TikTok,2026-07-10T03:22:00-03:00,imagem,False,,,16975,703,80,89,api_da_plataforma_ficticia,2026-09-01T08:00:00-03:00
P002947,CR0046,creator_ficticio_046,TikTok,2026-07-21T05:52:00-03:00,imagem,False,,,153512,4269,506,541,api_da_plataforma_ficticia,2026-09-01T08:00:00-03:00
P002948,CR0068,creator_ficticio_068,TikTok,2026-06-25T03:46:00-03:00,video,False,,,1646,35,3,4,api_da_plataforma_ficticia,2026-09-01T08:00:00-03:00
P002949,CR0037,creator_ficticio_037,TikTok,2026-08-14T16:07:00-03:00,video,False,,,895,65,9,7,api_da_plataforma_ficticia,2026-09-01T08:00:00-03:00
P002950,CR0046,creator_ficticio_046,Instagram,2026-06-27T08:20:00-03:00,imagem,False,,,128671,4958,639,606,api_da_plataforma_ficticia,2026-09-01T08:00:00-03:00
P002951,CR0040,creator_ficticio_040,YouTube,2026-06-26T07:31:00-03:00,imagem,False,,,4557,264,30,28,api_da_plataforma_ficticia,2026-09-01T08:00:00-03:00
P002952,CR0022,creator_ficticio_022,YouTube,2026-06-26T03:50:00-03:00,video,True,CRM-00027,1200.0,9465,327,48,37,api_da_plataforma_ficticia,2026-09-01T08:00:00-03:00
P002953,CR0032,creator_ficticio_032,YouTube,2026-07-11T21:47:00-03:00,carrossel,False,,,10281,421,42,47,api_da_plataforma_ficticia,2026-09-01T08:00:00-03:00
P002954,CR0018,creator_ficticio_018,Instagram,2026-07-01T12:32:00-03:00,video,False,,,2052,292,29,24,api_da_plataforma_ficticia,2026-09-01T08:00:00-03:00
P002955,CR0029,creator_ficticio_029,Instagram,2026-06-09T17:56:00-03:00,video,False,,,15863,524,75,64,api_da_plataforma_ficticia,2026-09-01T08:00:00-03:00
P002956,CR0044,creator_ficticio_044,Instagram,2026-08-05T03:46:00-03:00,video,False,,,33971,5065,605,607,api_da_plataforma_ficticia,2026-09-01T08:00:00-03:00
P002957,CR0045,creator_ficticio_045,YouTube,2026-07-01T20:02:00-03:00,imagem,True,CRM-00052,3000.0,13451,546,90,95,api_da_plataforma_ficticia,2026-09-01T08:00:00-03:00
P002958,CR0145,creator_ficticio_145,Instagram,2026-06-14T15:45:00-03:00,imagem,False,,,340597,51156,6318,6487,api_da_plataforma_ficticia,2026-09-01T08:00:00-03:00
P002959,CR0117,creator_ficticio_117,TikTok,2026-07-18T23:28:00-03:00,video,False,,,94,1,1,1,api_da_plataforma_ficticia,2026-09-01T08:00:00-03:00
P002960,CR0102,creator_ficticio_102,Instagram,2026-07-21T15:30:00-03:00,video,True,CRM-00041,15000.0,9074,307,33,42,api_da_plataforma_ficticia,2026-09-01T08:00:00-03:00
P002961,CR0079,creator_ficticio_079,TikTok,2026-07-24T00:20:00-03:00,video,False,,,2525,17,1,2,api_da_plataforma_ficticia,2026-09-01T08:00:00-03:00
P002962,CR0090,creator_ficticio_090,YouTube,2026-07-01T05:17:00-03:00,video,True,CRM-00054,500.0,18615,696,92,100,api_da_plataforma_ficticia,2026-09-01T08:00:00-03:00
P002963,CR0033,creator_ficticio_033,Instagram,2026-07-24T12:56:00-03:00,imagem,False,,,30883,1134,129,140,api_da_plataforma_ficticia,2026-09-01T08:00:00-03:00
P002964,CR0107,creator_ficticio_107,Instagram,2026-08-20T23:00:00-03:00,video,True,CRM-00046,15000.0,36055,737,86,97,api_da_plataforma_ficticia,2026-09-01T08:00:00-03:00
P002965,CR0125,creator_ficticio_125,YouTube,2026-06-20T14:16:00-03:00,video,False,,,2103,140,10,25,api_da_plataforma_ficticia,2026-09-01T08:00:00-03:00
P002966,CR0084,creator_ficticio_084,YouTube,2026-08-04T18:08:00-03:00,imagem,False,,,5634,332,36,32,api_da_plataforma_ficticia,2026-09-01T08:00:00-03:00
P002967,CR0065,creator_ficticio_065,TikTok,2026-08-15T11:10:00-03:00,imagem,True,CRM-00010,3000.0,23735,1802,217,229,api_da_plataforma_ficticia,2026-09-01T08:00:00-03:00
P002968,CR0139,creator_ficticio_139,Instagram,2026-06-30T13:23:00-03:00,video,False,,,2153,153,32,22,api_da_plataforma_ficticia,2026-09-01T08:00:00-03:00
P002969,CR0023,creator_ficticio_023,Instagram,2026-06-05T12:03:00-03:00,video,True,CRM-00006,15000.0,16932,1284,160,160,api_da_plataforma_ficticia,2026-09-01T08:00:00-03:00
P002970,CR0094,creator_ficticio_094,YouTube,2026-06-29T13:58:00-03:00,carrossel,False,,,4620,286,37,34,api_da_plataforma_ficticia,2026-09-01T08:00:00-03:00
P002971,CR0094,creator_ficticio_094,Instagram,2026-07-16T20:37:00-03:00,video,True,CRM-00037,500.0,4870,193,25,31,api_da_plataforma_ficticia,2026-09-01T08:00:00-03:00
P002972,CR0071,creator_ficticio_071,YouTube,2026-06-23T10:00:00-03:00,video,False,,,805,13,0,1,api_da_plataforma_ficticia,2026-09-01T08:00:00-03:00
P002973,CR0008,creator_ficticio_008,TikTok,2026-07-05T23:18:00-03:00,video,False,,,1755,84,9,8,api_da_plataforma_ficticia,2026-09-01T08:00:00-03:00
P002974,CR0016,creator_ficticio_016,TikTok,2026-08-21T15:01:00-03:00,video,False,,,1682,35,3,2,api_da_plataforma_ficticia,2026-09-01T08:00:00-03:00
P002975,CR0003,creator_ficticio_003,Instagram,2026-07-12T18:42:00-03:00,imagem,False,,,5140,36,6,10,api_da_plataforma_ficticia,2026-09-01T08:00:00-03:00
P002976,CR0074,creator_ficticio_074,TikTok,2026-08-08T20:40:00-03:00,carrossel,True,CRM-00054,500.0,71171,4220,532,532,api_da_plataforma_ficticia,2026-09-01T08:00:00-03:00
P002977,CR0117,creator_ficticio_117,YouTube,2026-07-09T23:58:00-03:00,video,False,,,36189,2694,322,347,api_da_plataforma_ficticia,2026-09-01T08:00:00-03:00
P002978,CR0087,creator_ficticio_087,YouTube,2026-06-21T01:04:00-03:00,imagem,False,,,2202,126,9,14,api_da_plataforma_ficticia,2026-09-01T08:00:00-03:00
P002979,CR0046,creator_ficticio_046,TikTok,2026-07-22T19:26:00-03:00,imagem,False,,,11240,255,27,28,api_da_plataforma_ficticia,2026-09-01T08:00:00-03:00
P002980,CR0098,creator_ficticio_098,YouTube,2026-06-14T03:20:00-03:00,video,False,,,2230,113,9,10,api_da_plataforma_ficticia,2026-09-01T08:00:00-03:00
P002981,CR0092,creator_ficticio_092,Instagram,2026-08-02T21:25:00-03:00,carrossel,False,,,903,30,3,2,api_da_plataforma_ficticia,2026-09-01T08:00:00-03:00
P002982,CR0076,creator_ficticio_076,YouTube,2026-08-04T07:11:00-03:00,video,False,,,49,4,2,1,api_da_plataforma_ficticia,2026-09-01T08:00:00-03:00
P002983,CR0066,creator_ficticio_066,Instagram,2026-08-11T17:43:00-03:00,imagem,False,,,757,66,6,7,api_da_plataforma_ficticia,2026-09-01T08:00:00-03:00
P002984,CR0100,creator_ficticio_100,YouTube,2026-08-20T22:03:00-03:00,video,True,CRM-00024,500.0,266,27,4,1,api_da_plataforma_ficticia,2026-09-01T08:00:00-03:00
P002985,CR0149,creator_ficticio_149,Instagram,2026-07-24T04:29:00-03:00,imagem,False,,,2353,74,3,6,api_da_plataforma_ficticia,2026-09-01T08:00:00-03:00
P002986,CR0048,creator_ficticio_048,Instagram,2026-07-25T16:30:00-03:00,carrossel,False,,,132713,2422,315,283,api_da_plataforma_ficticia,2026-09-01T08:00:00-03:00
P002987,CR0013,creator_ficticio_013,Instagram,2026-08-27T10:06:00-03:00,imagem,False,,,62175,938,127,109,api_da_plataforma_ficticia,2026-09-01T08:00:00-03:00
P002988,CR0134,creator_ficticio_134,Instagram,2026-06-09T04:19:00-03:00,imagem,False,,,1607,41,5,8,api_da_plataforma_ficticia,2026-09-01T08:00:00-03:00
P002989,CR0147,creator_ficticio_147,Instagram,2026-08-21T11:03:00-03:00,carrossel,False,,,2987,62,3,5,api_da_plataforma_ficticia,2026-09-01T08:00:00-03:00
P002990,CR0136,creator_ficticio_136,Instagram,2026-07-19T19:04:00-03:00,video,False,,,50060,2995,352,379,api_da_plataforma_ficticia,2026-09-01T08:00:00-03:00
P002991,CR0104,creator_ficticio_104,TikTok,2026-06-30T00:32:00-03:00,carrossel,False,,,29540,1349,166,163,api_da_plataforma_ficticia,2026-09-01T08:00:00-03:00
P002992,CR0081,creator_ficticio_081,YouTube,2026-07-07T00:40:00-03:00,carrossel,True,CRM-00015,15000.0,11262,393,54,46,api_da_plataforma_ficticia,2026-09-01T08:00:00-03:00
P002993,CR0149,creator_ficticio_149,TikTok,2026-08-04T02:01:00-03:00,video,False,,,36751,5288,697,666,api_da_plataforma_ficticia,2026-09-01T08:00:00-03:00
P002994,CR0078,creator_ficticio_078,Instagram,2026-07-22T17:02:00-03:00,imagem,True,CRM-00010,15000.0,46072,687,94,84,api_da_plataforma_ficticia,2026-09-01T08:00:00-03:00
P002995,CR0027,creator_ficticio_027,YouTube,2026-07-04T20:30:00-03:00,video,False,,,10553,1045,106,131,api_da_plataforma_ficticia,2026-09-01T08:00:00-03:00
P002996,CR0071,creator_ficticio_071,TikTok,2026-07-22T05:03:00-03:00,imagem,True,CRM-00018,3000.0,3192,72,6,11,api_da_plataforma_ficticia,2026-09-01T08:00:00-03:00
P002997,CR0044,creator_ficticio_044,Instagram,2026-07-22T15:10:00-03:00,video,True,CRM-00026,3000.0,5823,315,29,30,api_da_plataforma_ficticia,2026-09-01T08:00:00-03:00
P002998,CR0015,creator_ficticio_015,TikTok,2026-06-01T04:15:00-03:00,video,False,,,4877,253,37,34,api_da_plataforma_ficticia,2026-09-01T08:00:00-03:00
P002999,CR0017,creator_ficticio_017,Instagram,2026-06-28T06:43:00-03:00,carrossel,False,,,4069,217,23,32,api_da_plataforma_ficticia,2026-09-01T08:00:00-03:00
